order_id,order_date,customer_id,customer_name,age,gender,region,city,product_category,product_name,quantity,unit_price,discount_pct,sales_amount,profit,shipping_cost,payment_method,customer_satisfaction,return_flag,order_status,days_to_ship
ORD-03903,2024-08-15,CUST32603,Aarav Mehta,39,Other,Central,Raipur,Groceries,Sugar,8,346.32,0.0,2770.56,289.18,56.04,Debit Card,3,True,Returned,7
ORD-02198,2022-08-16,CUST07881,Sanjay Verma,28,Male,West,Mumbai,Beauty,Sunscreen,8,858.66,0.08,6319.7376,5355.56,64.49,Debit Card,5,False,Delivered,2
ORD-01348,2021-08-29,CUST49296,Pooja Sharma,41,Other,West,Surat,Furniture,Sofa,4,25941.32,0.14,89238.1408,36956.51,67.65,Debit Card,4,False,Delivered,5
ORD-02076,2022-07-05,CUST05587,Priya Reddy,29,Other,West,Ahmedabad,Furniture,Bed Frame,9,22071.92,0.17,164877.24239999996,66644.99,54.47,Emi,3,False,Delivered,4
ORD-00287,2020-05-07,CUST58035,Ritu Sharma,9,Male,Central,Nagpur,Groceries,Cooking Oil,1,320.06,0.31,220.8414,31.38,48.81,Net Banking,4,False,Pending,4
ORD-01412,2021-09-28,CUST02453,Arjun Shah,31,Female,Central,Bhopal,Books,Self-Help Book,3,329.03,0.02,967.3481999999999,375.07,77.34,Credit Card,5,True,Returned,10
ORD-02911,2023-06-10,CUST23285,Aditya Sharma,43,Female,North,Amritsar,Clothing,Saree,1,1356.6,0.01,1343.0339999999999,717.27,82.68,Upi,1,False,Delivered,4
ORD-00465,2020-07-24,CUST23609,Aditya Patel,44,Female,East,Patna,Books,Self-Help Book,8,495.77,0.37,2498.6808,1338.88,84.5,Debit Card,1,False,Cancelled,10
ORD-00105,2020-02-09,CUST75337,Arjun Das,17,Female,East,Patna,Clothing,Kurta,9,2128.77,0.1,17243.037,4173.45,75.33,Upi,3,False,Delivered,8
ORD-00362,2020-06-04,CUST80340,Meera Mishra,51,Other,Central,Raipur,Furniture,Wardrobe,3,24460.8,0.15,62375.03999999999,14762.22,60.11,Upi,1,False,Delivered,8
ORD-01701,2022-01-28,CUST47772,Shreya Bose,14,Female,West,Ahmedabad,Groceries,Dal (1Kg),2,274.81,0.15,467.17699999999996,24.26,46.69,Emi,4,False,Delivered,4
ORD-02270,2022-09-14,CUST31062,Vikram Pillai,15,Other,North,Ludhiana,Beauty,Lipstick,7,111.14,0.37,490.1274,305.65,44.94,Net Banking,4,False,Delivered,9
ORD-03417,2024-01-21,CUST83946,Karan Bose,29,Female,West,Pune,Books,Cook Book,10,1492.28,0.38,9252.135999999999,4336.31,66.67,Debit Card,3,True,Returned,6
ORD-02532,2023-01-04,CUST73360,Deepa Joshi,53,Male,South,Kochi,Clothing,T-Shirt,9,590.14,0.0,5311.26,2277.4,79.19,Emi,1,False,Delivered,4
ORD-03524,2024-03-10,CUST50623,Deepa Mehta,30,Female,South,Kochi,Furniture,Chair,10,12138.87,0.15,103180.395,50995.28,49.93,Emi,3,False,Delivered,1
ORD-01814,2022-03-14,CUST08792,Rahul Gupta,26,Male,South,Bangalore,Clothing,Dress,10,1706.05,0.04,16378.08,6453.4,89.15,Upi,5,False,Delivered,4
ORD-04171,2024-12-17,CUST15084,Nikhil Mishra,43,Male,South,Kochi,Clothing,Jacket,5,3006.52,0.12,13228.688,4837.79,75.97,Credit Card,1,False,Delivered,5
ORD-00049,2020-01-19,CUST43401,Sanjay Bose,21,Other,North,Delhi,Furniture,Sofa,3,34890.63,0.29,74317.04189999998,18067.63,40.97,Net Banking,5,False,Shipped,3
ORD-01978,2022-05-24,CUST43165,Kavya Kumar,15,Other,South,Chennai,Electronics,Headphones,7,48577.53,0.07,316239.7202999999,36816.91,57.45,Emi,2,False,Delivered,4
ORD-00968,2021-03-17,CUST41573,Sanjay Mishra,35,Female,South,Kochi,Sports,Dumbbells,8,7643.4,0.09,55643.952,10099.62,65.76,Credit Card,3,False,Delivered,8
ORD-02727,2023-03-28,CUST68233,Rahul Joshi,22,Female,Central,Nagpur,Books,Comic Book,6,1467.54,0.29,6251.720399999999,3606.99,50.88,Upi,3,False,Delivered,4
ORD-02986,2023-07-17,CUST62795,Arjun Chatterjee,30,Male,South,Bangalore,Books,Self-Help Book,0,478.05,0.02,0.0,290.9,63.7,Cash On Delivery,2,False,Delivered,7
ORD-04158,2024-12-10,CUST75042,Pooja Verma,44,Female,Central,Nagpur,Books,Self-Help Book,7,612.7,0.22,3345.3420000000006,991.03,55.8,Credit Card,5,False,Delivered,4
ORD-01473,2021-10-25,CUST33809,Sanjay Reddy,31,Other,West,Surat,Groceries,Cooking Oil,2,233.12,0.28,335.6928,21.37,57.3,Cash On Delivery,3,False,Delivered,7
ORD-03795,2024-07-07,CUST28954,Nikhil Bose,35,Female,Central,Bhopal,Clothing,T-Shirt,2,735.25,0.03,1426.385,795.65,74.95,Upi,5,False,Delivered,8
ORD-01275,2021-07-28,CUST94413,Rahul Gupta,35,Male,Central,Indore,Electronics,Laptop,9,63147.82,0.14,488764.12679999997,86070.79,60.5,Cash On Delivery,4,True,Returned,3
ORD-00412,2020-07-01,CUST88814,Rahul Kapoor,51,Other,West,Ahmedabad,Books,Comic Book,8,635.66,0.34,3356.2847999999994,1269.07,67.01,Cash On Delivery,1,False,Delivered,3
ORD-01848,2022-03-29,CUST43339,Arjun Pillai,28,Male,South,Kochi,Sports,Cricket Bat,7,6478.95,0.22,35375.067,8443.99,69.59,Emi,1,False,Delivered,2
ORD-02684,2023-03-10,CUST32875,Kavya Patel,41,Male,South,Kochi,Beauty,Hair Oil,3,1290.21,0.12,3406.1544,1777.76,64.97,Cash On Delivery,3,False,Delivered,5
ORD-00936,2021-02-27,CUST82575,Kavya Pillai,29,Female,Central,Nagpur,Furniture,Bookshelf,1,33537.06,0.25,25152.795,5814.79,56.47,Debit Card,4,False,Delivered,2
ORD-03422,2024-01-23,CUST58923,Deepa Pillai,20,Male,East,Guwahati,Electronics,Headphones,3,64874.09,0.02,190729.8246,20320.94,79.56,Upi,1,False,Delivered,7
ORD-01505,2021-11-06,CUST41623,Vikram Pillai,65,Other,North,Chandigarh,Books,Comic Book,4,1350.95,0.21,4269.002,1854.28,44.83,Credit Card,3,False,Delivered,2
ORD-04045,2024-10-22,CUST10094,Rahul Sharma,26,Other,North,Amritsar,Electronics,Camera,3,68799.42,0.07,191950.3818,36091.77,48.01,Upi,1,False,Delivered,7
ORD-02565,2023-01-17,CUST71120,Ritu Nair,35,Male,North,Amritsar,Furniture,Sofa,3,31242.32,0.01,92789.69039999999,27403.47,52.73,Debit Card,3,True,Returned,4
ORD-02031,2022-06-14,CUST13864,Amit Kumar,30,Other,Central,Bhopal,Books,Comic Book,0,1431.29,0.04,0.0,819.7,70.38,Credit Card,5,True,Returned,8
ORD-03773,2024-06-30,CUST34644,Ananya Patel,27,Male,South,Bangalore,Clothing,Jeans,3,1621.83,0.4,2919.294,1799.06,67.23,Credit Card,2,False,Delivered,4
ORD-00025,2020-01-10,CUST91373,Karan Iyer,52,Female,West,Mumbai,Books,Cook Book,10,324.41,0.32,2205.988,903.99,48.24,Upi,3,False,Delivered,4
ORD-02868,2023-05-31,CUST17518,Sanjay Shah,42,Female,Central,Indore,Furniture,Wardrobe,6,20242.36,0.04,116595.9936,59116.34,83.75,Credit Card,2,False,Delivered,9
ORD-01993,2022-05-30,CUST20457,Vikram Kumar,40,Other,North,Ludhiana,Sports,Tennis Racket,9,14422.23,0.21,102542.05529999999,40739.98,58.92,Emi,5,False,Delivered,1
ORD-00415,2020-07-01,CUST39948,Nikhil Kapoor,34,Female,North,Chandigarh,Furniture,Desk,2,33115.91,0.28,47686.9104,13232.77,39.83,Emi,5,False,Delivered,1
ORD-02867,2023-05-31,CUST70575,Aditya Reddy,49,Female,North,Amritsar,Sports,Cricket Bat,8,3917.74,0.27,22879.601599999998,11271.87,60.71,Cash On Delivery,3,False,Delivered,8
ORD-00757,2020-12-09,CUST29818,Meera Gupta,34,Female,South,Kochi,Furniture,Bookshelf,4,11267.5,0.2,36056.0,7321.53,70.73,Upi,4,False,Delivered,1
ORD-03357,2023-12-23,CUST53286,Kavya Verma,34,Male,East,Patna,Beauty,Face Cream,5,2497.1,0.37,7865.865,2649.2,61.27,Cash On Delivery,1,False,Shipped,5
ORD-02282,2022-09-18,CUST94046,Ananya Nair,38,Other,Central,Raipur,Electronics,Camera,5,11463.02,0.34,37827.966,3355.55,36.32,Cash On Delivery,5,False,Delivered,10
ORD-00707,2020-11-16,CUST43806,Nikhil Reddy,36,Female,North,Ludhiana,Clothing,Jeans,2,1557.26,0.13,2709.6324,840.29,50.66,Emi,2,False,Delivered,10
ORD-01870,2022-04-05,CUST73941,Aditya Mehta,48,Male,East,Bhubaneswar,Groceries,Cooking Oil,2,393.55,0.02,771.3580000000001,87.14,87.03,Debit Card,1,False,Delivered,1
ORD-01047,2021-04-20,CUST61067,Meera Chatterjee,34,Female,North,Ludhiana,Sports,Football,5,8244.31,0.12,36274.964,13744.26,51.59,Cash On Delivery,1,False,Delivered,4
ORD-01968,2022-05-20,CUST46310,Sanjay Kapoor,28,Male,East,Guwahati,Books,Comic Book,5,1063.62,0.16,4467.204,2963.48,62.28,Upi,3,False,Delivered,5
ORD-03033,2023-08-05,CUST52453,Vikram Shah,34,Other,North,Amritsar,Groceries,Sugar,7,315.62,0.28,1590.7248,104.43,72.63,Credit Card,5,False,Delivered,7
ORD-02831,2023-05-17,CUST55922,Aditya Pillai,51,Female,West,Ahmedabad,Beauty,Lipstick,1,697.15,0.18,571.663,335.66,48.84,Debit Card,3,False,Pending,10
ORD-00489,2020-08-03,CUST85726,Ritu Verma,34,Male,Central,Raipur,Electronics,Tablet,2,52363.15,0.25,78544.725,14474.33,45.26,Net Banking,2,False,Pending,9
ORD-00364,2020-06-04,CUST12024,Shreya Kumar,37,Male,West,Surat,Sports,Football,3,2684.91,0.15,6846.5205,2543.29,67.28,Net Banking,2,False,Delivered,9
ORD-03081,2023-08-22,CUST01739,Rohan Nair,42,Female,North,Amritsar,Books,Fiction Novel,4,889.6,0.36,2277.376,1076.91,58.16,Credit Card,3,True,Returned,3
ORD-00357,2020-06-02,CUST75375,Priya Joshi,41,Female,Central,Nagpur,Clothing,Jeans,2,1548.43,0.38,1920.0532,866.5,49.01,Emi,1,False,Delivered,45
ORD-03752,2024-06-22,CUST35687,Deepa Nair,42,Other,West,Surat,Books,Comic Book,1,787.78,0.15,669.6129999999999,520.99,47.1,Credit Card,2,False,Delivered,9
ORD-00117,2020-02-12,CUST33188,Sanjay Joshi,48,Female,South,Kochi,Sports,Cycle,3,6047.51,0.08,16691.1276,2741.49,36.15,Debit Card,4,False,Delivered,3
ORD-01273,2021-07-28,CUST00699,Shreya Nair,51,Female,West,Pune,Books,Textbook,0,1490.57,0.13,0.0,922.64,65.57,Emi,1,False,Delivered,7
ORD-01912,2022-04-25,CUST02114,Ananya Verma,34,Male,South,Chennai,Clothing,T-Shirt,2,1244.43,0.23,1916.4222000000002,1061.94,75.05,Net Banking,5,False,Delivered,2
ORD-02247,2022-09-07,CUST68290,Karan Kapoor,38,Other,North,Chandigarh,Furniture,Chair,2,22082.21,0.0,44164.42,9844.24,70.14,Debit Card,1,False,Pending,7
ORD-00966,2021-03-17,CUST15832,Aarav Pillai,22,Other,East,Kolkata,Electronics,Laptop,4,11157.11,0.38,27669.632800000003,3797.24,55.14,Credit Card,1,True,Returned,8
ORD-00879,2021-02-02,CUST52790,Deepa Pillai,17,Other,East,Kolkata,Books,Comic Book,7,914.96,0.36,4099.0208,1423.3,77.84,Upi,3,False,Delivered,5
ORD-01339,2021-08-24,CUST94587,Aditya Gupta,32,Male,North,Chandigarh,Clothing,Jacket,5,1008.19,0.27,3679.8935000000006,1377.84,53.22,Upi,1,False,Delivered,4
ORD-03248,2023-11-04,CUST43818,Arjun Bhat,30,Male,South,Kochi,Clothing,Saree,7,2102.17,0.13,12802.2153,3358.13,62.02,Net Banking,3,False,Shipped,8
ORD-00099,2020-02-08,CUST15599,Karan Shah,33,Other,West,Pune,Furniture,Chair,9,22687.65,0.33,136806.52949999998,33050.92,45.04,Net Banking,3,False,Delivered,2
ORD-00849,2021-01-21,CUST59483,Nisha Shah,26,Other,North,Ludhiana,Electronics,Smartwatch,10,57148.46,0.06,537195.524,48368.13,33.07,Emi,1,True,Returned,6
ORD-02850,2023-05-26,CUST30753,Deepa Chatterjee,28,Male,North,Chandigarh,Furniture,Bookshelf,0,5493.74,0.2,0.0,1809.32,49.0,Credit Card,1,False,Delivered,5
ORD-03177,2023-10-05,CUST99258,Ananya Joshi,45,Other,Central,Raipur,Furniture,Sofa,2,7616.64,0.34,10053.9648,3661.21,29.23,Net Banking,4,False,Delivered,1
ORD-02058,2022-06-27,CUST44617,Nikhil Reddy,21,Other,South,Bangalore,Furniture,Desk,8,3549.62,0.22,22149.6288,10062.41,77.82,Emi,5,True,Returned,5
ORD-03092,2023-08-29,CUST21970,Rahul Verma,34,Other,East,Bhubaneswar,Electronics,Headphones,3,15632.25,0.34,30951.854999999996,4132.26,65.5,Upi,5,False,Delivered,1
ORD-02241,2022-09-04,CUST64655,Kavya Patel,21,Female,East,Guwahati,Electronics,Headphones,4,41499.34,0.0,165997.36,19809.16,73.44,Debit Card,4,False,Shipped,1
ORD-01278,2021-07-31,CUST65126,Arjun Mishra,48,Other,East,Bhubaneswar,Clothing,Kurta,0,3288.5,0.01,0.0,1513.25,103.27,Cash On Delivery,3,False,Delivered,4
ORD-03281,2023-11-17,CUST21469,Shreya Nair,43,Other,North,Amritsar,Sports,Football,4,3010.43,0.27,8790.4556,1584.03,51.24,Cash On Delivery,3,False,Delivered,6
ORD-00011,2020-01-03,CUST64950,Nisha Mehta,23,Female,South,Hyderabad,Furniture,Sofa,8,22523.15,0.34,118922.23199999999,29818.97,65.72,Emi,2,False,Delivered,5
ORD-00058,2020-01-22,CUST60127,Ritu Kapoor,16,Other,South,Bangalore,Books,Textbook,4,363.32,0.07,1351.5503999999999,410.28,89.93,Emi,5,False,Shipped,5
ORD-02876,2023-06-02,CUST23195,Aditya Sharma,34,F,West,Surat,Furniture,Wardrobe,3,31229.73,0.32,63708.64919999999,34252.99,53.79,Emi,5,False,Pending,3
ORD-02210,2022-08-21,CUST53700,Ananya Shah,49,Female,South,Chennai,Furniture,Chair,3,25395.64,0.3,53330.844,28762.52,86.28,Upi,4,False,Delivered,5
ORD-01057,2021-04-22,CUST83911,Aditya Das,27,Male,North,Chandigarh,Groceries,Dal (1Kg),3,457.68,0.26,1016.0495999999999,84.35,72.86,Cash On Delivery,3,False,Delivered,2
ORD-02900,2023-06-07,CUST23268,Deepa Das,31,Female,South,Chennai,Books,Self-Help Book,1,715.84,0.24,544.0384,470.99,59.5,Credit Card,2,False,Delivered,4
ORD-04048,2024-10-23,CUST20477,Sanjay Verma,34,Female,East,Guwahati,Sports,Football,4,9803.0,0.33,26272.039999999997,6215.4,88.57,Upi,4,False,Cancelled,6
ORD-00402,2020-06-21,CUST55018,Vikram Nair,37,Other,South,Chennai,Electronics,Headphones,5,28892.57,0.07,134350.4505,25286.68,84.72,Debit Card,5,False,Delivered,6
ORD-01747,2022-02-14,CUST14531,Meera Gupta,27,Male,North,Ludhiana,Furniture,Wardrobe,9,14001.85,0.05,119715.8175,40660.47,55.44,Upi,1,True,Returned,1
ORD-00593,2020-09-22,CUST21963,Priya Bhat,38,Other,Central,Bhopal,Furniture,Wardrobe,8,30292.85,0.29,172063.38799999998,45465.04,51.64,Emi,3,False,Delivered,5
ORD-04017,2024-10-03,CUST02198,Meera Singh,34,Male,East,Kolkata,Sports,Tennis Racket,2,2854.89,0.06,5367.1932,1203.75,86.84,Upi,3,False,Delivered,9
ORD-02956,2023-07-04,CUST64061,Rohan Pillai,10,Other,South,Chennai,Clothing,T-Shirt,9,1340.2,0.38,7478.316000000001,3852.39,105.03,Cash On Delivery,3,False,Cancelled,4
ORD-00634,2020-10-11,CUST01277,Sanjay Iyer,22,Female,West,Surat,Furniture,Bookshelf,7,34455.92,0.28,173657.8368,39164.43,54.2,Debit Card,3,False,Delivered,7
ORD-03084,2023-08-25,CUST97761,Rahul Verma,25,Female,East,Bhubaneswar,Books,Self-Help Book,10,755.47,0.04,7252.512000000001,4011.83,94.06,Credit Card,3,False,Cancelled,5
ORD-01699,2022-01-28,CUST22943,Nisha Shah,42,Male,North,Amritsar,Sports,Tennis Racket,10,6054.48,0.06,56912.111999999994,9832.73,59.24,Credit Card,1,True,Returned,6
ORD-01353,2021-09-01,CUST45393,Shreya Reddy,42,Male,South,Hyderabad,Furniture,Desk,10,8753.12,0.28,63022.46400000001,17930.25,87.75,Emi,5,False,Delivered,8
ORD-02391,2022-11-01,CUST63245,Ananya Verma,29,Male,Central,Indore,Books,Textbook,4,1320.32,0.01,5228.4672,950.65,39.09,Debit Card,3,False,Delivered,5
ORD-03692,2024-05-22,CUST93738,Rohan Gupta,34,Male,North,Delhi,Groceries,Dal (1Kg),5,309.97,0.04,1487.856,214.05,37.34,Cash On Delivery,5,False,Shipped,4
ORD-01385,2021-09-18,CUST85642,Priya Singh,42,Other,East,Kolkata,Sports,Cricket Bat,8,12223.45,0.4,58672.560000000005,10563.05,68.51,Net Banking,4,False,Delivered,7
ORD-02434,2022-11-20,CUST85190,Nikhil Patel,45,Other,West,Surat,Electronics,Tablet,4,73017.83,0.22,227815.62960000001,23288.67,32.14,Credit Card,3,False,Delivered,8
ORD-00158,2020-03-07,CUST56042,Deepa Rao,35,Female,East,Bhubaneswar,Furniture,Desk,8,25624.31,0.12,180395.1424,45753.79,65.63,Credit Card,1,False,Delivered,3
ORD-00857,2021-01-25,CUST59535,Vikram Gupta,49,Male,Central,Nagpur,Beauty,Hair Oil,4,521.44,0.14,1793.7536000000002,492.45,50.42,Upi,1,False,Pending,10
ORD-03406,2024-01-15,CUST62905,Vikram Iyer,41,Other,Central,Raipur,Clothing,Saree,6,3871.22,0.33,15562.304399999997,5072.13,43.12,Debit Card,4,False,Delivered,3
ORD-02843,2023-05-24,CUST04791,Rahul Verma,24,Other,West,Mumbai,Books,Self-Help Book,8,579.77,0.36,2968.4224,2230.94,42.6,Debit Card,3,False,Delivered,7
ORD-01087,2021-05-06,CUST29357,Meera Nair,33,Other,West,Pune,Books,Textbook,7,1042.98,0.3,5110.602,2589.16,61.15,Debit Card,2,True,Returned,4
ORD-00943,2021-03-02,CUST48937,Nisha Iyer,14,Female,Central,Indore,Clothing,Jeans,3,3314.25,0.1,8948.475,3783.0,52.17,Upi,3,False,Shipped,8
ORD-03731,2024-06-15,CUST46976,Nikhil Sharma,11,Male,East,Patna,Electronics,Tablet,3,48747.69,0.29,103832.5797,22319.7,42.24,Net Banking,5,False,Delivered,6
ORD-02485,2022-12-14,CUST69585,Sunita Joshi,12,Male,West,Ahmedabad,Books,Cook Book,9,1471.74,0.05,12583.376999999999,5411.76,50.89,Cash On Delivery,4,False,Delivered,7
ORD-02773,2023-04-16,CUST69945,Rahul Das,36,Male,West,Surat,Electronics,Laptop,8,27632.84,0.08,203377.7024,33436.12,20.29,Net Banking,3,False,Delivered,7
ORD-01093,2021-05-08,CUST80149,Pooja Mishra,37,Other,West,Mumbai,Sports,Cycle,7,11542.97,0.16,67872.66359999999,24424.83,53.27,Emi,1,True,Returned,7
ORD-03804,2024-07-12,CUST42902,Rahul Kumar,50,Other,South,Hyderabad,Groceries,Sugar,0,84.21,0.13,0.0,8.9,47.91,Cash On Delivery,4,False,Delivered,2
ORD-02873,2023-06-01,CUST07917,Nikhil Nair,34,Male,East,Guwahati,Sports,Football,6,5611.57,0.2,26935.536,6107.6,97.42,Credit Card,5,False,Delivered,2
ORD-03342,2023-12-16,CUST26677,Rahul Chatterjee,45,Female,Central,Raipur,Groceries,Tea,9,312.53,0.35,1828.3004999999998,155.73,48.28,Cash On Delivery,4,False,Shipped,5
ORD-04177,2024-12-21,CUST44560,Amit Verma,49,Female,South,Bangalore,Sports,Dumbbells,2,13057.02,0.35,16974.126,3578.76,69.31,Credit Card,5,False,Delivered,10
ORD-02805,2023-05-01,CUST85937,Deepa Verma,31,Male,South,Hyderabad,Clothing,Saree,7,3482.32,0.35,15844.556000000002,8716.81,68.92,Upi,4,False,Delivered,7
ORD-00918,2021-02-17,CUST67405,Meera Pillai,48,Male,Central,Indore,Sports,Cycle,3,11359.59,0.01,33737.9823,7374.96,41.65,Debit Card,1,False,Delivered,8
ORD-00759,2020-12-10,CUST23197,Amit Patel,28,Other,Central,Nagpur,Sports,Tennis Racket,5,5242.77,0.31,18087.5565,2992.91,74.58,Emi,1,True,Returned,5
ORD-00086,2020-02-03,CUST63884,Amit Das,29,Female,West,Ahmedabad,Furniture,Chair,10,9468.07,0.32,64382.87599999999,15202.22,40.98,Emi,3,False,Delivered,2
ORD-00793,2020-12-28,CUST49838,Sunita Gupta,37,Other,South,Bangalore,Groceries,Flour,8,491.76,0.08,3619.3536,223.65,61.84,Upi,2,False,Delivered,4
ORD-01894,2022-04-16,CUST28783,Rohan Shah,42,Male,East,Bhubaneswar,Beauty,Perfume,7,2235.02,0.37,9856.4382,7295.66,68.83,Upi,1,True,Returned,8
ORD-04109,2024-11-20,CUST36614,Shreya Pillai,27,Other,East,Guwahati,Books,Comic Book,9,1324.57,0.38,7391.1006,2086.59,82.14,Upi,4,False,Delivered,4
ORD-02963,2023-07-07,CUST21979,Sanjay Singh,54,Male,North,Chandigarh,Sports,Cricket Bat,1,9949.47,0.06,9352.501799999998,3908.34,42.57,Upi,3,False,Delivered,5
ORD-02212,2022-08-23,CUST44717,Meera Chatterjee,34,Male,East,Kolkata,Electronics,Headphones,6,45624.04,0.24,208045.6224,23542.83,97.97,Upi,4,False,Delivered,7
ORD-02836,2023-05-19,CUST76017,Arjun Chatterjee,37,Female,Central,Bhopal,Furniture,Bookshelf,10,7630.7,0.21,60282.530000000006,21558.18,46.42,Cash On Delivery,5,False,Cancelled,8
ORD-00409,2020-06-27,CUST97162,Sanjay Mehta,46,Female,East,Bhubaneswar,Sports,Cricket Bat,1,4889.3,0.16,4107.012,1406.77,63.96,Net Banking,1,False,Delivered,6
ORD-00528,2020-08-21,CUST94563,Amit Das,56,Male,East,Bhubaneswar,Clothing,Dress,5,2614.79,0.12,11505.076000000001,2796.07,55.45,Credit Card,4,True,Returned,9
ORD-00268,2020-04-27,CUST64785,Sunita Reddy,32,Female,West,Mumbai,Books,Cook Book,7,257.18,0.29,1278.1845999999998,604.81,60.36,Credit Card,1,False,Cancelled,5
ORD-02778,2023-04-17,CUST21931,Kavya Mehta,34,Female,West,Surat,Books,Textbook,8,337.73,0.38,1675.1408000000001,1142.99,48.99,Cash On Delivery,5,True,Returned,6
ORD-00948,2021-03-05,CUST85939,Nikhil Patel,47,Female,North,Amritsar,Furniture,Chair,6,29194.28,0.36,112106.0352,54404.2,64.14,Credit Card,3,False,Delivered,9
ORD-03678,2024-05-16,CUST45890,Ritu Patel,16,Male,West,Mumbai,Electronics,Camera,4,20489.54,0.01,81138.5784,22669.85,73.53,Cash On Delivery,1,False,Pending,4
ORD-01310,2021-08-11,CUST84751,Vikram Kumar,14,Male,South,Kochi,Sports,Yoga Mat,2,11904.59,0.18,19523.5276,6649.59,66.45,Emi,5,False,Delivered,2
ORD-00672,2020-10-31,CUST71562,Rahul Bhat,35,F,West,Ahmedabad,Electronics,Camera,5,49817.06,0.28,179341.416,16722.18,42.95,Upi,3,False,Pending,3
ORD-04060,2024-10-26,CUST99521,Kavya Pillai,42,Other,West,Ahmedabad,Furniture,Sofa,4,10887.68,0.14,37453.6192,14349.22,57.18,Emi,3,False,Delivered,6
ORD-01996,2022-06-01,CUST48253,Meera Kumar,36,Male,North,Chandigarh,Clothing,Saree,5,451.03,0.19,1826.6715,1165.89,23.32,Net Banking,5,False,Delivered,10
ORD-01584,2021-12-09,CUST51398,Karan Bose,36,F,North,Delhi,Books,Self-Help Book,3,586.88,0.33,1179.6287999999997,373.51,36.45,Emi,4,False,Delivered,1
ORD-01026,2021-04-09,CUST78889,Nikhil Joshi,24,Other,South,Chennai,Sports,Football,10,6806.6,0.36,43562.24,7458.02,66.29,Credit Card,5,False,Delivered,7
ORD-03309,2023-12-01,CUST44030,Aditya Iyer,34,M,West,Mumbai,Clothing,Jeans,3,3608.42,0.29,7685.9346,1997.74,54.98,Cash On Delivery,5,False,Delivered,9
ORD-01973,2022-05-22,CUST45923,Ananya Rao,22,Male,West,Ahmedabad,Electronics,Headphones,2,72469.02,0.38,89861.58480000001,12280.09,49.21,Net Banking,4,False,Cancelled,1
ORD-03390,2024-01-06,CUST51656,Kavya Singh,20,Other,West,Pune,Electronics,Laptop,3,42514.99,0.06,119892.27179999999,13533.76,59.07,Emi,5,False,Cancelled,5
ORD-00540,2020-08-26,CUST59198,Priya Das,29,Other,East,Patna,Beauty,Face Cream,0,1644.33,0.31,0.0,470.96,68.12,Cash On Delivery,5,True,Returned,2
ORD-01905,2022-04-21,CUST28422,Ananya Nair,35,Female,West,Pune,Books,Cook Book,5,540.77,0.28,1946.772,1625.95,54.23,Emi,5,False,Delivered,7
ORD-00422,2020-07-06,CUST44523,Priya Sharma,35,Other,South,Bangalore,Clothing,Jacket,2,539.35,0.23,830.599,289.25,64.96,Cash On Delivery,5,False,Delivered,8
ORD-03365,2023-12-29,CUST03410,Sunita Das,34,Female,East,Patna,Electronics,Smartphone,9,30674.09,0.39,168400.7541,15597.31,76.43,Cash On Delivery,3,False,Delivered,2
ORD-02069,2022-07-02,CUST03769,Sunita Mishra,32,Female,South,Kochi,Clothing,Saree,8,3278.48,0.0,26227.84,15719.62,80.96,Credit Card,3,False,Delivered,1
ORD-02723,2023-03-27,CUST08867,Nisha Kapoor,12,Other,Central,Raipur,Electronics,Tablet,2,69342.57,0.08,127590.32880000002,18946.95,47.74,Net Banking,2,False,Delivered,6
ORD-00073,2020-01-28,CUST44662,Ananya Nair,34,M,North,Delhi,Sports,Dumbbells,4,12945.28,0.13,45049.574400000005,7042.29,65.38,Credit Card,5,False,Delivered,4
ORD-02497,2022-12-19,CUST57740,Sunita Verma,19,Male,East,Kolkata,Furniture,Bookshelf,5,29767.34,0.16,125022.82800000001,24089.4,72.23,Cash On Delivery,3,False,Cancelled,6
ORD-03163,2023-10-01,CUST87976,Amit Singh,29,Male,North,Chandigarh,Sports,Cricket Bat,3,14810.59,0.08,40877.22840000001,10260.62,65.69,Cash On Delivery,3,False,Delivered,5
ORD-03997,2024-09-22,CUST57164,Karan Reddy,36,Male,East,Bhubaneswar,Beauty,Sunscreen,4,2333.1,0.22,7279.272,4828.37,72.08,Upi,3,True,Returned,10
ORD-02268,2022-09-14,CUST89600,Aarav Joshi,51,Male,South,Chennai,Sports,Football,2,13833.36,0.06,26006.7168,8534.61,40.57,Net Banking,3,False,Delivered,8
ORD-01535,2021-11-19,CUST92130,Sunita Shah,34,Other,Central,Nagpur,Furniture,Chair,5,9804.75,0.09,44611.6125,8077.49,70.12,Upi,1,False,Delivered,5
ORD-02522,2022-12-31,CUST79852,Nisha Kapoor,26,Male,West,Pune,Books,Textbook,3,1379.58,0.06,3890.4155999999994,976.28,64.67,Net Banking,4,False,Shipped,4
ORD-02356,2022-10-16,CUST40158,Kavya Pillai,36,Male,South,Chennai,Furniture,Chair,8,33543.43,0.22,209311.0032,59861.82,56.8,Emi,2,False,Delivered,8
ORD-03607,2024-04-19,CUST69333,Pooja Iyer,31,Female,South,Bangalore,Beauty,Perfume,6,1423.12,0.11,7599.4608,4315.91,75.2,Cash On Delivery,4,True,Returned,4
ORD-01868,2022-04-04,CUST05359,Aditya Mehta,26,Female,East,Kolkata,Electronics,Camera,8,64439.74,0.23,396948.79839999997,80671.01,103.41,Debit Card,1,False,Delivered,3
ORD-00888,2021-02-04,CUST27547,Shreya Gupta,49,Male,South,Chennai,Electronics,Smartwatch,10,72812.39,0.29,516967.969,94437.03,76.77,Net Banking,2,True,Returned,10
ORD-01208,2021-06-29,CUST72453,Arjun Joshi,31,Male,South,Hyderabad,Furniture,Chair,6,3208.32,0.25,14437.440000000002,5146.1,81.25,Upi,4,False,Pending,0
ORD-02771,2023-04-14,CUST00213,Ritu Reddy,47,Male,East,Kolkata,Beauty,Sunscreen,8,415.72,0.01,3292.5024000000003,1796.21,54.55,Emi,3,False,Delivered,5
ORD-00591,2020-09-21,CUST49777,Pooja Shah,33,Female,South,Hyderabad,Groceries,Tea,1,389.24,0.23,299.7148,22.71,66.8,Net Banking,5,False,Delivered,10
ORD-03777,2024-07-01,CUST77207,Sanjay Joshi,25,Female,North,Ludhiana,Books,Self-Help Book,0,1486.09,0.11,0.0,719.18,43.92,Cash On Delivery,1,False,Delivered,1
ORD-03456,2024-02-08,CUST58295,Sunita Iyer,38,Male,East,Kolkata,Electronics,Smartwatch,4,15346.11,0.06,57701.3736,9998.89,93.55,Cash On Delivery,2,False,Delivered,6
ORD-03788,2024-07-04,CUST59409,Sanjay Rao,49,Male,Central,Raipur,Books,Biography,8,1499.77,0.37,7558.8408,4863.95,68.32,Upi,5,False,Delivered,6
ORD-01031,2021-04-11,CUST25835,Pooja Shah,26,M,South,Bangalore,Books,Fiction Novel,9,816.35,0.12,6465.492,3255.0,81.14,Upi,5,True,Returned,3
ORD-03149,2023-09-27,CUST52921,Vikram Nair,18,Female,East,Patna,Clothing,Dress,10,2309.23,0.02,22630.453999999998,8270.8,94.75,Cash On Delivery,3,False,Delivered,5
ORD-00490,2020-08-04,CUST00642,Kavya Das,40,M,South,Chennai,Furniture,Wardrobe,5,12250.19,0.32,41650.646,11573.16,71.75,Emi,3,False,Delivered,6
ORD-00653,2020-10-20,CUST35559,Ritu Nair,22,Female,Central,Nagpur,Books,Textbook,3,835.42,0.33,1679.1941999999997,458.44,55.32,Cash On Delivery,5,False,Delivered,1
ORD-01457,2021-10-22,CUST96946,Sunita Sharma,53,Other,South,Chennai,Electronics,Headphones,9,62284.37,0.36,358757.9712,40519.72,81.15,Credit Card,3,False,Delivered,8
ORD-03779,2024-07-02,CUST68889,Vikram Chatterjee,56,Other,North,Ludhiana,Books,Fiction Novel,2,493.07,0.4,591.684,466.16,79.96,Net Banking,5,False,Delivered,5
ORD-01596,2021-12-14,CUST72370,Priya Verma,34,Other,North,Delhi,Sports,Dumbbells,2,4486.05,0.0,8972.1,1061.82,70.4,Upi,4,False,Delivered,6
ORD-00928,2021-02-23,CUST88225,Pooja Mishra,37,F,South,Hyderabad,Clothing,Dress,2,2323.11,0.1,4181.598,1138.78,85.32,Net Banking,2,False,Delivered,7
ORD-00710,2020-11-19,CUST57843,Meera Nair,51,Female,East,Bhubaneswar,Books,Fiction Novel,10,331.1,0.39,2019.71,435.14,84.94,Cash On Delivery,5,False,Delivered,7
ORD-03999,2024-09-23,CUST81465,Rohan Pillai,38,Male,Central,Indore,Groceries,Flour,5,195.29,0.16,820.218,81.38,32.28,Credit Card,3,False,Cancelled,5
ORD-01536,2021-11-20,CUST55972,Rohan Kumar,47,Male,West,Surat,Clothing,Kurta,10,1224.47,0.4,7346.820000000001,2019.44,52.99,Debit Card,1,False,Delivered,6
ORD-03376,2023-12-31,CUST86469,Aarav Mehta,43,Other,South,Hyderabad,Beauty,Lipstick,7,1828.2,0.21,10109.946,3919.89,72.63,Credit Card,4,False,Delivered,1
ORD-00542,2020-08-29,CUST19508,Arjun Rao,28,Male,West,Pune,Electronics,Smartwatch,0,9189.44,0.19,0.0,916.95,59.91,Debit Card,4,False,Delivered,5
ORD-00273,2020-05-01,CUST92554,Nisha Joshi,34,Other,West,Pune,Electronics,Laptop,8,74156.48,0.02,581386.8032,58250.48,75.8,Credit Card,5,False,Delivered,2
ORD-03823,2024-07-21,CUST65889,Priya Verma,52,F,Central,Indore,Groceries,Sugar,6,462.8,0.2,2221.44,265.28,81.01,Cash On Delivery,4,False,Delivered,7
ORD-02004,2022-06-03,CUST71669,Nikhil Singh,17,Other,West,Mumbai,Books,Self-Help Book,4,664.43,0.18,2179.3304,858.56,89.26,Net Banking,3,False,Delivered,8
ORD-04015,2024-10-01,CUST50530,Nikhil Patel,36,Male,North,Amritsar,Furniture,Bed Frame,5,16493.24,0.1,74219.58000000002,29222.3,63.55,Cash On Delivery,5,False,Delivered,6
ORD-01540,2021-11-20,CUST28110,Kavya Rao,28,Male,North,Delhi,Clothing,Jeans,9,577.16,0.35,3376.386,896.42,45.41,Upi,3,True,Returned,2
ORD-03094,2023-08-30,CUST98803,Vikram Joshi,42,Male,South,Kochi,Furniture,Bed Frame,6,21712.77,0.14,112037.89319999999,48496.37,62.68,Emi,2,False,Cancelled,9
ORD-03859,2024-08-03,CUST22956,Deepa Chatterjee,32,Other,West,Surat,Beauty,Hair Oil,5,2341.12,0.07,10886.207999999999,7388.44,70.78,Credit Card,3,True,Returned,3
ORD-01861,2022-04-01,CUST08538,Shreya Kapoor,33,Male,West,Surat,Beauty,Lipstick,3,992.1,0.25,2232.2250000000004,1765.61,59.26,Credit Card,3,False,Cancelled,4
ORD-02147,2022-07-31,CUST10089,Vikram Bhat,47,Other,East,Patna,Clothing,Saree,2,3551.33,0.03,6889.580199999999,3804.23,97.74,Net Banking,3,False,Delivered,8
ORD-01640,2021-12-31,CUST78194,Shreya Mishra,58,Male,West,Mumbai,Sports,Yoga Mat,3,726.67,0.34,1438.8065999999997,281.95,34.18,Cash On Delivery,1,False,Shipped,9
ORD-02680,2023-03-06,CUST75386,Rohan Mishra,14,Male,East,Guwahati,Electronics,Headphones,3,65257.11,0.2,156617.064,27495.56,51.41,Upi,1,True,Returned,4
ORD-03902,2024-08-14,CUST28307,Nisha Bhat,48,Other,Central,Indore,Books,Self-Help Book,6,797.16,0.34,3156.7535999999996,1174.59,15.7,Cash On Delivery,4,False,Shipped,2
ORD-03310,2023-12-02,CUST44114,Aditya Mehta,36,Female,North,Ludhiana,Sports,Cricket Bat,0,11000.34,0.04,0.0,1339.4,62.5,Net Banking,1,False,Cancelled,2
ORD-00280,2020-05-03,CUST00544,Sanjay Joshi,26,M,North,Ludhiana,Books,Textbook,10,1346.41,0.24,10232.716,5924.88,55.15,Upi,1,False,Pending,2
ORD-01188,2021-06-18,CUST64503,Vikram Gupta,27,Other,Central,Raipur,Furniture,Wardrobe,5,27399.66,0.38,84938.946,31097.38,50.34,Net Banking,3,False,Delivered,4
ORD-02746,2023-04-03,CUST71887,Nisha Kapoor,30,Other,East,Bhubaneswar,Books,Textbook,10,1221.02,0.17,10134.466,5083.3,86.46,Emi,5,False,Pending,4
ORD-02871,2023-05-31,CUST88518,Aditya Bose,58,Female,South,Hyderabad,Electronics,Headphones,5,26851.1,0.03,130227.83499999999,24902.1,72.55,Upi,2,False,Delivered,2
ORD-03298,2023-11-26,CUST82100,Pooja Kapoor,34,Female,West,Surat,Sports,Football,3,11118.32,0.3,23348.471999999998,4866.53,53.21,Net Banking,4,True,Returned,9
ORD-00693,2020-11-09,CUST90563,Rahul Kumar,31,Male,North,Delhi,Beauty,Hair Oil,10,1973.78,0.07,18356.154,5325.39,34.79,Credit Card,4,False,Delivered,8
ORD-02945,2023-06-30,CUST19434,Aarav Das,28,Other,East,Guwahati,Furniture,Bed Frame,9,12800.64,0.3,80644.03199999999,28867.05,77.17,Cash On Delivery,5,False,Delivered,7
ORD-02931,2023-06-23,CUST81737,Ananya Joshi,36,Other,West,Surat,Beauty,Shampoo,8,1976.85,0.3,11070.359999999999,8544.51,81.44,Debit Card,4,False,Delivered,6
ORD-00530,2020-08-22,CUST91144,Sanjay Iyer,29,Male,East,Patna,Beauty,Lipstick,1,357.7,0.24,271.852,137.45,95.23,Credit Card,3,False,Delivered,1
ORD-01920,2022-04-29,CUST28329,Vikram Sharma,28,Male,West,Mumbai,Groceries,Sugar,10,321.34,0.16,2699.2559999999994,408.89,47.89,Credit Card,1,False,Delivered,9
ORD-04004,2024-09-25,CUST45019,Nikhil Mishra,27,Other,North,Amritsar,Clothing,Dress,1,2472.06,0.23,1903.4862,756.36,57.21,Net Banking,5,False,Delivered,10
ORD-02861,2023-05-29,CUST53780,Meera Joshi,28,Female,North,Chandigarh,Furniture,Bed Frame,4,25915.33,0.11,92258.5748,29427.55,58.32,Debit Card,5,False,Delivered,10
ORD-00403,2020-06-22,CUST52549,Pooja Rao,32,Other,North,Delhi,Clothing,T-Shirt,7,2701.8,0.09,17210.466000000004,8609.23,56.32,Cash On Delivery,5,True,Returned,2
ORD-03172,2023-10-04,CUST73615,Sanjay Gupta,45,Male,West,Surat,Groceries,Dal (1Kg),4,309.85,0.04,1189.824,128.93,73.63,Upi,4,True,Returned,5
ORD-00749,2020-12-06,CUST43010,Priya Gupta,33,Other,Central,Nagpur,Clothing,Dress,8,2574.11,0.12,18121.7344,5629.65,67.94,Credit Card,5,True,Returned,10
ORD-00053,2020-01-21,CUST07190,Deepa Kapoor,33,Other,East,Guwahati,Beauty,Lipstick,9,1931.61,0.35,11299.9185,5257.88,98.73,Net Banking,5,False,Delivered,3
ORD-01418,2021-10-01,CUST26109,Aditya Gupta,52,Male,Central,Raipur,Sports,Cycle,3,13585.06,0.33,27305.970599999997,5488.23,62.01,Emi,5,False,Cancelled,2
ORD-03527,2024-03-11,CUST89020,Meera Patel,11,M,East,Guwahati,Clothing,T-Shirt,2,1543.23,0.26,2283.9804,1291.1,71.02,Upi,5,False,Delivered,6
ORD-02382,2022-10-28,CUST54015,Shreya Rao,48,Female,West,Pune,Sports,Dumbbells,1,14172.12,0.14,12188.0232,2055.13,79.52,Emi,5,False,Delivered,6
ORD-00601,2020-09-25,CUST39660,Priya Pillai,53,Male,South,Kochi,Books,Textbook,7,298.01,0.2,1668.8559999999998,683.51,71.67,Emi,2,True,Returned,2
ORD-00339,2020-05-27,CUST65020,Pooja Bhat,28,Other,West,Pune,Furniture,Wardrobe,10,2690.93,0.35,17491.045000000002,7410.64,43.86,Upi,4,True,Returned,4
ORD-02825,2023-05-12,CUST40911,Ritu Gupta,51,Other,Central,Raipur,Groceries,Rice (5Kg),1,380.33,0.2,304.264,44.82,61.88,Upi,3,False,Delivered,6
ORD-01292,2021-08-06,CUST14859,Vikram Mehta,21,Female,West,Surat,Beauty,Lipstick,3,1302.9,0.23,3009.699,1724.59,82.26,Upi,2,False,Cancelled,5
ORD-03394,2024-01-09,CUST94721,Nisha Reddy,26,Male,North,Ludhiana,Electronics,Smartwatch,4,13215.16,0.15,44931.544,3874.92,36.17,Net Banking,2,False,Delivered,3
ORD-03486,2024-02-24,CUST56798,Meera Pillai,28,Female,East,Guwahati,Clothing,Saree,5,3018.53,0.26,11168.561000000002,5208.94,73.33,Credit Card,1,False,Shipped,4
ORD-03191,2023-10-13,CUST15190,Aditya Shah,37,Male,South,Hyderabad,Beauty,Shampoo,4,817.47,0.24,2485.1088,1431.62,61.6,Debit Card,5,False,Cancelled,2
ORD-00183,2020-03-22,CUST16395,Sunita Pillai,19,Other,Central,Raipur,Beauty,Sunscreen,9,646.01,0.38,3604.7358,1281.84,51.72,Credit Card,2,False,Pending,3
ORD-02779,2023-04-18,CUST66673,Pooja Mehta,32,Female,East,Bhubaneswar,Beauty,Face Cream,1,588.9,0.03,571.233,359.5,76.29,Net Banking,5,False,Delivered,5
ORD-01224,2021-07-06,CUST34079,Nisha Das,40,Male,Central,Bhopal,Clothing,T-Shirt,6,3032.93,0.08,16741.7736,10654.04,27.7,Emi,1,False,Delivered,4
ORD-03282,2023-11-18,CUST30266,Deepa Bose,34,F,West,Surat,Sports,Yoga Mat,3,14108.02,0.12,37245.1728,6203.2,56.58,Emi,2,False,Delivered,10
ORD-03259,2023-11-08,CUST28855,Kavya Kumar,26,Female,South,Chennai,Groceries,Cooking Oil,9,165.39,0.22,1161.0377999999998,98.81,71.09,Cash On Delivery,3,False,Delivered,6
ORD-00458,2020-07-20,CUST53954,Amit Kapoor,40,Other,Central,Nagpur,Books,Cook Book,4,313.79,0.37,790.7508,369.77,43.26,Net Banking,2,False,Delivered,6
ORD-02316,2022-10-04,CUST62789,Ananya Gupta,40,Other,South,Kochi,Groceries,Dal (1Kg),4,314.73,0.15,1070.082,61.22,79.0,Cash On Delivery,3,False,Delivered,8
ORD-02007,2022-06-04,CUST96054,Ritu Nair,40,Other,East,Bhubaneswar,Electronics,Smartphone,7,21000.78,0.3,102903.82199999999,24923.4,115.73,Upi,5,False,Delivered,6
ORD-02400,2022-11-04,CUST21465,Pooja Kumar,33,Female,West,Ahmedabad,Clothing,Saree,7,525.25,0.03,3566.4474999999998,1218.39,48.82,Upi,4,False,Delivered,8
ORD-02972,2023-07-10,CUST95419,Deepa Joshi,37,Male,West,Pune,Beauty,Face Cream,9,108.24,0.18,798.8112,569.48,55.36,Upi,4,False,Delivered,5
ORD-03622,2024-04-24,CUST32129,Sunita Iyer,39,Other,South,Hyderabad,Electronics,Smartwatch,7,45364.52,0.08,292147.50879999995,56612.46,59.16,Emi,1,True,Returned,8
ORD-00200,2020-03-30,CUST79644,Aarav Verma,23,Female,West,Mumbai,Sports,Cycle,5,9009.65,0.08,41444.39,10004.34,58.16,Emi,3,False,Delivered,4
ORD-04057,2024-10-25,CUST95307,Nisha Mehta,28,Female,Central,Raipur,Electronics,Headphones,3,9261.39,0.24,21115.9692,3570.94,42.63,Emi,3,False,Cancelled,4
ORD-02618,2023-02-10,CUST54344,Nisha Reddy,41,Female,North,Delhi,Clothing,Saree,5,2531.54,0.0,12657.7,5111.11,49.22,Net Banking,3,False,Shipped,4
ORD-02742,2023-04-01,CUST34359,Shreya Kumar,27,Male,West,Pune,Furniture,Bookshelf,7,23696.15,0.33,111134.9435,50425.99,51.3,Cash On Delivery,3,False,Pending,1
ORD-01568,2021-12-02,CUST42665,Shreya Chatterjee,24,Male,South,Kochi,Groceries,Rice (5Kg),1,359.04,0.01,355.44960000000003,18.11,72.66,Cash On Delivery,3,False,Delivered,10
ORD-02757,2023-04-08,CUST97559,Sunita Kumar,49,Male,West,Ahmedabad,Sports,Dumbbells,4,2360.4,0.36,6042.624000000001,1640.8,46.73,Credit Card,2,False,Delivered,2
ORD-00881,2021-02-02,CUST31073,Kavya Shah,48,Male,East,Bhubaneswar,Groceries,Flour,7,474.48,0.26,2457.8064,189.8,40.18,Debit Card,1,True,Returned,2
ORD-01700,2022-01-28,CUST75005,Meera Bhat,16,Female,South,Bangalore,Sports,Tennis Racket,3,14928.96,0.4,26872.127999999997,4574.82,60.83,Upi,1,False,Delivered,8
ORD-00751,2020-12-07,CUST41385,Rohan Patel,32,M,North,Amritsar,Books,Cook Book,0,403.63,0.15,0.0,80603.27,48.7,Emi,5,False,Delivered,1
ORD-01788,2022-03-04,CUST10753,Kavya Kumar,51,Male,Central,Indore,Beauty,Face Cream,6,153.84,0.09,839.9664,616.53,54.61,Debit Card,3,False,Delivered,9
ORD-00262,2020-04-25,CUST33827,Rahul Bose,24,Male,West,Surat,Furniture,Wardrobe,2,3582.55,0.08,6591.892000000001,2610.08,54.88,Debit Card,3,False,Delivered,7
ORD-04086,2024-11-07,CUST69304,Kavya Shah,57,Other,West,Ahmedabad,Electronics,Tablet,9,70570.87,0.27,463650.6159,54481.93,66.68,Debit Card,2,False,Delivered,3
ORD-03415,2024-01-19,CUST23737,Karan Kumar,42,Male,West,Surat,Electronics,Laptop,2,46140.78,0.0,92281.56,11876.13,85.6,Debit Card,1,False,Delivered,6
ORD-01693,2022-01-24,CUST37446,Shreya Das,66,Other,North,Delhi,Beauty,Lipstick,9,265.25,0.18,1957.545,685.06,28.69,Credit Card,2,False,Delivered,5
ORD-02495,2022-12-18,CUST29148,Amit Kumar,22,Female,South,Bangalore,Groceries,Sugar,7,56.3,0.16,331.044,17.73,83.47,Net Banking,4,True,Returned,6
ORD-02508,2022-12-24,CUST55151,Ananya Reddy,27,Male,East,Kolkata,Furniture,Wardrobe,1,21949.11,0.11,19534.7079,5291.08,87.46,Emi,1,False,Delivered,2
ORD-02734,2023-03-30,CUST69340,Sanjay Kapoor,31,Male,South,Chennai,Books,Fiction Novel,10,432.2,0.22,3371.1600000000003,1857.23,69.1,Net Banking,3,False,Delivered,5
ORD-01872,2022-04-06,CUST60962,Shreya Rao,30,Male,North,Amritsar,Sports,Cricket Bat,10,8393.4,0.27,61271.82,13093.99,54.18,Net Banking,2,False,Delivered,8
ORD-01233,2021-07-10,CUST64805,Priya Mishra,33,Female,South,Hyderabad,Clothing,Jacket,6,2619.38,0.24,11944.372800000001,5048.54,23.2,Emi,2,False,Delivered,4
ORD-00752,2020-12-07,CUST76726,Meera Rao,26,Male,West,Surat,Sports,Tennis Racket,8,4670.6,0.27,27276.304,2879.15,51.67,Credit Card,4,False,Delivered,4
ORD-00038,2020-01-14,CUST79223,Sunita Reddy,20,Male,East,Kolkata,Books,Fiction Novel,1,1172.06,0.18,961.0892,243.99,62.05,Cash On Delivery,4,False,Delivered,1
ORD-00994,2021-03-29,CUST13598,Sanjay Chatterjee,31,Male,South,Chennai,Electronics,Smartwatch,4,70635.62,0.32,192128.88639999996,19874.73,73.83,Upi,2,False,Pending,1
ORD-00923,2021-02-22,CUST41859,Deepa Kumar,38,Other,Central,Nagpur,Beauty,Shampoo,7,322.75,0.15,1920.3625,760.63,28.86,Cash On Delivery,1,True,Returned,5
ORD-03838,2024-07-26,CUST12042,Vikram Reddy,39,Male,North,Amritsar,Groceries,Cooking Oil,2,92.87,0.33,124.44579999999999,19.37,36.78,Emi,3,False,Cancelled,6
ORD-04035,2024-10-16,CUST10272,Sunita Das,20,Male,South,Kochi,Electronics,Smartwatch,1,78299.49,0.18,64205.58180000001,10883.34,80.12,Credit Card,3,False,Delivered,9
ORD-04090,2024-11-09,CUST31562,Rohan Shah,33,Male,East,Patna,Clothing,Jeans,4,1153.04,0.23,3551.3632,1237.09,67.93,Credit Card,2,False,Delivered,1
ORD-02193,2022-08-15,CUST54369,Priya Rao,65,Other,East,Kolkata,Books,Fiction Novel,6,966.11,0.29,4115.6286,1896.58,107.74,Net Banking,1,False,Cancelled,6
ORD-03275,2023-11-16,CUST06690,Sunita Iyer,28,Other,West,Ahmedabad,Clothing,Saree,8,1471.86,0.27,8595.6624,3013.79,87.43,Credit Card,3,False,Delivered,7
ORD-03401,2024-01-13,CUST97545,Ritu Bose,25,Other,Central,Raipur,Books,Cook Book,2,365.34,0.09,664.9188,276.46,52.27,Upi,2,False,Delivered,4
ORD-04160,2024-12-11,CUST91116,Rohan Patel,36,Male,South,Hyderabad,Books,Biography,7,609.79,0.25,3201.3975,1079.08,68.86,Upi,3,False,Delivered,7
ORD-01192,2021-06-20,CUST39249,Pooja Kapoor,34,Other,South,Kochi,Groceries,Cooking Oil,7,363.21,0.38,1576.3313999999998,175.94,73.22,Upi,4,False,Shipped,1
ORD-01195,2021-06-23,CUST26595,Ananya Gupta,40,Other,Central,Nagpur,Sports,Tennis Racket,1,8678.32,0.17,7203.0055999999995,2953.14,33.35,Upi,5,False,Delivered,4
ORD-01212,2021-07-01,CUST22983,Deepa Kapoor,40,Other,South,Bangalore,Clothing,Saree,2,738.48,0.09,1344.0336,565.89,67.67,Net Banking,3,False,Delivered,7
ORD-00170,2020-03-15,CUST53622,Aditya Chatterjee,31,Male,South,Bangalore,Groceries,Sugar,9,236.54,0.19,1724.3766000000003,140.16,101.07,Credit Card,3,True,Returned,1
ORD-01213,2021-07-01,CUST54226,Nisha Mehta,33,Male,East,Bhubaneswar,Beauty,Lipstick,5,1998.43,0.26,7394.191,4337.88,79.62,Upi,4,False,Shipped,3
ORD-04115,2024-11-25,CUST88970,Ritu Pillai,38,Other,East,Patna,Electronics,Smartwatch,9,76064.53,0.25,513435.5775,56343.87,79.71,Cash On Delivery,3,False,Delivered,1
ORD-03200,2023-10-16,CUST43688,Amit Iyer,49,Other,North,Delhi,Groceries,Tea,1,97.17,0.14,83.5662,8.27,46.49,Emi,1,False,Delivered,5
ORD-00713,2020-11-22,CUST97013,Rahul Verma,48,Other,Central,Raipur,Groceries,Cooking Oil,9,407.45,0.36,2346.912,149.16,50.13,Net Banking,1,True,Returned,8
ORD-00975,2021-03-20,CUST76263,Arjun Reddy,20,Male,West,Surat,Furniture,Sofa,6,5299.05,0.13,27661.041,5506.48,36.55,Cash On Delivery,4,False,Delivered,7
ORD-01391,2021-09-20,CUST53724,Kavya Iyer,45,Other,East,Bhubaneswar,Groceries,Dal (1Kg),8,126.77,0.15,862.036,66.45,64.29,Net Banking,4,False,Shipped,2
ORD-02467,2022-12-06,CUST34028,Vikram Rao,14,Female,East,Guwahati,Electronics,Smartphone,1,7708.68,0.26,5704.4232,534.97,101.65,Emi,2,False,Shipped,6
ORD-02390,2022-11-01,CUST38274,Ananya Shah,27,Female,West,Pune,Beauty,Lipstick,6,835.52,0.01,4962.9888,1237.08,54.35,Cash On Delivery,3,False,Delivered,2
ORD-01111,2021-05-16,CUST07335,Vikram Kapoor,21,Male,East,Guwahati,Sports,Cricket Bat,6,3857.03,0.3,16199.526,6137.14,60.48,Cash On Delivery,2,False,Delivered,4
ORD-02171,2022-08-09,CUST77492,Karan Sharma,33,Male,South,Chennai,Clothing,Saree,1,1170.22,0.37,737.2386,422.66,82.03,Debit Card,4,False,Delivered,2
ORD-01824,2022-03-16,CUST58449,Priya Chatterjee,34,Female,North,Delhi,Clothing,Jeans,5,2505.4,0.11,11149.03,4140.53,57.65,Cash On Delivery,3,False,Delivered,1
ORD-02834,2023-05-18,CUST80957,Pooja Gupta,31,Other,North,Delhi,Electronics,Smartphone,2,73267.64,0.32,99643.9904,20643.55,69.99,Credit Card,2,False,Delivered,6
ORD-03900,2024-08-14,CUST14119,Vikram Verma,39,Female,West,Mumbai,Books,Fiction Novel,3,705.21,0.14,1819.4418,1040.42,76.63,Emi,1,False,Delivered,8
ORD-02550,2023-01-12,CUST69130,Sunita Pillai,48,Other,North,Amritsar,Sports,Yoga Mat,6,13916.75,0.25,62625.375,12305.07,38.89,Upi,4,False,Pending,6
ORD-02192,2022-08-15,CUST61790,Amit Kumar,32,Other,East,Kolkata,Furniture,Sofa,3,23445.9,0.31,48533.013000000006,15012.25,54.92,Credit Card,1,True,Returned,7
ORD-02000,2022-06-02,CUST60137,Sanjay Sharma,35,Female,East,Patna,Sports,Cricket Bat,6,6661.26,0.13,34771.7772,11352.36,99.9,Cash On Delivery,2,False,Delivered,8
ORD-03042,2023-08-09,CUST48817,Karan Singh,25,Male,North,Amritsar,Clothing,Saree,2,3266.34,0.0,6532.68,3755.8,51.58,Cash On Delivery,5,False,Delivered,1
ORD-03399,2024-01-12,CUST76705,Meera Das,42,Male,South,Chennai,Beauty,Sunscreen,1,2339.83,0.03,2269.6351,1351.82,88.12,Net Banking,3,False,Delivered,10
ORD-00322,2020-05-21,CUST34894,Ritu Mehta,32,Other,East,Guwahati,Electronics,Smartwatch,0,59036.18,0.38,0.0,5073.5,67.0,Net Banking,4,False,Delivered,3
ORD-04049,2024-10-23,CUST98496,Nisha Singh,27,Other,Central,Indore,Groceries,Flour,8,174.02,0.14,1197.2576000000001,107.89,40.35,Cash On Delivery,5,False,Delivered,10
ORD-02187,2022-08-14,CUST47298,Shreya Gupta,36,Other,North,Amritsar,Books,Comic Book,1,1129.04,0.28,812.9087999999999,412.61,40.43,Net Banking,1,True,Returned,10
ORD-03703,2024-05-27,CUST91203,Arjun Verma,32,Other,West,Mumbai,Beauty,Sunscreen,4,722.47,0.19,2340.8028000000004,1526.73,71.99,Emi,1,False,Cancelled,7
ORD-01312,2021-08-12,CUST22985,Amit Pillai,22,Male,North,Delhi,Beauty,Sunscreen,2,542.62,0.14,933.3063999999999,443.38,61.76,Upi,4,False,Delivered,3
ORD-00797,2020-12-29,CUST04732,Nisha Joshi,38,Male,South,Chennai,Beauty,Face Cream,4,197.52,0.35,513.552,169.93,61.28,Emi,3,False,Delivered,2
ORD-00034,2020-01-12,CUST21613,Arjun Das,49,Other,West,Mumbai,Groceries,Flour,0,315.85,0.13,0.0,13.82,60.46,Cash On Delivery,5,False,Delivered,10
ORD-02663,2023-02-27,CUST82371,Kavya Nair,49,M,East,Patna,Groceries,Dal (1Kg),4,230.58,0.17,765.5256,50.26,81.52,Upi,1,False,Delivered,1
ORD-01907,2022-04-23,CUST58083,Sanjay Kapoor,31,M,Central,Raipur,Sports,Cricket Bat,6,12397.94,0.35,48351.966,14673.82,51.27,Upi,2,False,Delivered,1
ORD-00766,2020-12-13,CUST94306,Shreya Kapoor,19,Female,North,Amritsar,Books,Fiction Novel,6,526.32,0.14,2715.8112,588.73,49.68,Credit Card,3,True,Returned,3
ORD-03824,2024-07-21,CUST13500,Amit Patel,26,Other,North,Chandigarh,Groceries,Flour,6,112.85,0.13,589.0769999999999,116.49,40.89,Cash On Delivery,5,True,Returned,8
ORD-03029,2023-08-04,CUST15879,Kavya Pillai,24,Other,North,Delhi,Groceries,Flour,6,184.04,0.32,750.8832,80.93,70.55,Credit Card,5,False,Delivered,1
ORD-02801,2023-04-29,CUST13741,Meera Verma,30,Female,East,Guwahati,Beauty,Hair Oil,7,1050.38,0.06,6911.5004,3436.69,85.61,Debit Card,3,False,Delivered,5
ORD-03014,2023-07-29,CUST35539,Karan Reddy,31,Female,South,Kochi,Sports,Dumbbells,0,8903.55,0.12,0.0,1852.66,64.95,Debit Card,3,True,Returned,7
ORD-01318,2021-08-15,CUST59067,Nikhil Gupta,49,Male,Central,Raipur,Beauty,Hair Oil,4,525.05,0.02,2058.196,964.12,71.8,Emi,5,False,Delivered,1
ORD-03603,2024-04-17,CUST16934,Nisha Das,26,Other,Central,Indore,Clothing,Jeans,5,3541.45,0.23,13634.5825,8625.62,58.0,Cash On Delivery,3,False,Pending,9
ORD-01221,2021-07-05,CUST24791,Arjun Pillai,8,Male,East,Kolkata,Clothing,Saree,9,1326.38,0.16,10027.4328,4308.95,58.85,Credit Card,4,False,Delivered,1
ORD-02947,2023-07-01,CUST85761,Aditya Chatterjee,44,Other,South,Kochi,Furniture,Bookshelf,2,26714.83,0.23,41140.838200000006,16676.94,67.21,Upi,5,False,Delivered,7
ORD-02635,2023-02-15,CUST74282,Ritu Das,47,Male,South,Hyderabad,Beauty,Perfume,9,1698.6,0.25,11465.55,4098.15,63.7,Emi,3,False,Delivered,1
ORD-02030,2022-06-14,CUST98295,Ritu Rao,17,Male,West,Pune,Sports,Football,1,13827.19,0.4,8296.314,2472.59,24.48,Net Banking,3,False,Cancelled,3
ORD-02150,2022-08-01,CUST80481,Sanjay Mishra,53,Female,West,Surat,Beauty,Sunscreen,4,356.27,0.25,1068.81,531.3,38.09,Net Banking,5,False,Delivered,5
ORD-01826,2022-03-17,CUST42492,Nikhil Bose,26,Male,South,Bangalore,Beauty,Sunscreen,2,563.96,0.0,1127.92,529.71,100.92,Cash On Delivery,4,False,Delivered,1
ORD-03667,2024-05-13,CUST95748,Arjun Kapoor,61,Female,East,Kolkata,Electronics,Tablet,1,42744.12,0.29,30348.3252,5764.27,81.41,Debit Card,4,False,Delivered,8
ORD-03993,2024-09-20,CUST65197,Rohan Chatterjee,38,F,South,Chennai,Books,Fiction Novel,9,816.41,0.35,4775.9985,2136.9,42.16,Upi,2,False,Delivered,5
ORD-02332,2022-10-09,CUST15721,Sunita Kumar,32,Female,West,Ahmedabad,Groceries,Flour,10,364.93,0.07,3393.849,294.88,52.13,Upi,3,False,Pending,3
ORD-02774,2023-04-16,CUST92472,Deepa Gupta,33,Male,East,Patna,Sports,Dumbbells,7,12799.72,0.11,79742.25559999999,25731.03,74.55,Net Banking,2,False,Delivered,2
ORD-03017,2023-07-30,CUST11433,Aditya Shah,49,Other,North,Chandigarh,Groceries,Dal (1Kg),0,380.49,0.36,0.0,36.06,27.57,Emi,5,False,Delivered,1
ORD-01712,2022-02-01,CUST49015,Pooja Iyer,31,Male,Central,Indore,Beauty,Face Cream,0,1868.65,0.06,0.0,667.36,71.24,Upi,4,False,Delivered,2
ORD-00337,2020-05-26,CUST25152,Shreya Mishra,61,Female,West,Ahmedabad,Books,Cook Book,2,425.83,0.04,817.5935999999999,364.43,42.68,Upi,4,False,Delivered,10
ORD-03207,2023-10-19,CUST72297,Nisha Bhat,53,Female,South,Bangalore,Furniture,Bed Frame,5,2374.77,0.28,8549.172,2614.25,83.81,Upi,1,False,Delivered,6
ORD-00354,2020-06-01,CUST12677,Aditya Shah,41,Other,North,Chandigarh,Groceries,Rice (5Kg),8,294.27,0.35,1530.204,96.62,53.97,Cash On Delivery,1,False,Delivered,5
ORD-00837,2021-01-18,CUST71096,Kavya Shah,29,Other,East,Patna,Electronics,Headphones,5,58480.23,0.09,266085.04650000005,24313.05,84.38,Credit Card,4,False,Delivered,2
ORD-02607,2023-02-06,CUST31900,Amit Rao,39,Other,South,Bangalore,Sports,Yoga Mat,8,5590.43,0.19,36225.9864,4824.74,69.42,Credit Card,4,False,Delivered,2
ORD-00727,2020-11-29,CUST39869,Ritu Mishra,29,Female,West,Mumbai,Electronics,Smartwatch,4,7981.68,0.38,19794.5664,1753.15,40.05,Debit Card,4,False,Delivered,5
ORD-02529,2023-01-03,CUST61216,Nikhil Joshi,34,Male,West,Pune,Furniture,Bed Frame,2,9783.06,0.12,17218.1856,3578.22,43.71,Cash On Delivery,2,True,Returned,5
ORD-03018,2023-07-30,CUST13941,Ritu Sharma,34,Other,South,Hyderabad,Electronics,Camera,4,66643.15,0.14,229252.436,40690.87,51.43,Cash On Delivery,1,False,Delivered,3
ORD-01841,2022-03-26,CUST02321,Sunita Patel,26,Female,West,Surat,Beauty,Shampoo,10,160.57,0.38,995.5339999999999,697.82,51.31,Credit Card,3,False,Delivered,2
ORD-04176,2024-12-21,CUST37046,Rohan Bhat,30,Other,West,Surat,Electronics,Headphones,6,61234.43,0.24,279229.00080000004,31422.9,48.82,Credit Card,3,False,Delivered,4
ORD-03609,2024-04-20,CUST45693,Aditya Singh,45,Male,North,Amritsar,Books,Comic Book,5,224.92,0.24,854.6959999999999,529.42,65.16,Upi,5,False,Delivered,2
ORD-00559,2020-09-05,CUST34558,Amit Bhat,46,Other,West,Mumbai,Clothing,Jeans,8,2151.16,0.12,15144.166399999998,4651.88,67.35,Cash On Delivery,4,True,Returned,4
ORD-01775,2022-02-25,CUST42783,Ritu Das,25,Other,Central,Indore,Sports,Tennis Racket,1,7835.77,0.08,7208.908400000001,1599.65,44.2,Credit Card,3,True,Returned,6
ORD-02870,2023-05-31,CUST15861,Priya Mishra,27,Other,West,Surat,Books,Fiction Novel,2,790.19,0.12,1390.7344,1241.47,75.5,Upi,2,False,Delivered,1
ORD-00130,2020-02-20,CUST73625,Nisha Bose,28,Other,East,Guwahati,Books,Textbook,10,327.54,0.15,2784.09,1528.85,80.58,Debit Card,5,True,Returned,2
ORD-02188,2022-08-14,CUST93685,Vikram Singh,19,Other,South,Chennai,Electronics,Laptop,10,46080.58,0.33,308739.886,38045.24,42.13,Credit Card,1,False,Delivered,7
ORD-02807,2023-05-03,CUST59711,Rohan Mishra,29,Female,East,Bhubaneswar,Clothing,Kurta,10,630.78,0.0,6307.799999999999,3459.74,83.61,Credit Card,4,False,Delivered,8
ORD-01201,2021-06-25,CUST00543,Karan Singh,34,Male,South,Kochi,Sports,Cricket Bat,0,10501.07,0.1,0.0,3020.39,56.4,Cash On Delivery,5,False,Delivered,7
ORD-03976,2024-09-10,CUST72202,Aarav Joshi,28,M,West,Ahmedabad,Electronics,Headphones,1,40304.61,0.04,38692.4256,5497.55,73.05,Upi,2,False,Cancelled,5
ORD-03674,2024-05-15,CUST71549,Ritu Das,37,Female,East,Kolkata,Furniture,Chair,3,16806.93,0.37,31765.097700000002,17999.97,90.53,Credit Card,4,False,Delivered,2
ORD-00982,2021-03-23,CUST31894,Amit Joshi,44,Other,North,Ludhiana,Furniture,Desk,2,4143.1,0.0,8286.2,2463.95,56.97,Net Banking,5,False,Delivered,5
ORD-00485,2020-08-02,CUST67381,Amit Mehta,46,Other,East,Kolkata,Electronics,Laptop,6,76471.27,0.0,458827.62,79755.17,71.89,Cash On Delivery,5,False,Delivered,5
ORD-03297,2023-11-26,CUST29713,Rahul Gupta,37,Male,West,Mumbai,Books,Cook Book,10,666.25,0.07,6196.125,1728.64,55.61,Upi,3,False,Delivered,8
ORD-04137,2024-12-04,CUST62051,Ananya Pillai,5,Other,Central,Bhopal,Electronics,Tablet,4,51581.35,0.38,127921.74799999999,15238.43,72.66,Net Banking,4,True,Returned,8
ORD-02445,2022-11-28,CUST71240,Pooja Sharma,30,Other,North,Chandigarh,Books,Fiction Novel,5,1175.29,0.36,3760.928,1294.96,66.21,Net Banking,2,False,Delivered,4
ORD-00767,2020-12-13,CUST99682,Aditya Mishra,17,Other,North,Ludhiana,Furniture,Sofa,5,30866.8,0.07,143530.62,26550.31,38.03,Debit Card,5,False,Delivered,10
ORD-00629,2020-10-09,CUST51786,Kavya Joshi,48,Male,Central,Bhopal,Beauty,Perfume,9,1406.56,0.1,11393.135999999999,3776.97,39.94,Cash On Delivery,3,False,Delivered,5
ORD-00701,2020-11-13,CUST90688,Priya Nair,42,Female,East,Patna,Electronics,Tablet,6,50084.03,0.17,249418.46939999997,20981.15,94.58,Debit Card,4,False,Cancelled,6
ORD-00439,2020-07-12,CUST45071,Aditya Nair,22,Male,West,Ahmedabad,Groceries,Cooking Oil,2,379.2,0.2,606.72,27.25,67.65,Upi,1,False,Delivered,7
ORD-02362,2022-10-18,CUST09796,Shreya Mehta,2,Other,North,Ludhiana,Clothing,Kurta,5,3077.69,0.12,13541.836000000001,4018.97,55.38,Upi,3,False,Delivered,8
ORD-01138,2021-05-28,CUST65692,Aarav Kumar,12,Other,Central,Raipur,Groceries,Tea,10,179.45,0.1,1615.05,170.8,35.54,Emi,3,False,Delivered,7
ORD-03480,2024-02-22,CUST61945,Vikram Joshi,25,Other,West,Ahmedabad,Clothing,T-Shirt,6,1277.66,0.0,7665.960000000001,2123.71,43.17,Net Banking,1,False,Delivered,10
ORD-02011,2022-06-05,CUST67385,Kavya Shah,52,Female,West,Pune,Sports,Cricket Bat,10,6308.82,0.36,40376.448,13727.44,63.87,Net Banking,1,True,Returned,7
ORD-03217,2023-10-22,CUST14537,Pooja Joshi,41,Other,North,Amritsar,Beauty,Hair Oil,10,850.71,0.4,5104.26,2735.24,38.04,Cash On Delivery,4,False,Delivered,6
ORD-02921,2023-06-17,CUST51781,Karan Singh,26,Male,North,Delhi,Groceries,Rice (5Kg),5,200.85,0.36,642.72,71.67,58.1,Emi,2,False,Delivered,1
ORD-01303,2021-08-10,CUST71873,Aditya Singh,35,F,East,Bhubaneswar,Furniture,Sofa,3,23823.69,0.11,63609.25229999999,26211.15,95.16,Emi,5,False,Delivered,6
ORD-01463,2021-10-23,CUST80946,Nikhil Verma,35,Other,West,Ahmedabad,Sports,Football,6,10030.26,0.17,49950.6948,14093.89,33.86,Net Banking,4,False,Delivered,8
ORD-02411,2022-11-08,CUST04556,Amit Shah,43,Male,East,Kolkata,Electronics,Laptop,9,33801.96,0.4,182530.584,23971.25,95.97,Cash On Delivery,3,True,Returned,7
ORD-02048,2022-06-20,CUST98440,Nikhil Nair,34,Other,South,Kochi,Clothing,Saree,4,2288.92,0.09,8331.668800000001,3680.34,53.41,Cash On Delivery,4,False,Shipped,8
ORD-02047,2022-06-20,CUST63577,Sunita Iyer,49,Male,Central,Indore,Groceries,Flour,8,377.69,0.27,2205.7096,244.77,42.69,Credit Card,1,False,Delivered,4
ORD-00197,2020-03-28,CUST04223,Pooja Joshi,12,Other,North,Amritsar,Sports,Cycle,8,10282.68,0.11,73212.6816,13106.07,65.44,Net Banking,1,False,Delivered,3
ORD-01595,2021-12-13,CUST89482,Nisha Chatterjee,38,Male,South,Kochi,Books,Self-Help Book,7,233.11,0.36,1044.3328,271.36,71.2,Upi,3,False,Delivered,2
ORD-00799,2020-12-29,CUST20881,Rohan Singh,48,Male,West,Mumbai,Sports,Yoga Mat,4,2347.62,0.22,7324.5743999999995,1694.29,36.23,Debit Card,1,False,Delivered,10
ORD-03920,2024-08-20,CUST20311,Shreya Gupta,54,Other,West,Surat,Sports,Dumbbells,8,8802.69,0.36,45069.772800000006,12390.55,76.21,Credit Card,5,False,Delivered,6
ORD-01013,2021-04-03,CUST39675,Priya Kapoor,24,Other,East,Bhubaneswar,Clothing,Jacket,8,1837.46,0.26,10877.7632,4142.94,81.4,Emi,1,False,Cancelled,8
ORD-02295,2022-09-23,CUST16205,Arjun Kapoor,32,Male,East,Guwahati,Sports,Tennis Racket,0,7290.72,0.0,0.0,2532.61,59.36,Emi,5,False,Delivered,2
ORD-00267,2020-04-27,CUST76356,Aditya Pillai,21,Female,East,Kolkata,Sports,Football,6,7876.81,0.02,46315.6428,12406.43,62.09,Debit Card,4,False,Shipped,3
ORD-01704,2022-01-30,CUST33909,Amit Reddy,28,Female,North,Chandigarh,Books,Comic Book,4,1134.89,0.05,4312.582,939.71,68.97,Net Banking,4,False,Delivered,2
ORD-02748,2023-04-05,CUST72583,Sunita Bose,41,Female,West,Surat,Groceries,Tea,9,467.6,0.02,4124.232000000001,654.29,37.13,Emi,4,False,Delivered,7
ORD-00575,2020-09-14,CUST39101,Sunita Mehta,32,Other,East,Guwahati,Furniture,Bookshelf,7,5932.53,0.39,25331.9031,8164.97,84.41,Upi,3,False,Delivered,1
ORD-03873,2024-08-07,CUST07406,Sunita Pillai,54,Other,West,Pune,Clothing,Jeans,0,545.99,0.34,0.0,183.45,68.2,Credit Card,1,False,Delivered,9
ORD-02409,2022-11-06,CUST13324,Sanjay Iyer,31,Other,North,Delhi,Groceries,Tea,8,163.97,0.16,1101.8784,91.59,24.74,Debit Card,4,False,Shipped,8
ORD-02610,2023-02-06,CUST96115,Sanjay Rao,39,Male,South,Kochi,Books,Self-Help Book,10,947.87,0.24,7203.812000000001,3527.5,84.4,Credit Card,4,False,Delivered,4
ORD-00915,2021-02-16,CUST76268,Arjun Patel,36,Other,North,Amritsar,Electronics,Smartwatch,3,48921.59,0.19,118879.4637,16935.06,46.65,Credit Card,1,False,Delivered,3
ORD-02705,2023-03-17,CUST85785,Meera Rao,41,Female,West,Surat,Beauty,Perfume,2,888.49,0.08,1634.8216,795.3,42.25,Debit Card,1,False,Pending,8
ORD-01524,2021-11-16,CUST61294,Shreya Mishra,34,Other,North,Amritsar,Groceries,Rice (5Kg),1,148.49,0.12,130.6712,7.46,70.77,Credit Card,1,False,Delivered,9
ORD-00597,2020-09-24,CUST03651,Arjun Patel,55,Female,West,Surat,Electronics,Tablet,1,38379.55,0.18,31471.231000000003,4708.06,49.85,Emi,2,False,Delivered,6
ORD-04126,2024-11-30,CUST88649,Pooja Iyer,30,Female,South,Chennai,Books,Self-Help Book,10,1308.63,0.39,7982.643000000001,3691.88,59.74,Emi,5,False,Delivered,9
ORD-01289,2021-08-03,CUST60491,Shreya Bhat,24,Other,East,Bhubaneswar,Sports,Cycle,2,8857.58,0.05,16829.402,3446.13,90.64,Net Banking,3,True,Returned,8
ORD-01992,2022-05-30,CUST42274,Nisha Reddy,38,Other,South,Chennai,Sports,Tennis Racket,10,2313.34,0.07,21514.062,6071.72,54.61,Debit Card,1,True,Returned,3
ORD-02690,2023-03-13,CUST42802,Sanjay Rao,25,M,South,Hyderabad,Sports,Cycle,4,7081.6,0.31,19545.216,6611.41,89.06,Debit Card,3,True,Returned,10
ORD-02181,2022-08-13,CUST50045,Arjun Verma,21,Male,North,Chandigarh,Clothing,Jeans,8,3588.17,0.24,21816.0736,13674.74,86.78,Emi,1,False,Delivered,7
ORD-03851,2024-07-30,CUST24550,Amit Nair,19,Other,West,Pune,Clothing,Kurta,4,2461.65,0.33,6597.222,2386.31,85.19,Net Banking,4,False,Delivered,1
ORD-00644,2020-10-14,CUST94203,Sanjay Nair,34,Other,Central,Bhopal,Furniture,Bed Frame,4,22879.02,0.1,82364.47200000001,18612.63,53.94,Cash On Delivery,1,False,Cancelled,6
ORD-02923,2023-06-18,CUST62956,Pooja Mishra,15,Male,North,Ludhiana,Books,Cook Book,9,916.14,0.36,5276.9664,2666.27,63.91,Cash On Delivery,4,False,Cancelled,7
ORD-01414,2021-09-29,CUST00909,Ananya Verma,32,Other,South,Bangalore,Furniture,Sofa,6,3717.72,0.22,17398.9296,4949.58,62.81,Net Banking,2,False,Delivered,3
ORD-03126,2023-09-11,CUST84742,Sunita Patel,42,Other,South,Bangalore,Sports,Cricket Bat,7,7005.09,0.0,49035.630000000005,13825.48,39.04,Net Banking,3,False,Delivered,3
ORD-00251,2020-04-20,CUST66007,Sunita Bose,26,Male,North,Ludhiana,Furniture,Sofa,1,6470.7,0.34,4270.661999999999,1235.03,66.87,Net Banking,4,False,Delivered,7
ORD-03006,2023-07-24,CUST96839,Amit Sharma,38,F,Central,Raipur,Books,Cook Book,10,680.67,0.28,4900.824,4381.82,60.91,Credit Card,3,False,Delivered,4
ORD-01407,2021-09-25,CUST62870,Shreya Mehta,38,Female,Central,Raipur,Beauty,Face Cream,2,1348.14,0.25,2022.21,904.82,48.59,Upi,2,False,Delivered,5
ORD-02313,2022-10-02,CUST66337,Kavya Singh,34,Female,South,Bangalore,Clothing,Dress,10,2259.78,0.04,21693.888000000003,7949.05,52.93,Upi,5,False,Delivered,7
ORD-01620,2021-12-25,CUST54344,Nisha Bhat,27,Female,North,Amritsar,Beauty,Sunscreen,1,805.29,0.36,515.3856,172.3,52.35,Net Banking,3,False,Delivered,6
ORD-00563,2020-09-07,CUST44323,Ritu Bose,33,Female,South,Bangalore,Books,Cook Book,6,1105.96,0.29,4711.3895999999995,1716.01,67.65,Debit Card,3,True,Returned,6
ORD-00142,2020-02-27,CUST82516,Ritu Joshi,40,Female,East,Bhubaneswar,Sports,Tennis Racket,1,11227.96,0.31,7747.292399999998,1706.13,87.6,Net Banking,2,False,Shipped,3
ORD-03035,2023-08-05,CUST76199,Meera Pillai,60,Other,West,Ahmedabad,Sports,Tennis Racket,3,6247.18,0.23,14430.9858,5128.89,52.48,Credit Card,4,False,Delivered,7
ORD-03088,2023-08-26,CUST49151,Sunita Patel,35,Other,West,Mumbai,Electronics,Headphones,1,41296.1,0.07,38405.373,4184.23,65.67,Credit Card,5,False,Delivered,5
ORD-00283,2020-05-05,CUST17741,Arjun Verma,32,Female,East,Patna,Books,Cook Book,10,1387.77,0.03,13461.369,5378.75,88.89,Net Banking,4,False,Delivered,9
ORD-01821,2022-03-16,CUST07773,Karan Gupta,41,Female,South,Hyderabad,Books,Comic Book,2,1012.58,0.0,2025.16,942.39,79.24,Upi,5,False,Delivered,6
ORD-01627,2021-12-27,CUST42701,Aarav Joshi,48,Male,South,Kochi,Clothing,Jacket,10,593.55,0.18,4867.110000000001,896.12,78.0,Debit Card,5,False,Delivered,9
ORD-02274,2022-09-15,CUST66737,Ananya Patel,43,Female,South,Chennai,Clothing,T-Shirt,0,803.12,0.07,0.0,328.33,73.01,Credit Card,3,False,Delivered,7
ORD-03211,2023-10-20,CUST59240,Ananya Mehta,47,Male,North,Ludhiana,Beauty,Shampoo,3,2099.98,0.35,4094.9610000000007,2125.89,50.77,Cash On Delivery,3,True,Returned,7
ORD-02973,2023-07-11,CUST55824,Ritu Kumar,27,Male,West,Pune,Books,Fiction Novel,1,623.96,0.21,492.92840000000007,263.81,68.14,Cash On Delivery,3,False,Delivered,6
ORD-03131,2023-09-15,CUST60904,Aditya Shah,29,Female,North,Chandigarh,Groceries,Dal (1Kg),1,394.11,0.22,307.4058,32.52,55.15,Upi,3,False,Delivered,2
ORD-01170,2021-06-08,CUST04051,Ananya Sharma,40,Male,South,Hyderabad,Furniture,Sofa,5,23260.25,0.33,77921.8375,32585.16,74.55,Emi,5,False,Delivered,9
ORD-02260,2022-09-10,CUST10492,Rahul Patel,61,Other,West,Surat,Beauty,Lipstick,9,1292.16,0.22,9070.9632,3046.85,70.59,Credit Card,2,True,Returned,6
ORD-01363,2021-09-05,CUST15260,Meera Patel,40,Female,East,Bhubaneswar,Electronics,Camera,10,55908.72,0.11,497587.60799999995,86690.85,75.65,Cash On Delivery,5,False,Shipped,4
ORD-01781,2022-03-02,CUST31446,Priya Singh,57,Female,North,Chandigarh,Beauty,Face Cream,6,583.99,0.26,2592.9156,1322.69,22.05,Credit Card,4,False,Shipped,6
ORD-02812,2023-05-04,CUST82471,Pooja Shah,36,Female,South,Kochi,Clothing,Saree,2,3236.58,0.04,6214.2336,3171.49,71.87,Cash On Delivery,1,False,Delivered,9
ORD-04169,2024-12-16,CUST68700,Aditya Mehta,33,Female,South,Bangalore,Sports,Football,9,7976.73,0.0,71790.56999999999,13844.42,69.85,Emi,1,False,Delivered,8
ORD-00384,2020-06-12,CUST60562,Kavya Rao,25,Male,North,Ludhiana,Clothing,Dress,10,658.16,0.25,4936.2,1841.64,63.58,Cash On Delivery,1,False,Delivered,7
ORD-03940,2024-08-26,CUST96355,Shreya Bose,35,Female,East,Bhubaneswar,Books,Comic Book,2,1157.89,0.35,1505.2570000000003,649.16,56.27,Debit Card,1,False,Delivered,9
ORD-01059,2021-04-25,CUST64001,Ananya Das,63,Other,South,Hyderabad,Electronics,Tablet,8,28211.93,0.33,151215.9448,20772.79,61.29,Debit Card,5,False,Delivered,4
ORD-03995,2024-09-21,CUST60857,Aarav Kapoor,30,Male,Central,Raipur,Beauty,Sunscreen,7,2114.17,0.39,9027.5059,6081.67,26.71,Debit Card,3,False,Delivered,6
ORD-03729,2024-06-14,CUST27952,Pooja Rao,33,Other,West,Ahmedabad,Clothing,Dress,1,3581.25,0.01,3545.4375,1771.61,56.33,Credit Card,1,False,Delivered,6
ORD-03122,2023-09-09,CUST56458,Kavya Das,30,Other,East,Kolkata,Furniture,Desk,9,24481.84,0.18,180675.9792,68746.18,92.95,Net Banking,3,False,Pending,10
ORD-02176,2022-08-12,CUST51575,Karan Mishra,30,Other,North,Ludhiana,Sports,Football,7,14759.38,0.0,103315.65999999999,25740.07,70.7,Net Banking,3,False,Delivered,7
ORD-01078,2021-05-03,CUST72966,Vikram Verma,52,Female,East,Kolkata,Beauty,Perfume,2,608.88,0.23,937.6752,511.96,106.95,Upi,4,True,Returned,4
ORD-02697,2023-03-14,CUST37138,Ritu Nair,42,Other,West,Pune,Electronics,Headphones,2,76935.79,0.01,152332.86419999998,27234.01,63.96,Cash On Delivery,1,False,Delivered,3
ORD-02515,2022-12-28,CUST66205,Ritu Verma,30,Male,West,Pune,Books,Biography,5,1103.75,0.25,4139.0625,1891.54,60.86,Cash On Delivery,3,False,Cancelled,1
ORD-02735,2023-03-30,CUST60872,Kavya Shah,38,Male,South,Chennai,Furniture,Chair,1,7329.9,0.35,4764.4349999999995,2396.72,101.29,Credit Card,5,False,Shipped,10
ORD-01766,2022-02-21,CUST87890,Karan Mishra,46,Other,Central,Nagpur,Books,Textbook,4,378.9,0.39,924.516,235.48,29.15,Credit Card,5,False,Delivered,3
ORD-02707,2023-03-18,CUST97042,Ananya Mishra,28,Other,Central,Bhopal,Books,Cook Book,4,1221.11,0.25,3663.33,1875.62,43.22,Emi,5,False,Delivered,5
ORD-00671,2020-10-31,CUST93387,Ritu Bose,43,Other,West,Surat,Groceries,Cooking Oil,8,347.71,0.08,2559.1456,178.59,64.88,Credit Card,5,False,Delivered,9
ORD-03931,2024-08-23,CUST94914,Sunita Verma,31,Other,South,Chennai,Sports,Yoga Mat,6,9574.41,0.02,56297.5308,15952.26,75.33,Emi,4,False,Delivered,6
ORD-04022,2024-10-09,CUST76630,Aarav Patel,34,Male,South,Kochi,Books,Cook Book,8,1268.46,0.05,9640.296,3618.98,30.55,Emi,2,False,Delivered,10
ORD-01721,2022-02-05,CUST05033,Pooja Mishra,22,Male,West,Ahmedabad,Sports,Football,8,11620.56,0.18,76230.8736,25898.31,50.64,Debit Card,4,False,Delivered,2
ORD-03054,2023-08-14,CUST26906,Nisha Iyer,39,Female,East,Patna,Electronics,Smartphone,1,34885.37,0.1,31396.833000000002,3420.51,85.38,Credit Card,4,False,Shipped,3
ORD-03543,2024-03-20,CUST14777,Aarav Shah,60,Other,Central,Nagpur,Furniture,Bed Frame,7,28445.23,0.28,143363.95919999998,42435.49,18.04,Upi,2,False,Cancelled,10
ORD-02803,2023-04-30,CUST07347,Priya Mehta,28,Female,West,Mumbai,Electronics,Smartwatch,6,64360.23,0.32,262589.7384,28776.57,55.31,Debit Card,1,False,Delivered,1
ORD-03231,2023-10-29,CUST88608,Nikhil Nair,50,Male,South,Hyderabad,Beauty,Sunscreen,2,1820.95,0.15,3095.615,1317.61,69.89,Net Banking,4,False,Delivered,5
ORD-02672,2023-03-01,CUST97216,Deepa Pillai,29,Female,East,Bhubaneswar,Electronics,Headphones,6,78301.55,0.24,357055.068,61437.6,87.28,Emi,4,False,Delivered,7
ORD-00232,2020-04-11,CUST30800,Rohan Chatterjee,36,Other,Central,Nagpur,Beauty,Perfume,4,171.85,0.03,666.7779999999999,591.14,34.27,Debit Card,3,False,Shipped,8
ORD-00566,2020-09-09,CUST67628,Meera Chatterjee,25,Other,North,Amritsar,Sports,Dumbbells,0,603.71,0.39,0.0,76.01,68.01,Net Banking,3,False,Shipped,9
ORD-01174,2021-06-09,CUST88311,Karan Gupta,31,Female,East,Patna,Groceries,Dal (1Kg),6,57.72,0.0,346.32,48.28,80.69,Emi,3,False,Shipped,5
ORD-00522,2020-08-19,CUST28496,Ritu Gupta,49,F,South,Hyderabad,Furniture,Desk,3,28093.41,0.11,75009.4047,14166.32,69.8,Net Banking,3,True,Returned,3
ORD-03797,2024-07-09,CUST19882,Sanjay Gupta,30,Male,North,Chandigarh,Electronics,Headphones,3,39483.93,0.01,117267.2721,17116.65,68.56,Upi,3,True,Returned,2
ORD-04170,2024-12-16,CUST70820,Nikhil Iyer,14,Male,East,Kolkata,Clothing,Jeans,4,1999.6,0.4,4799.04,1146.6,66.84,Net Banking,3,False,Delivered,6
ORD-02613,2023-02-09,CUST69520,Vikram Pillai,18,Male,North,Delhi,Sports,Yoga Mat,1,12495.08,0.27,9121.4084,1686.4,55.06,Credit Card,5,False,Delivered,9
ORD-04164,2024-12-14,CUST96903,Deepa Kapoor,46,Other,North,Amritsar,Furniture,Chair,1,9449.94,0.15,8032.4490000000005,2224.51,32.57,Upi,1,True,Returned,2
ORD-00656,2020-10-22,CUST42875,Sanjay Verma,26,Other,South,Hyderabad,Sports,Cycle,1,12380.73,0.24,9409.3548,2144.64,80.23,Credit Card,4,False,Cancelled,5
ORD-00172,2020-03-15,CUST40704,Aarav Rao,16,Other,East,Guwahati,Clothing,Saree,2,2448.31,0.35,3182.803,1270.16,79.97,Credit Card,4,False,Delivered,7
ORD-03479,2024-02-21,CUST39897,Sunita Singh,30,Other,South,Chennai,Electronics,Headphones,3,50121.13,0.25,112772.54249999998,18524.0,68.49,Debit Card,5,False,Cancelled,4
ORD-03008,2023-07-26,CUST03875,Arjun Patel,35,Other,North,Chandigarh,Sports,Tennis Racket,5,1956.54,0.2,7826.160000000001,2723.2,60.98,Upi,3,False,Delivered,3
ORD-03519,2024-03-09,CUST89317,Vikram Singh,28,Other,North,Ludhiana,Electronics,Laptop,5,35958.57,0.23,138440.4945,18318.66,45.69,Upi,1,False,Delivered,6
ORD-01711,2022-02-01,CUST71903,Rahul Sharma,30,Female,East,Bhubaneswar,Beauty,Shampoo,10,1797.87,0.31,12405.302999999996,2948.45,85.14,Cash On Delivery,3,False,Shipped,4
ORD-01731,2022-02-08,CUST81381,Aarav Bose,65,Male,North,Chandigarh,Groceries,Flour,10,299.21,0.19,2423.601,268.35,16.74,Net Banking,3,False,Delivered,9
ORD-02322,2022-10-05,CUST93809,Kavya Sharma,44,Other,Central,Indore,Furniture,Bookshelf,8,32195.15,0.25,193170.90000000002,53878.3,67.87,Cash On Delivery,2,False,Delivered,4
ORD-01659,2022-01-09,CUST72759,Pooja Patel,26,Other,South,Hyderabad,Furniture,Chair,7,2529.87,0.12,15583.9992,4154.01,90.47,Emi,5,False,Delivered,6
ORD-02365,2022-10-18,CUST12074,Ritu Joshi,51,Female,North,Amritsar,Sports,Football,10,14562.6,0.31,100481.93999999999,18267.52,33.55,Cash On Delivery,5,False,Delivered,4
ORD-00115,2020-02-12,CUST05374,Aditya Chatterjee,39,F,South,Chennai,Beauty,Hair Oil,6,1270.36,0.06,7164.8304,2669.0,62.46,Emi,3,False,Delivered,8
ORD-00800,2020-12-30,CUST77423,Priya Shah,33,Other,East,Patna,Electronics,Camera,7,56504.32,0.3,276871.16799999995,21532.46,53.78,Cash On Delivery,5,False,Delivered,1
ORD-03912,2024-08-17,CUST72269,Ritu Gupta,41,F,South,Bangalore,Electronics,Headphones,3,51479.19,0.25,115828.1775,19016.37,55.15,Upi,3,False,Pending,3
ORD-04036,2024-10-17,CUST12279,Meera Patel,34,Other,North,Ludhiana,Groceries,Flour,8,184.25,0.21,1164.46,77.92,46.09,Credit Card,3,False,Shipped,6
ORD-02381,2022-10-28,CUST35452,Rahul Singh,36,Female,North,Ludhiana,Electronics,Camera,6,6441.62,0.27,28214.2956,5997.64,53.2,Emi,3,False,Cancelled,8
ORD-01862,2022-04-02,CUST38887,Aditya Nair,39,Other,West,Ahmedabad,Groceries,Dal (1Kg),3,475.6,0.18,1169.9760000000003,154.07,65.63,Credit Card,1,False,Shipped,10
ORD-04033,2024-10-16,CUST01456,Ananya Singh,40,Other,Central,Bhopal,Furniture,Chair,2,8590.53,0.23,13229.416200000001,3529.2,40.59,Credit Card,5,False,Delivered,6
ORD-04061,2024-10-27,CUST83988,Arjun Bose,18,Female,North,Ludhiana,Furniture,Bed Frame,1,14589.01,0.2,11671.208,3174.45,52.97,Credit Card,3,False,Delivered,1
ORD-01421,2021-10-02,CUST32538,Amit Rao,24,Other,South,Bangalore,Electronics,Laptop,10,23157.51,0.12,203786.088,21453.69,53.6,Net Banking,3,False,Delivered,4
ORD-03373,2023-12-30,CUST23969,Rahul Mehta,27,Male,Central,Raipur,Books,Textbook,9,609.86,0.14,4720.3164,1923.48,54.96,Emi,3,False,Shipped,1
ORD-02686,2023-03-11,CUST63976,Vikram Verma,42,Male,South,Hyderabad,Clothing,Jacket,8,570.18,0.04,4378.9824,1738.46,56.28,Credit Card,2,False,Delivered,4
ORD-02630,2023-02-14,CUST21078,Meera Kapoor,33,Female,North,Ludhiana,Electronics,Laptop,9,41854.41,0.33,252382.09230000002,30449.06,42.16,Debit Card,2,False,Delivered,8
ORD-01893,2022-04-16,CUST98008,Amit Singh,39,Female,Central,Bhopal,Clothing,Dress,3,3710.29,0.05,10574.3265,5360.81,62.88,Cash On Delivery,4,False,Delivered,4
ORD-01702,2022-01-30,CUST81394,Nikhil Kumar,27,Male,North,Amritsar,Beauty,Hair Oil,10,2477.1,0.19,20064.510000000002,9210.86,24.71,Credit Card,5,False,Cancelled,8
ORD-00781,2020-12-21,CUST92097,Nisha Gupta,44,Male,South,Hyderabad,Sports,Cycle,8,12540.64,0.16,84273.1008,12900.73,44.66,Upi,1,False,Delivered,8
ORD-00983,2021-03-24,CUST01477,Karan Mishra,49,Female,North,Delhi,Sports,Yoga Mat,7,2782.21,0.21,15385.621300000003,1856.34,60.88,Net Banking,3,False,Delivered,4
ORD-01403,2021-09-25,CUST02694,Priya Chatterjee,19,M,Central,Raipur,Beauty,Hair Oil,7,210.31,0.23,1133.5709000000002,600.88,67.46,Upi,5,True,Returned,6
ORD-03420,2024-01-22,CUST83939,Priya Bose,49,Male,Central,Indore,Sports,Tennis Racket,2,11637.71,0.03,22577.157399999996,3894.99,49.76,Emi,4,True,Returned,6
ORD-02386,2022-10-29,CUST85891,Aditya Mishra,30,Male,South,Hyderabad,Books,Self-Help Book,10,1494.95,0.38,9268.69,4806.77,81.37,Credit Card,3,True,Returned,6
ORD-00379,2020-06-10,CUST57932,Rohan Bhat,24,Male,Central,Bhopal,Clothing,Jeans,2,1835.19,0.03,3560.2686,1812.7,37.12,Emi,5,False,Delivered,2
ORD-00734,2020-12-01,CUST76439,Aarav Mishra,25,Other,Central,Indore,Clothing,Dress,2,3263.53,0.28,4699.4832,1284.73,57.51,Net Banking,2,False,Delivered,10
ORD-01911,2022-04-24,CUST11183,Aditya Patel,19,Female,East,Kolkata,Books,Fiction Novel,5,610.98,0.16,2566.116,1422.56,53.99,Cash On Delivery,4,False,Delivered,4
ORD-02647,2023-02-18,CUST98321,Ananya Shah,30,Male,North,Delhi,Books,Cook Book,4,1488.05,0.16,4999.848,1895.88,33.95,Debit Card,3,True,Returned,9
ORD-00664,2020-10-28,CUST76842,Shreya Gupta,47,Female,South,Hyderabad,Books,Textbook,8,513.63,0.17,3410.5031999999997,1009.57,48.54,Cash On Delivery,4,False,Delivered,1
ORD-00346,2020-05-28,CUST21580,Pooja Bhat,35,Other,East,Kolkata,Groceries,Sugar,9,213.6,0.32,1307.2319999999997,193.99,101.52,Net Banking,4,False,Cancelled,4
ORD-03434,2024-01-29,CUST36372,Vikram Gupta,26,Other,North,Amritsar,Beauty,Sunscreen,4,1120.04,0.0,4480.16,1051.2,70.2,Credit Card,5,False,Delivered,6
ORD-02070,2022-07-02,CUST88932,Aditya Pillai,42,Female,North,Ludhiana,Electronics,Headphones,5,14814.19,0.0,74070.95,11127.91,56.42,Debit Card,3,False,Pending,1
ORD-00495,2020-08-05,CUST95892,Vikram Gupta,40,Other,East,Guwahati,Groceries,Rice (5Kg),4,57.97,0.1,208.692,16.67,74.15,Net Banking,3,False,Delivered,9
ORD-01008,2021-04-01,CUST58835,Meera Iyer,45,Male,Central,Bhopal,Groceries,Flour,2,438.16,0.25,657.24,70.3,76.82,Debit Card,5,False,Delivered,2
ORD-01435,2021-10-08,CUST41321,Ritu Bhat,23,Male,North,Chandigarh,Groceries,Cooking Oil,5,312.3,0.12,1374.1200000000001,110.96,25.67,Cash On Delivery,3,False,Delivered,8
ORD-02022,2022-06-10,CUST15844,Rohan Verma,39,Female,East,Guwahati,Clothing,Kurta,3,1256.16,0.05,3580.0560000000005,2331.26,90.36,Emi,5,False,Delivered,9
ORD-00219,2020-04-05,CUST81881,Sanjay Mishra,34,Male,Central,Indore,Beauty,Face Cream,9,1356.81,0.01,12089.177099999999,5273.14,76.63,Credit Card,3,False,Delivered,4
ORD-00138,2020-02-24,CUST54691,Priya Shah,27,Female,East,Patna,Beauty,Sunscreen,3,1655.54,0.25,3724.965,1777.23,81.69,Upi,3,False,Delivered,5
ORD-02813,2023-05-04,CUST45426,Arjun Patel,20,Other,South,Kochi,Beauty,Lipstick,6,2373.35,0.3,9968.069999999998,8565.14,54.97,Cash On Delivery,3,False,Delivered,3
ORD-02397,2022-11-02,CUST53890,Kavya Kapoor,46,Other,North,Chandigarh,Clothing,Dress,3,1457.48,0.04,4197.5424,1139.23,47.06,Credit Card,5,False,Delivered,10
ORD-00617,2020-10-03,CUST56731,Rohan Bhat,52,Female,South,Bangalore,Electronics,Smartwatch,4,72305.61,0.03,280545.7668,28168.08,54.29,Debit Card,4,True,Returned,10
ORD-00973,2021-03-20,CUST18672,Rahul Rao,12,Other,West,Mumbai,Beauty,Hair Oil,3,956.76,0.28,2066.6016,1153.68,89.77,Credit Card,3,False,Delivered,9
ORD-04195,2024-12-28,CUST13220,Ritu Gupta,36,Other,East,Bhubaneswar,Furniture,Desk,9,21875.15,0.01,194907.5865,51700.42,87.08,Credit Card,4,False,Delivered,10
ORD-03605,2024-04-19,CUST13355,Aarav Rao,31,Other,West,Surat,Electronics,Headphones,5,48881.01,0.29,173527.58550000002,14499.23,74.54,Upi,4,False,Shipped,2
ORD-01381,2021-09-15,CUST67856,Ananya Shah,46,Other,East,Bhubaneswar,Books,Comic Book,1,1391.59,0.04,1335.9263999999998,496.68,84.05,Net Banking,4,False,Shipped,5
ORD-02719,2023-03-25,CUST07357,Meera Nair,24,Female,West,Surat,Furniture,Bed Frame,6,16778.26,0.34,66441.90959999998,20899.58,68.68,Upi,3,False,Delivered,9
ORD-00779,2020-12-19,CUST99814,Sunita Reddy,51,Female,North,Amritsar,Electronics,Camera,9,59205.69,0.29,378324.35909999994,26659.17,68.68,Debit Card,4,False,Delivered,8
ORD-04101,2024-11-16,CUST53114,Kavya Bose,35,Female,West,Pune,Electronics,Headphones,3,36271.47,0.08,100109.25720000001,8562.92,64.31,Credit Card,2,True,Returned,10
ORD-03749,2024-06-21,CUST71536,Amit Bose,49,Male,North,Ludhiana,Books,Fiction Novel,6,587.3,0.23,2713.326,1923.83,52.24,Net Banking,5,False,Delivered,5
ORD-01527,2021-11-17,CUST25719,Nikhil Chatterjee,42,Other,North,Ludhiana,Groceries,Tea,3,308.05,0.19,748.5615000000001,41.25,45.78,Cash On Delivery,3,False,Delivered,2
ORD-00164,2020-03-12,CUST97663,Aarav Singh,34,M,North,Ludhiana,Clothing,Kurta,9,3971.91,0.18,29312.695800000005,14702.14,47.38,Cash On Delivery,3,False,Pending,4
ORD-02287,2022-09-19,CUST48005,Deepa Nair,48,Other,South,Chennai,Electronics,Headphones,7,10316.01,0.33,48382.0869,6888.17,90.01,Net Banking,3,False,Delivered,4
ORD-03296,2023-11-25,CUST49836,Amit Bose,32,Other,Central,Raipur,Clothing,Saree,4,2037.61,0.09,7416.9003999999995,2991.98,28.18,Cash On Delivery,1,True,Returned,7
ORD-02542,2023-01-09,CUST20603,Aditya Patel,47,Other,North,Delhi,Furniture,Desk,4,16407.34,0.13,57097.5432,18819.99,55.63,Cash On Delivery,3,False,Delivered,7
ORD-01038,2021-04-15,CUST91204,Ananya Mishra,43,Other,East,Patna,Furniture,Chair,9,19514.51,0.0,175630.59,71953.35,87.81,Debit Card,1,True,Returned,9
ORD-00886,2021-02-04,CUST50029,Rohan Mehta,27,Other,West,Mumbai,Clothing,T-Shirt,10,1064.5,0.2,8516.0,3321.3,64.42,Cash On Delivery,4,False,Delivered,9
ORD-02510,2022-12-25,CUST29676,Arjun Rao,43,Other,South,Hyderabad,Beauty,Shampoo,4,1024.2,0.28,2949.696,485.53,57.96,Net Banking,2,False,Delivered,9
ORD-03352,2023-12-20,CUST97209,Karan Iyer,36,Female,South,Bangalore,Sports,Cricket Bat,5,11277.04,0.03,54693.644,14946.09,96.43,Emi,2,False,Shipped,8
ORD-03714,2024-06-07,CUST48600,Kavya Reddy,23,Female,East,Kolkata,Clothing,Saree,6,3566.25,0.19,17331.975000000002,12874.37,94.51,Emi,5,False,Delivered,2
ORD-00941,2021-03-01,CUST76016,Sanjay Gupta,27,Other,South,Hyderabad,Sports,Tennis Racket,1,10397.72,0.0,10397.72,2948.56,88.19,Net Banking,1,False,Shipped,2
ORD-00669,2020-10-29,CUST66974,Aarav Sharma,34,Other,East,Guwahati,Clothing,Kurta,3,562.94,0.27,1232.8386,309.8,88.97,Upi,2,True,Returned,1
ORD-00737,2020-12-02,CUST84086,Priya Singh,21,Male,North,Amritsar,Groceries,Tea,9,335.03,0.34,1990.0781999999995,93.14,59.48,Net Banking,4,True,Returned,1
ORD-02712,2023-03-22,CUST21655,Amit Reddy,29,Other,North,Chandigarh,Groceries,Sugar,8,172.53,0.22,1076.5872,177.24,47.93,Credit Card,3,False,Delivered,4
ORD-03079,2023-08-22,CUST74717,Ananya Bhat,24,Female,East,Patna,Sports,Cricket Bat,1,7788.48,0.16,6542.3232,2560.56,67.88,Emi,4,False,Shipped,3
ORD-00093,2020-02-06,CUST28742,Kavya Bhat,38,Female,East,Kolkata,Beauty,Hair Oil,3,1535.87,0.04,4423.3056,1346.8,86.51,Cash On Delivery,5,True,Returned,7
ORD-02847,2023-05-25,CUST62909,Aditya Bose,31,Female,West,Ahmedabad,Groceries,Flour,8,399.28,0.11,2842.8736,406.96,62.93,Cash On Delivery,4,False,Shipped,2
ORD-02511,2022-12-25,CUST68061,Sunita Chatterjee,34,Male,South,Hyderabad,Groceries,Rice (5Kg),7,89.81,0.34,414.9222,31.2,64.12,Emi,3,False,Delivered,5
ORD-01066,2021-04-27,CUST14264,Ananya Singh,35,Male,North,Delhi,Sports,Tennis Racket,6,7246.81,0.0,43480.86,9498.99,40.22,Cash On Delivery,4,False,Delivered,10
ORD-03053,2023-08-13,CUST70734,Meera Kumar,30,Female,Central,Nagpur,Furniture,Desk,10,5902.83,0.26,43680.942,21436.01,63.39,Credit Card,3,False,Delivered,7
ORD-03174,2023-10-04,CUST00106,Ananya Bhat,21,Female,Central,Indore,Books,Cook Book,9,641.84,0.0,5776.56,2471.08,20.79,Cash On Delivery,1,False,Delivered,5
ORD-03942,2024-08-27,CUST76909,Arjun Bose,29,Male,South,Hyderabad,Sports,Yoga Mat,9,4499.21,0.06,38063.3166,12249.26,66.59,Net Banking,2,False,Delivered,4
ORD-00201,2020-03-30,CUST39806,Sanjay Bhat,27,Other,West,Mumbai,Beauty,Face Cream,4,2430.1,0.03,9428.787999999999,5472.38,60.42,Debit Card,5,False,Delivered,1
ORD-00582,2020-09-17,CUST42583,Nisha Rao,31,Other,South,Bangalore,Books,Cook Book,1,587.49,0.09,534.6159,178.2,82.7,Debit Card,3,False,Delivered,6
ORD-00571,2020-09-10,CUST29775,Deepa Sharma,16,Other,Central,Raipur,Books,Biography,1,565.12,0.08,519.9104,249.41,49.52,Upi,4,False,Delivered,4
ORD-02281,2022-09-18,CUST68153,Aditya Das,45,Female,North,Amritsar,Beauty,Perfume,9,2226.07,0.16,16829.0892,7612.81,50.45,Emi,4,False,Delivered,2
ORD-02777,2023-04-17,CUST15930,Rahul Bhat,33,Female,North,Chandigarh,Beauty,Face Cream,6,438.59,0.26,1947.3396,1014.02,64.81,Net Banking,3,True,Returned,9
ORD-01949,2022-05-11,CUST55786,Deepa Mehta,20,Female,South,Chennai,Beauty,Face Cream,6,2429.19,0.34,9619.592399999998,8055.68,40.45,Upi,2,False,Delivered,10
ORD-01516,2021-11-14,CUST58345,Nikhil Mishra,24,Other,South,Kochi,Electronics,Smartphone,7,19882.94,0.29,98818.21179999999,8287.36,61.0,Emi,1,False,Shipped,3
ORD-01425,2021-10-04,CUST22978,Nikhil Bhat,34,Male,North,Ludhiana,Sports,Cycle,4,13459.01,0.32,36608.5072,10601.74,48.42,Credit Card,2,False,Delivered,6
ORD-02846,2023-05-25,CUST56492,Ananya Gupta,35,Male,South,Kochi,Furniture,Wardrobe,10,31142.23,0.12,274051.624,133297.06,90.65,Upi,4,False,Cancelled,1
ORD-00619,2020-10-04,CUST73824,Rohan Kapoor,36,Male,Central,Raipur,Furniture,Wardrobe,5,11291.76,0.4,33875.28,5332.78,40.67,Credit Card,4,False,Shipped,6
ORD-02258,2022-09-10,CUST95281,Shreya Bose,34,Male,East,Kolkata,Sports,Football,0,541.85,0.04,0.0,107.23,87.16,Upi,2,False,Delivered,1
ORD-03441,2024-02-01,CUST02308,Rahul Sharma,21,Female,South,Hyderabad,Electronics,Smartwatch,6,71178.54,0.11,380093.4036,50570.5,74.9,Upi,3,False,Delivered,2
ORD-01690,2022-01-23,CUST13726,Sanjay Joshi,42,Other,East,Guwahati,Books,Self-Help Book,1,293.65,0.21,231.9835,87.2,77.91,Credit Card,3,False,Shipped,3
ORD-01139,2021-05-29,CUST11240,Deepa Iyer,37,Other,West,Pune,Clothing,Saree,5,3466.72,0.15,14733.559999999998,8403.3,47.97,Net Banking,3,False,Pending,8
ORD-02223,2022-08-28,CUST98444,Ritu Mehta,15,Male,East,Guwahati,Sports,Dumbbells,1,8591.44,0.03,8333.6968,2988.26,69.66,Upi,3,False,Delivered,8
ORD-01042,2021-04-18,CUST52708,Shreya Bhat,31,Female,North,Delhi,Beauty,Lipstick,7,1384.15,0.23,7460.568500000001,4454.79,62.32,Debit Card,4,False,Delivered,9
ORD-00452,2020-07-18,CUST52335,Nisha Patel,52,Male,West,Ahmedabad,Books,Textbook,4,565.17,0.05,2147.6459999999997,1227.07,78.29,Credit Card,4,False,Delivered,6
ORD-00028,2020-01-11,CUST03400,Karan Mishra,23,Male,Central,Indore,Sports,Football,7,12178.99,0.01,84400.4007,17076.44,51.51,Upi,5,False,Cancelled,10
ORD-03478,2024-02-20,CUST86909,Amit Reddy,44,Female,Central,Nagpur,Groceries,Rice (5Kg),7,447.52,0.3,2192.848,182.91,47.41,Cash On Delivery,3,False,Delivered,5
ORD-00350,2020-05-30,CUST72810,Arjun Reddy,26,Male,East,Guwahati,Clothing,Kurta,10,2738.51,0.12,24098.888000000003,10815.02,81.19,Credit Card,5,False,Delivered,4
ORD-02384,2022-10-28,CUST51225,Ananya Kumar,23,Other,West,Mumbai,Sports,Dumbbells,0,10898.37,0.05,0.0,2224.47,82.53,Debit Card,5,False,Cancelled,10
ORD-02052,2022-06-23,CUST10079,Pooja Singh,29,Male,South,Bangalore,Electronics,Smartwatch,8,48445.16,0.26,286795.3472,63270.83,70.06,Cash On Delivery,5,False,Delivered,8
ORD-01961,2022-05-16,CUST60023,Rohan Rao,32,Female,West,Mumbai,Sports,Dumbbells,6,1826.8,0.07,10193.543999999998,3473.29,74.41,Credit Card,2,True,Returned,6
ORD-00404,2020-06-22,CUST02130,Vikram Shah,16,Female,West,Ahmedabad,Books,Textbook,3,541.31,0.06,1526.4941999999999,731.39,56.62,Cash On Delivery,5,False,Delivered,8
ORD-00742,2020-12-03,CUST42571,Meera Kumar,39,Male,West,Pune,Books,Comic Book,2,1291.54,0.29,1833.9868,359.86,74.76,Emi,3,False,Delivered,4
ORD-00317,2020-05-19,CUST52213,Kavya Iyer,53,Other,South,Bangalore,Groceries,Rice (5Kg),4,429.54,0.06,1615.0704,148.28,61.97,Credit Card,2,True,Returned,7
ORD-02982,2023-07-15,CUST81628,Rahul Shah,33,Other,West,Surat,Beauty,Perfume,10,2340.48,0.0,23404.8,16769.4,65.62,Emi,2,False,Delivered,9
ORD-03440,2024-02-01,CUST60633,Priya Mehta,28,Male,East,Kolkata,Clothing,Dress,6,604.18,0.2,2900.0640000000003,661.77,84.73,Debit Card,5,False,Delivered,2
ORD-00318,2020-05-20,CUST80292,Ritu Shah,20,Other,Central,Raipur,Sports,Tennis Racket,7,4673.19,0.33,21917.261099999996,7454.48,59.8,Cash On Delivery,1,False,Delivered,4
ORD-02292,2022-09-21,CUST08013,Ritu Gupta,41,Other,East,Bhubaneswar,Sports,Yoga Mat,2,8645.73,0.24,13141.5096,3461.36,94.07,Emi,4,True,Returned,3
ORD-04161,2024-12-11,CUST28262,Aarav Patel,22,Male,South,Chennai,Groceries,Rice (5Kg),3,55.73,0.25,125.3925,9.16,67.07,Credit Card,4,True,Returned,9
ORD-02099,2022-07-12,CUST13620,Amit Das,39,Male,South,Hyderabad,Beauty,Shampoo,4,1632.26,0.4,3917.424,2226.87,61.99,Upi,4,False,Delivered,7
ORD-00129,2020-02-19,CUST20302,Aditya Gupta,48,Other,South,Bangalore,Clothing,Saree,8,967.73,0.36,4954.7776,1596.92,73.93,Credit Card,3,True,Returned,6
ORD-03339,2023-12-16,CUST29727,Amit Kumar,29,Male,South,Chennai,Furniture,Desk,9,14900.48,0.2,107283.456,31355.08,45.89,Debit Card,4,False,Delivered,9
ORD-02780,2023-04-18,CUST00961,Nisha Kumar,37,F,Central,Nagpur,Beauty,Perfume,8,899.3,0.17,5971.352,3421.59,71.55,Credit Card,2,False,Delivered,3
ORD-01597,2021-12-14,CUST58607,Kavya Kumar,25,Male,Central,Indore,Beauty,Face Cream,1,2412.42,0.02,2364.1716,770.96,51.08,Cash On Delivery,1,False,Delivered,10
ORD-02643,2023-02-17,CUST02524,Amit Patel,50,Male,West,Pune,Sports,Cricket Bat,6,9703.74,0.16,48906.8496,8966.19,50.19,Emi,1,False,Delivered,7
ORD-03586,2024-04-09,CUST91393,Meera Pillai,42,Other,North,Ludhiana,Sports,Cycle,1,7923.79,0.02,7765.3142,3631.41,54.15,Cash On Delivery,3,False,Shipped,6
ORD-02974,2023-07-11,CUST06333,Amit Verma,44,Other,North,Amritsar,Clothing,Jacket,6,1202.81,0.08,6639.5112,2700.5,84.89,Net Banking,1,True,Returned,6
ORD-03801,2024-07-11,CUST68786,Rahul Sharma,38,Other,West,Mumbai,Sports,Football,2,13574.46,0.31,18732.7548,9812.3,49.47,Net Banking,3,False,Delivered,7
ORD-01247,2021-07-16,CUST10958,Rahul Nair,52,Male,North,Chandigarh,Sports,Tennis Racket,9,10077.49,0.34,59860.29059999999,16599.27,71.95,Cash On Delivery,3,False,Delivered,2
ORD-03405,2024-01-14,CUST34808,Ritu Shah,36,Male,North,Chandigarh,Electronics,Smartwatch,1,16829.03,0.04,16155.868799999998,2537.33,43.96,Credit Card,1,True,Returned,9
ORD-03621,2024-04-23,CUST65858,Karan Nair,24,Female,East,Kolkata,Clothing,Kurta,10,3066.81,0.02,30054.737999999998,19208.34,77.64,Net Banking,2,False,Delivered,9
ORD-02856,2023-05-28,CUST18697,Karan Verma,54,Female,North,Chandigarh,Furniture,Bed Frame,8,30782.92,0.11,219174.3904,116445.94,61.27,Emi,3,False,Delivered,2
ORD-01999,2022-06-01,CUST83431,Aditya Patel,53,Other,West,Mumbai,Beauty,Sunscreen,7,1167.86,0.15,6948.767,5022.26,56.89,Debit Card,2,False,Delivered,8
ORD-02823,2023-05-11,CUST96063,Shreya Iyer,25,Other,North,Chandigarh,Electronics,Smartphone,9,6647.49,0.34,39486.090599999996,8595.88,51.47,Cash On Delivery,4,False,Delivered,8
ORD-00051,2020-01-20,CUST27973,Shreya Pillai,13,Male,South,Hyderabad,Beauty,Perfume,6,1952.59,0.14,10075.364399999999,3867.94,38.17,Credit Card,1,False,Shipped,8
ORD-01937,2022-05-05,CUST01091,Sunita Das,32,Male,West,Pune,Beauty,Shampoo,3,1685.48,0.05,4803.618,3034.89,79.19,Debit Card,1,False,Cancelled,1
ORD-01851,2022-03-30,CUST81634,Ananya Kumar,36,Male,West,Surat,Electronics,Tablet,1,28957.64,0.33,19401.618799999997,1514.95,63.73,Debit Card,5,False,Delivered,10
ORD-03966,2024-09-07,CUST46541,Deepa Das,32,Other,East,Kolkata,Beauty,Perfume,3,1229.88,0.16,3099.2976000000003,2310.74,75.88,Credit Card,5,False,Pending,4
ORD-02914,2023-06-13,CUST62247,Aditya Rao,47,Male,South,Hyderabad,Clothing,Saree,2,1474.66,0.16,2477.4288,1237.15,83.0,Cash On Delivery,2,False,Delivered,9
ORD-03096,2023-08-30,CUST81977,Sunita Verma,35,Female,East,Patna,Groceries,Dal (1Kg),9,132.91,0.37,753.5997,95.16,84.31,Cash On Delivery,1,False,Delivered,4
ORD-02175,2022-08-12,CUST77531,Deepa Gupta,37,M,South,Kochi,Beauty,Shampoo,2,2364.83,0.07,4398.583799999999,2254.41,60.96,Emi,1,False,Delivered,4
ORD-03027,2023-08-04,CUST20866,Kavya Rao,26,Female,West,Pune,Sports,Yoga Mat,10,10231.86,0.33,68553.462,17642.86,40.2,Credit Card,2,False,Delivered,9
ORD-03598,2024-04-14,CUST37246,Aarav Mehta,22,Female,East,Patna,Books,Biography,1,675.6,0.09,614.796,301.26,94.17,Net Banking,5,False,Shipped,5
ORD-02959,2023-07-06,CUST01768,Sunita Patel,34,Female,Central,Nagpur,Electronics,Headphones,3,69702.56,0.36,133828.9152,30667.19,72.01,Emi,5,False,Delivered,2
ORD-03349,2023-12-20,CUST44606,Nisha Mehta,59,Other,East,Kolkata,Beauty,Face Cream,4,1670.09,0.39,4075.0195999999996,1861.74,94.95,Upi,1,True,Returned,6
ORD-03923,2024-08-20,CUST86711,Ritu Chatterjee,20,Female,West,Ahmedabad,Furniture,Bed Frame,7,14200.86,0.14,85489.1772,37065.68,54.52,Debit Card,2,False,Delivered,10
ORD-01417,2021-09-30,CUST32469,Aditya Das,31,Male,East,Patna,Books,Comic Book,3,751.24,0.34,1487.4551999999999,458.13,103.5,Debit Card,3,False,Delivered,10
ORD-03066,2023-08-18,CUST82969,Ritu Joshi,50,Female,South,Hyderabad,Furniture,Wardrobe,7,34829.83,0.27,177980.4313,87253.16,74.92,Emi,1,False,Delivered,9
ORD-00432,2020-07-09,CUST05737,Karan Bose,36,Other,South,Chennai,Clothing,T-Shirt,2,2956.54,0.38,3666.1096,1730.04,80.22,Debit Card,4,False,Delivered,3
ORD-03073,2023-08-20,CUST40607,Amit Kapoor,29,Male,Central,Bhopal,Sports,Tennis Racket,4,5660.42,0.24,17207.6768,4781.05,52.61,Upi,5,False,Shipped,6
ORD-00064,2020-01-23,CUST37898,Shreya Patel,53,Female,North,Ludhiana,Clothing,Kurta,1,3054.0,0.03,2962.38,558.25,82.49,Emi,4,False,Delivered,9
ORD-03968,2024-09-08,CUST99406,Ritu Gupta,28,Other,West,Ahmedabad,Clothing,Jeans,1,3018.11,0.0,3018.11,922.32,65.86,Debit Card,3,False,Cancelled,3
ORD-00447,2020-07-16,CUST75670,Kavya Mehta,20,Other,East,Patna,Books,Biography,4,585.03,0.39,1427.4732,656.23,105.88,Net Banking,5,False,Delivered,1
ORD-00174,2020-03-16,CUST91348,Meera Reddy,35,Other,North,Chandigarh,Groceries,Flour,9,167.67,0.25,1131.7725,93.59,68.23,Cash On Delivery,1,False,Delivered,7
ORD-03612,2024-04-21,CUST81078,Shreya Mishra,46,Female,North,Delhi,Books,Fiction Novel,9,518.93,0.18,3829.7034000000003,2092.32,33.55,Net Banking,3,False,Delivered,3
ORD-03829,2024-07-23,CUST62705,Sunita Rao,12,Other,South,Kochi,Books,Textbook,9,1016.4,0.28,6586.272,5111.04,85.13,Emi,2,False,Delivered,5
ORD-04098,2024-11-15,CUST64023,Karan Nair,23,Male,South,Hyderabad,Furniture,Desk,9,21959.46,0.26,146250.0036,28723.82,58.03,Debit Card,1,False,Delivered,3
ORD-00959,2021-03-11,CUST32919,Ritu Patel,34,Female,North,Chandigarh,Electronics,Tablet,7,75319.55,0.06,495602.63899999997,51762.81,44.32,Debit Card,3,False,Delivered,3
ORD-03243,2023-11-02,CUST21449,Rahul Bose,36,Other,Central,Nagpur,Furniture,Bed Frame,6,12617.99,0.05,71922.543,19527.7,32.57,Debit Card,4,False,Delivered,9
ORD-00153,2020-03-03,CUST65087,Sunita Reddy,35,Female,East,Kolkata,Books,Cook Book,1,928.19,0.29,659.0149,249.77,65.35,Net Banking,5,False,Cancelled,9
ORD-01408,2021-09-26,CUST69520,Sanjay Singh,31,Other,West,Mumbai,Clothing,Jacket,6,1744.18,0.2,8372.064,2737.92,72.31,Cash On Delivery,5,False,Shipped,5
ORD-03874,2024-08-07,CUST96272,Meera Shah,34,Female,North,Ludhiana,Beauty,Lipstick,8,1652.49,0.27,9650.5416,5014.0,26.94,Net Banking,1,False,Delivered,2
ORD-01605,2021-12-16,CUST74310,Rohan Bhat,29,Female,West,Surat,Clothing,Dress,1,3977.51,0.3,2784.257,447.76,61.65,Upi,1,False,Delivered,9
ORD-03886,2024-08-09,CUST37843,Rahul Iyer,22,Other,West,Mumbai,Books,Cook Book,10,742.8,0.27,5422.44,2273.34,49.53,Cash On Delivery,5,False,Delivered,2
ORD-00508,2020-08-13,CUST12889,Priya Verma,21,Other,West,Surat,Groceries,Sugar,10,321.17,0.36,2055.4880000000003,181.47,51.28,Net Banking,5,False,Delivered,1
ORD-00161,2020-03-09,CUST18225,Deepa Chatterjee,33,Male,South,Hyderabad,Books,Textbook,6,997.06,0.35,3888.534,1433.29,49.84,Cash On Delivery,3,False,Delivered,4
ORD-02799,2023-04-28,CUST04344,Rahul Bose,35,Female,South,Hyderabad,Groceries,Flour,10,310.75,0.28,2237.4,220.38,68.83,Emi,3,False,Delivered,7
ORD-03209,2023-10-19,CUST57413,Karan Patel,23,Female,Central,Indore,Sports,Cycle,3,13795.34,0.33,27728.6334,7482.85,39.48,Credit Card,5,False,Delivered,9
ORD-02760,2023-04-10,CUST27593,Nikhil Shah,49,Male,West,Pune,Sports,Cycle,3,11672.79,0.26,25913.593800000002,10514.43,77.35,Emi,2,False,Shipped,2
ORD-01910,2022-04-24,CUST00866,Nisha Joshi,18,Female,Central,Raipur,Electronics,Tablet,1,23696.79,0.36,15165.945600000001,2981.96,18.02,Emi,4,False,Delivered,9
ORD-03867,2024-08-05,CUST39793,Shreya Mishra,48,Male,South,Kochi,Electronics,Laptop,8,50411.34,0.17,334731.29759999993,74291.94,56.86,Upi,2,False,Delivered,7
ORD-00740,2020-12-03,CUST43436,Aarav Verma,36,Female,East,Bhubaneswar,Beauty,Face Cream,5,1245.93,0.14,5357.499000000001,1585.85,84.66,Cash On Delivery,4,False,Delivered,4
ORD-03403,2024-01-13,CUST49423,Ananya Rao,43,Male,North,Ludhiana,Furniture,Bed Frame,4,10877.51,0.4,26106.024,5507.59,72.07,Net Banking,5,False,Delivered,9
ORD-03091,2023-08-29,CUST39206,Amit Mehta,32,Other,South,Kochi,Furniture,Desk,6,11929.15,0.13,62270.16299999999,15285.49,66.85,Net Banking,5,False,Cancelled,4
ORD-02040,2022-06-17,CUST10264,Ritu Bose,21,Other,North,Ludhiana,Beauty,Hair Oil,9,217.37,0.23,1506.3741,949.07,51.63,Emi,2,True,Returned,8
ORD-03367,2023-12-29,CUST44669,Sunita Mishra,33,Other,Central,Bhopal,Electronics,Smartphone,4,76576.24,0.36,196035.17440000002,19680.31,60.02,Net Banking,5,False,Delivered,2
ORD-00724,2020-11-27,CUST48812,Arjun Reddy,25,Other,North,Delhi,Sports,Yoga Mat,1,8581.84,0.17,7122.9272,941.93,62.41,Upi,3,False,Delivered,6
ORD-00841,2021-01-20,CUST59671,Vikram Bhat,28,F,East,Bhubaneswar,Groceries,Rice (5Kg),4,246.81,0.32,671.3231999999999,41.55,95.51,Cash On Delivery,2,False,Cancelled,6
ORD-02230,2022-08-30,CUST49677,Vikram Rao,36,Other,East,Kolkata,Sports,Dumbbells,5,13503.49,0.07,62791.22849999999,10338.38,81.11,Debit Card,3,False,Delivered,9
ORD-00031,2020-01-12,CUST59076,Nisha Shah,34,Male,West,Mumbai,Furniture,Bed Frame,9,5472.53,0.02,48267.7146,10855.26,69.37,Net Banking,2,False,Delivered,3
ORD-02694,2023-03-14,CUST76215,Ananya Reddy,49,Female,North,Chandigarh,Clothing,T-Shirt,9,3251.19,0.13,25456.8177,8081.15,70.98,Debit Card,2,True,Returned,9
ORD-03260,2023-11-09,CUST04203,Ananya Patel,41,Female,Central,Bhopal,Beauty,Hair Oil,4,1738.78,0.07,6468.2616,1693.39,61.38,Net Banking,1,True,Returned,2
ORD-00624,2020-10-06,CUST07175,Kavya Joshi,44,Male,East,Kolkata,Electronics,Smartwatch,8,67654.44,0.02,530410.8096,54905.07,62.12,Emi,2,False,Pending,6
ORD-02814,2023-05-04,CUST78368,Nisha Iyer,31,Male,East,Bhubaneswar,Clothing,Jeans,3,3314.75,0.06,9347.595,3519.97,85.4,Debit Card,2,False,Delivered,8
ORD-02201,2022-08-17,CUST38678,Karan Reddy,25,Male,West,Surat,Electronics,Headphones,4,67647.58,0.07,251648.9976,36275.65,52.43,Emi,2,False,Delivered,8
ORD-00209,2020-04-01,CUST38184,Amit Bhat,43,Other,North,Chandigarh,Books,Fiction Novel,2,630.66,0.15,1072.1219999999998,414.77,75.82,Cash On Delivery,3,False,Delivered,6
ORD-02795,2023-04-26,CUST45978,Nikhil Iyer,26,M,West,Mumbai,Beauty,Shampoo,8,566.96,0.36,2902.8352000000004,2029.92,60.59,Debit Card,3,False,Delivered,5
ORD-00552,2020-09-02,CUST21371,Pooja Rao,34,Male,West,Mumbai,Beauty,Face Cream,2,2054.29,0.27,2999.2634,1143.86,51.63,Credit Card,2,False,Cancelled,10
ORD-02373,2022-10-23,CUST88880,Nisha Shah,8,Male,West,Surat,Electronics,Smartphone,6,79286.42,0.37,299702.6676,33087.68,61.66,Debit Card,3,False,Delivered,8
ORD-01147,2021-05-30,CUST78239,Pooja Chatterjee,36,Other,South,Hyderabad,Clothing,Jeans,6,3055.06,0.0,18330.36,8925.17,69.22,Emi,3,False,Delivered,4
ORD-03780,2024-07-03,CUST38828,Shreya Bose,45,Male,Central,Raipur,Groceries,Tea,9,276.93,0.27,1819.4300999999998,275.46,47.94,Upi,3,False,Delivered,6
ORD-00097,2020-02-07,CUST92061,Aditya Kumar,27,Other,South,Kochi,Beauty,Hair Oil,1,918.65,0.09,835.9715,333.85,73.92,Credit Card,3,False,Shipped,10
ORD-03102,2023-09-03,CUST37184,Karan Verma,25,Male,Central,Raipur,Furniture,Bed Frame,1,11522.93,0.02,11292.4714,3173.42,65.43,Upi,5,False,Delivered,5
ORD-03648,2024-05-04,CUST67942,Rohan Bhat,28,Male,West,Ahmedabad,Electronics,Tablet,2,32171.04,0.1,57907.872,9495.02,70.88,Debit Card,3,True,Returned,7
ORD-02349,2022-10-13,CUST17978,Meera Verma,55,Other,Central,Nagpur,Electronics,Laptop,7,16843.15,0.36,75457.31200000002,8190.65,81.28,Cash On Delivery,3,False,Delivered,3
ORD-02944,2023-06-30,CUST91370,Rahul Bhat,41,Other,North,Amritsar,Sports,Dumbbells,7,4046.0,0.11,25206.58,9372.63,42.33,Debit Card,2,False,Delivered,6
ORD-03085,2023-08-25,CUST66243,Karan Shah,31,Other,North,Ludhiana,Books,Fiction Novel,10,260.93,0.13,2270.0910000000003,1435.04,28.36,Cash On Delivery,3,False,Delivered,1
ORD-03781,2024-07-03,CUST02825,Nikhil Joshi,31,M,South,Kochi,Sports,Tennis Racket,5,4630.14,0.29,16436.997,3969.38,82.73,Debit Card,3,False,Delivered,5
ORD-00116,2020-02-12,CUST51634,Sunita Bose,52,Male,East,Patna,Sports,Tennis Racket,4,5949.42,0.34,15706.468799999999,2670.63,82.54,Emi,5,False,Delivered,4
ORD-02593,2023-02-01,CUST54751,Vikram Sharma,40,Male,Central,Raipur,Beauty,Shampoo,3,2052.63,0.2,4926.312000000001,2360.34,38.92,Cash On Delivery,5,False,Delivered,8
ORD-01196,2021-06-23,CUST09212,Ritu Mishra,40,Other,East,Guwahati,Electronics,Headphones,1,40389.09,0.0,40389.09,5290.6,91.67,Cash On Delivery,5,False,Pending,10
ORD-03379,2023-12-31,CUST97050,Nisha Iyer,47,Female,South,Kochi,Sports,Yoga Mat,3,2123.23,0.11,5669.0241000000005,1126.66,78.63,Net Banking,1,False,Delivered,10
ORD-01829,2022-03-22,CUST59422,Vikram Das,44,Other,Central,Raipur,Beauty,Face Cream,1,2044.93,0.23,1574.5961,565.0,44.76,Upi,2,True,Returned,2
ORD-03844,2024-07-29,CUST42003,Kavya Shah,29,Female,East,Kolkata,Beauty,Lipstick,3,1864.31,0.0,5592.93,4184.16,66.81,Debit Card,2,False,Cancelled,5
ORD-00374,2020-06-08,CUST62120,Pooja Pillai,21,Male,East,Guwahati,Clothing,Jacket,9,3409.51,0.33,20559.3453,12568.82,97.18,Upi,3,False,Cancelled,3
ORD-03261,2023-11-09,CUST80345,Pooja Verma,32,Male,South,Kochi,Electronics,Laptop,4,71997.6,0.08,264951.168,25389.57,76.9,Cash On Delivery,2,False,Delivered,3
ORD-03347,2023-12-18,CUST96482,Pooja Chatterjee,36,Other,East,Kolkata,Electronics,Headphones,0,21214.09,0.05,0.0,1927.45,99.77,Debit Card,2,False,Cancelled,2
ORD-02239,2022-09-03,CUST33232,Ritu Kumar,57,Other,West,Pune,Clothing,T-Shirt,3,3199.67,0.02,9407.0298,3697.29,67.55,Upi,5,False,Delivered,9
ORD-00922,2021-02-22,CUST58356,Ananya Sharma,38,Other,West,Ahmedabad,Books,Textbook,4,386.28,0.3,1081.5839999999998,513.15,50.89,Emi,5,False,Delivered,5
ORD-00807,2021-01-04,CUST38805,Nikhil Joshi,26,Female,West,Pune,Furniture,Desk,2,7006.2,0.24,10649.423999999999,2133.62,67.35,Upi,2,False,Delivered,7
ORD-00434,2020-07-09,CUST66878,Shreya Rao,28,Other,East,Kolkata,Books,Self-Help Book,2,472.49,0.2,755.984,475.52,89.97,Credit Card,2,False,Delivered,1
ORD-03887,2024-08-10,CUST50038,Kavya Reddy,32,Male,East,Patna,Beauty,Face Cream,6,1237.08,0.08,6828.6816,5178.08,78.37,Emi,3,False,Delivered,10
ORD-03107,2023-09-04,CUST95163,Priya Pillai,28,Male,West,Mumbai,Furniture,Chair,0,18140.26,0.03,0.0,6686.71,61.79,Upi,4,False,Shipped,10
ORD-03010,2023-07-27,CUST41279,Amit Sharma,43,Other,South,Bangalore,Electronics,Smartwatch,4,14557.67,0.17,48331.4644,9451.45,67.92,Debit Card,2,False,Shipped,5
ORD-01239,2021-07-13,CUST27651,Amit Chatterjee,36,Female,West,Pune,Groceries,Rice (5Kg),4,88.17,0.18,289.1976,36.13,74.3,Cash On Delivery,1,True,Returned,7
ORD-01115,2021-05-17,CUST88128,Nikhil Patel,40,Other,North,Ludhiana,Sports,Cycle,4,8417.94,0.17,27947.5608,7946.19,44.41,Cash On Delivery,3,True,Returned,3
ORD-00015,2020-01-05,CUST32301,Arjun Bhat,41,Male,South,Kochi,Groceries,Tea,6,375.14,0.19,1823.1804000000002,89.5,54.85,Debit Card,1,False,Delivered,9
ORD-03772,2024-06-30,CUST20093,Arjun Pillai,38,Female,East,Kolkata,Clothing,Jeans,1,940.26,0.15,799.221,538.04,74.32,Debit Card,5,False,Delivered,4
ORD-03934,2024-08-25,CUST52420,Pooja Patel,37,Male,Central,Nagpur,Books,Textbook,4,504.03,0.09,1834.6692,1074.69,58.2,Emi,5,False,Delivered,1
ORD-03468,2024-02-13,CUST47776,Arjun Das,38,Female,South,Kochi,Groceries,Cooking Oil,9,121.9,0.27,800.883,88.91,66.37,Debit Card,5,False,Delivered,9
ORD-00677,2020-11-02,CUST61386,Karan Verma,40,Male,North,Amritsar,Electronics,Headphones,10,28972.39,0.33,194115.013,13703.51,50.2,Emi,3,False,Delivered,8
ORD-00503,2020-08-11,CUST41086,Ananya Kumar,38,Male,South,Hyderabad,Sports,Football,10,12293.17,0.28,88510.824,22757.35,56.34,Emi,4,False,Delivered,6
ORD-02456,2022-11-30,CUST02238,Shreya Kapoor,21,Male,Central,Nagpur,Electronics,Smartphone,10,46339.99,0.36,296575.936,36961.78,81.54,Cash On Delivery,3,False,Delivered,9
ORD-00263,2020-04-25,CUST31785,Karan Rao,18,Female,Central,Bhopal,Electronics,Laptop,0,77507.61,0.11,0.0,9703.67,60.01,Debit Card,1,False,Delivered,5
ORD-01657,2022-01-08,CUST72051,Sunita Bhat,32,Male,West,Mumbai,Beauty,Sunscreen,2,332.8,0.24,505.85600000000005,235.77,47.12,Net Banking,1,False,Delivered,2
ORD-03364,2023-12-28,CUST81812,Pooja Chatterjee,20,Female,North,Chandigarh,Clothing,T-Shirt,3,2696.4,0.19,6552.252000000001,1848.17,57.33,Credit Card,5,False,Delivered,10
ORD-03526,2024-03-11,CUST01333,Meera Kumar,14,Female,South,Hyderabad,Sports,Football,8,14238.38,0.39,69483.2944,21335.83,73.75,Upi,3,True,Returned,3
ORD-01705,2022-01-30,CUST77601,Rohan Mishra,54,Other,West,Mumbai,Furniture,Wardrobe,5,15638.22,0.12,68808.16799999999,13304.82,71.64,Credit Card,1,False,Delivered,4
ORD-00050,2020-01-19,CUST20234,Rahul Patel,30,Other,South,Hyderabad,Clothing,Jacket,9,1560.64,0.03,13624.3872,2702.45,71.03,Cash On Delivery,5,False,Delivered,4
ORD-03151,2023-09-27,CUST28094,Meera Shah,39,Male,East,Patna,Sports,Dumbbells,5,3167.34,0.17,13144.461,2543.83,66.83,Upi,4,False,Delivered,10
ORD-03880,2024-08-09,CUST49372,Rahul Rao,34,Male,East,Bhubaneswar,Beauty,Perfume,10,323.84,0.18,2655.488,1548.57,79.93,Credit Card,5,False,Delivered,7
ORD-01784,2022-03-02,CUST21830,Shreya Joshi,17,Other,South,Bangalore,Sports,Tennis Racket,5,5150.64,0.37,16224.516000000001,3851.26,75.38,Upi,4,False,Pending,3
ORD-01483,2021-10-27,CUST97519,Amit Singh,15,Other,Central,Bhopal,Furniture,Wardrobe,8,31666.8,0.27,184934.112,48229.69,70.27,Net Banking,3,False,Delivered,5
ORD-01746,2022-02-14,CUST09453,Arjun Gupta,30,Male,North,Delhi,Clothing,Jeans,4,3616.81,0.01,14322.5676,3640.83,40.58,Debit Card,4,False,Shipped,2
ORD-02669,2023-02-28,CUST70473,Nisha Gupta,34,Male,Central,Nagpur,Electronics,Tablet,8,28881.53,0.38,143252.3888,14990.91,36.68,Credit Card,3,False,Shipped,6
ORD-01671,2022-01-17,CUST45922,Sunita Chatterjee,44,Other,Central,Bhopal,Beauty,Lipstick,9,1064.67,0.33,6419.960099999999,3280.89,74.79,Cash On Delivery,4,True,Returned,10
ORD-00944,2021-03-02,CUST74789,Ritu Bose,32,Male,North,Delhi,Groceries,Sugar,9,172.48,0.16,1303.9488,111.05,48.27,Debit Card,2,False,Delivered,6
ORD-02251,2022-09-08,CUST41014,Deepa Bhat,26,Other,West,Surat,Furniture,Bed Frame,2,21391.95,0.09,38933.349,8615.36,88.4,Debit Card,2,True,Returned,3
ORD-00466,2020-07-24,CUST73065,Priya Das,35,Female,Central,Nagpur,Clothing,T-Shirt,1,2855.2,0.19,2312.712,1580.35,65.12,Cash On Delivery,1,False,Delivered,1
ORD-01518,2021-11-15,CUST66356,Rahul Sharma,45,Male,West,Surat,Clothing,Jacket,2,1623.15,0.33,2175.0209999999997,726.9,45.5,Credit Card,3,False,Pending,2
ORD-01384,2021-09-17,CUST19005,Sanjay Bose,38,Other,East,Bhubaneswar,Clothing,T-Shirt,1,581.13,0.01,575.3187,237.69,85.55,Cash On Delivery,2,False,Delivered,4
ORD-00383,2020-06-12,CUST78014,Vikram Joshi,39,Male,Central,Raipur,Clothing,T-Shirt,8,2755.32,0.2,17634.048000000003,6803.51,48.26,Upi,1,False,Delivered,4
ORD-01525,2021-11-17,CUST73027,Sanjay Kapoor,28,Other,East,Guwahati,Groceries,Dal (1Kg),4,421.33,0.14,1449.3752,97.18,82.0,Credit Card,1,False,Delivered,10
ORD-02930,2023-06-21,CUST27302,Karan Verma,29,Male,West,Ahmedabad,Beauty,Shampoo,10,325.56,0.29,2311.4759999999997,1816.65,46.14,Credit Card,1,False,Cancelled,3
ORD-01440,2021-10-11,CUST84528,Vikram Kapoor,36,Other,North,Amritsar,Books,Textbook,10,1279.2,0.17,10617.359999999999,4612.59,38.62,Emi,1,False,Shipped,6
ORD-03307,2023-12-01,CUST74033,Vikram Mehta,46,Male,North,Amritsar,Beauty,Shampoo,1,2427.7,0.11,2160.653,605.52,48.85,Credit Card,2,False,Delivered,1
ORD-01634,2021-12-29,CUST19177,Sanjay Mehta,55,Other,North,Chandigarh,Clothing,Jacket,6,2259.04,0.36,8674.7136,2777.61,41.85,Net Banking,2,False,Delivered,6
ORD-00772,2020-12-15,CUST40808,Shreya Singh,50,Female,North,Chandigarh,Furniture,Sofa,1,21726.1,0.28,15642.791999999998,2817.21,57.05,Credit Card,4,False,Cancelled,7
ORD-03958,2024-09-04,CUST05507,Kavya Das,41,Other,Central,Bhopal,Sports,Dumbbells,9,796.29,0.21,5661.6219,1887.36,52.86,Upi,2,False,Delivered,2
ORD-01896,2022-04-17,CUST56422,Kavya Shah,23,F,East,Kolkata,Sports,Cricket Bat,1,8106.93,0.27,5918.0589,1061.19,82.98,Credit Card,3,False,Delivered,4
ORD-02041,2022-06-18,CUST04308,Sanjay Singh,29,Male,East,Kolkata,Electronics,Smartwatch,8,15107.58,0.15,102731.544,21830.12,77.28,Cash On Delivery,4,False,Delivered,10
ORD-00078,2020-01-29,CUST03970,Arjun Kumar,21,Other,South,Bangalore,Furniture,Chair,7,4470.73,0.09,28478.550099999997,8417.62,45.52,Cash On Delivery,4,False,Delivered,6
ORD-00758,2020-12-10,CUST74570,Vikram Patel,37,Other,Central,Nagpur,Books,Textbook,6,593.85,0.02,3491.838,1018.25,30.08,Net Banking,3,False,Delivered,1
ORD-00305,2020-05-12,CUST10300,Vikram Joshi,35,Other,East,Bhubaneswar,Sports,Yoga Mat,5,6852.57,0.19,27752.9085,8215.56,100.86,Emi,5,False,Delivered,10
ORD-03198,2023-10-15,CUST60856,Shreya Bhat,50,Female,South,Bangalore,Clothing,Dress,0,2135.46,0.21,0.0,368.18,84.0,Upi,4,False,Delivered,5
ORD-01684,2022-01-21,CUST67104,Aarav Sharma,36,Other,North,Delhi,Sports,Cricket Bat,1,14530.7,0.16,12205.788,2350.09,60.97,Upi,3,True,Returned,8
ORD-02637,2023-02-16,CUST01385,Nikhil Sharma,35,Male,South,Bangalore,Books,Textbook,6,893.91,0.15,4558.941,1937.64,87.48,Debit Card,4,False,Shipped,4
ORD-04159,2024-12-11,CUST56892,Karan Gupta,19,Male,South,Bangalore,Electronics,Camera,10,19562.84,0.24,148677.584,22214.02,80.65,Emi,5,False,Shipped,10
ORD-03080,2023-08-22,CUST34629,Aarav Singh,37,Other,Central,Nagpur,Groceries,Flour,9,460.52,0.37,2611.1484,327.34,48.79,Emi,5,False,Pending,7
ORD-02720,2023-03-26,CUST36373,Aarav Kapoor,52,Other,South,Kochi,Groceries,Cooking Oil,7,448.17,0.11,2792.0991,212.91,34.25,Emi,5,False,Delivered,2
ORD-03318,2023-12-06,CUST94948,Rohan Kapoor,40,Other,Central,Indore,Books,Fiction Novel,9,276.41,0.11,2214.0441,853.77,46.35,Upi,2,False,Delivered,6
ORD-02315,2022-10-03,CUST44222,Nikhil Pillai,37,Other,North,Ludhiana,Groceries,Rice (5Kg),4,385.4,0.06,1449.1039999999998,86.48,49.02,Cash On Delivery,5,False,Delivered,9
ORD-00568,2020-09-10,CUST35377,Amit Reddy,49,F,West,Ahmedabad,Furniture,Bed Frame,9,31653.11,0.37,179473.1337,62381.83,74.88,Debit Card,3,False,Delivered,2
ORD-00896,2021-02-07,CUST89978,Ananya Gupta,45,Female,East,Kolkata,Electronics,Smartphone,3,72774.78,0.13,189942.1758,15904.32,90.91,Upi,5,False,Delivered,6
ORD-00003,2020-01-01,CUST37770,Aditya Singh,11,Female,West,Mumbai,Beauty,Face Cream,9,245.9,0.24,1681.956,560.95,45.22,Net Banking,1,True,Returned,6
ORD-02261,2022-09-11,CUST28968,Ananya Mehta,25,Male,West,Ahmedabad,Electronics,Camera,5,48089.2,0.19,194761.26,16926.0,96.45,Debit Card,4,False,Delivered,9
ORD-04151,2024-12-07,CUST43686,Nikhil Singh,23,Other,North,Delhi,Groceries,Rice (5Kg),4,471.4,0.3,1319.9199999999998,70.68,52.55,Emi,4,False,Delivered,9
ORD-02884,2023-06-03,CUST30359,Nisha Patel,33,Female,West,Pune,Books,Textbook,1,1090.31,0.26,806.8294,613.99,61.28,Net Banking,3,False,Delivered,9
ORD-01422,2021-10-02,CUST97273,Aarav Gupta,37,Other,North,Amritsar,Sports,Cricket Bat,10,12010.26,0.36,76865.664,13038.75,77.19,Upi,1,False,Delivered,10
ORD-00894,2021-02-05,CUST78346,Aarav Gupta,47,Male,East,Patna,Books,Self-Help Book,10,1043.44,0.34,6886.704,2186.2,79.99,Debit Card,2,False,Delivered,6
ORD-01172,2021-06-09,CUST46531,Karan Das,33,Female,South,Kochi,Furniture,Bookshelf,3,33795.77,0.35,65901.7515,32809.37,71.57,Upi,5,False,Delivered,9
ORD-03633,2024-04-28,CUST94304,Amit Reddy,35,Other,Central,Raipur,Books,Self-Help Book,9,499.65,0.02,4406.913,2521.34,39.04,Credit Card,2,False,Delivered,2
ORD-00144,2020-02-27,CUST57714,Shreya Kumar,37,Female,South,Chennai,Furniture,Chair,5,32167.65,0.0,160838.25,39811.27,58.32,Cash On Delivery,5,False,Delivered,6
ORD-02970,2023-07-09,CUST03472,Meera Patel,35,Female,South,Bangalore,Books,Self-Help Book,7,900.55,0.37,3971.4255,1538.11,67.3,Net Banking,5,False,Delivered,3
ORD-01114,2021-05-17,CUST93051,Meera Bhat,34,Female,North,Delhi,Electronics,Camera,7,46170.24,0.37,203610.7584,33391.1,40.35,Net Banking,5,False,Delivered,2
ORD-01499,2021-11-03,CUST56836,Meera Singh,14,Male,Central,Bhopal,Beauty,Sunscreen,4,2378.57,0.06,8943.4232,4079.28,68.11,Emi,4,False,Delivered,7
ORD-03800,2024-07-10,CUST91283,Ananya Verma,27,Female,South,Hyderabad,Sports,Yoga Mat,10,9793.3,0.26,72470.42,21064.94,62.81,Cash On Delivery,2,False,Delivered,9
ORD-02646,2023-02-17,CUST26372,Pooja Pillai,25,Male,East,Kolkata,Books,Cook Book,8,935.46,0.12,6585.638400000001,3099.56,73.18,Cash On Delivery,3,False,Cancelled,8
ORD-02453,2022-11-29,CUST60217,Vikram Gupta,50,Male,East,Patna,Furniture,Chair,9,23692.77,0.01,211102.5807,55495.95,85.76,Cash On Delivery,3,False,Delivered,3
ORD-03331,2023-12-12,CUST97882,Aarav Singh,12,Other,West,Mumbai,Electronics,Smartwatch,5,67132.79,0.13,292027.63649999996,31688.42,67.6,Cash On Delivery,5,False,Delivered,3
ORD-03250,2023-11-04,CUST90626,Aarav Joshi,42,Female,North,Ludhiana,Electronics,Laptop,10,33487.31,0.11,298037.059,34449.13,64.65,Emi,3,False,Delivered,9
ORD-03557,2024-03-26,CUST80826,Pooja Chatterjee,48,Female,Central,Nagpur,Sports,Dumbbells,4,1266.64,0.09,4610.569600000001,754.21,67.58,Net Banking,3,False,Delivered,3
ORD-01952,2022-05-13,CUST78875,Nikhil Mishra,44,Male,East,Patna,Groceries,Cooking Oil,3,284.88,0.26,632.4336,50.93,105.48,Upi,3,True,Returned,10
ORD-03988,2024-09-15,CUST06985,Kavya Joshi,39,Male,South,Bangalore,Sports,Dumbbells,2,10400.51,0.39,12688.6222,3945.31,79.88,Emi,2,False,Delivered,5
ORD-00777,2020-12-18,CUST52222,Arjun Sharma,38,Female,North,Chandigarh,Sports,Yoga Mat,3,3464.74,0.22,8107.491599999999,757.08,50.42,Net Banking,3,False,Delivered,7
ORD-02091,2022-07-09,CUST74431,Nikhil Chatterjee,44,Female,South,Kochi,Electronics,Smartwatch,4,6126.05,0.17,20338.486,3172.94,65.78,Emi,4,False,Delivered,10
ORD-01534,2021-11-19,CUST28621,Amit Kumar,44,M,North,Amritsar,Electronics,Laptop,7,37336.98,0.14,224768.6196,22951.1,40.45,Emi,2,False,Delivered,2
ORD-01857,2022-04-01,CUST08818,Rahul Shah,35,Other,Central,Indore,Groceries,Sugar,3,303.99,0.4,547.182,43.2,35.74,Debit Card,3,False,Delivered,6
ORD-01342,2021-08-26,CUST97259,Aarav Chatterjee,18,Other,North,Ludhiana,Groceries,Cooking Oil,7,438.39,0.11,2731.1697,234.24,28.61,Credit Card,4,False,Shipped,3
ORD-00718,2020-11-24,CUST87168,Pooja Bhat,32,Female,West,Ahmedabad,Groceries,Rice (5Kg),6,79.33,0.21,376.0242,23.07,33.12,Net Banking,1,False,Delivered,2
ORD-00732,2020-12-01,CUST50773,Pooja Nair,38,Other,North,Ludhiana,Furniture,Bed Frame,10,19507.14,0.23,150204.978,29631.5,47.48,Debit Card,2,True,Returned,2
ORD-01041,2021-04-17,CUST54549,Shreya Bose,26,Other,South,Hyderabad,Groceries,Rice (5Kg),7,481.39,0.2,2695.784,361.25,82.25,Net Banking,1,False,Delivered,7
ORD-03263,2023-11-10,CUST94911,Rohan Gupta,23,Other,North,Chandigarh,Furniture,Wardrobe,7,31424.24,0.31,151779.0792,46085.23,53.66,Debit Card,5,False,Delivered,8
ORD-01119,2021-05-19,CUST96816,Nisha Mehta,30,Male,Central,Bhopal,Furniture,Wardrobe,4,3717.76,0.18,12194.252800000002,4463.9,8.31,Emi,2,False,Cancelled,9
ORD-01552,2021-11-28,CUST17708,Sunita Iyer,26,Female,East,Patna,Books,Textbook,6,730.36,0.27,3198.9768,1034.91,94.11,Cash On Delivery,3,False,Delivered,8
ORD-00087,2020-02-04,CUST92405,Aditya Nair,19,Female,South,Hyderabad,Furniture,Desk,9,31457.07,0.1,254802.26700000002,52175.19,103.27,Cash On Delivery,3,False,Delivered,6
ORD-01058,2021-04-24,CUST42637,Priya Kumar,21,Female,Central,Nagpur,Clothing,Kurta,9,905.46,0.26,6030.363600000001,2985.32,40.75,Net Banking,3,True,Returned,2
ORD-00820,2021-01-10,CUST00304,Vikram Gupta,36,M,West,Mumbai,Clothing,T-Shirt,1,3433.94,0.3,2403.758,609.25,67.74,Emi,3,False,Delivered,1
ORD-03578,2024-04-04,CUST61770,Aditya Iyer,17,Other,East,Guwahati,Furniture,Bed Frame,0,7466.4,0.13,0.0,2505.04,73.71,Cash On Delivery,2,True,Returned,10
ORD-01248,2021-07-16,CUST02073,Karan Nair,28,Other,West,Surat,Clothing,Dress,3,1871.08,0.03,5444.842799999999,2716.63,65.48,Cash On Delivery,1,False,Delivered,7
ORD-00866,2021-01-30,CUST71222,Pooja Das,59,Male,Central,Bhopal,Electronics,Tablet,3,69155.55,0.25,155599.98750000002,11911.08,54.42,Emi,3,False,Delivered,9
ORD-02674,2023-03-02,CUST43411,Ritu Shah,27,Male,North,Delhi,Beauty,Hair Oil,2,920.67,0.24,1399.4184,918.21,61.3,Credit Card,4,False,Delivered,3
ORD-01520,2021-11-15,CUST85696,Kavya Mishra,39,Female,Central,Indore,Groceries,Rice (5Kg),2,260.24,0.22,405.9744,24.47,73.44,Upi,5,False,Delivered,2
ORD-00479,2020-07-31,CUST08721,Priya Joshi,28,Female,West,Ahmedabad,Clothing,Jacket,8,3369.18,0.05,25605.767999999996,10760.08,65.1,Upi,3,False,Delivered,10
ORD-03969,2024-09-08,CUST60604,Shreya Mehta,25,Female,South,Bangalore,Groceries,Sugar,3,449.53,0.2,1078.872,70.52,77.45,Upi,4,False,Pending,10
ORD-01869,2022-04-04,CUST89646,Rohan Shah,45,Other,East,Kolkata,Sports,Football,3,1955.47,0.16,4927.7844,1430.0,93.12,Cash On Delivery,3,False,Shipped,3
ORD-03181,2023-10-07,CUST05659,Priya Kumar,22,Male,North,Ludhiana,Groceries,Tea,2,216.82,0.28,312.2208,22.97,53.52,Net Banking,5,True,Returned,4
ORD-00572,2020-09-12,CUST64941,Amit Nair,46,Other,North,Ludhiana,Sports,Yoga Mat,2,7907.75,0.23,12177.935,2439.26,30.79,Upi,4,False,Pending,10
ORD-00386,2020-06-13,CUST61530,Rohan Nair,18,Female,South,Hyderabad,Groceries,Sugar,9,264.6,0.39,1452.654,107.92,70.83,Debit Card,5,False,Delivered,1
ORD-01321,2021-08-16,CUST60359,Kavya Gupta,42,F,Central,Bhopal,Books,Self-Help Book,3,886.35,0.25,1994.2875000000001,1205.89,51.22,Emi,1,False,Delivered,6
ORD-03432,2024-01-26,CUST93500,Kavya Gupta,35,Male,West,Ahmedabad,Books,Textbook,6,589.56,0.33,2370.0311999999994,728.31,73.88,Cash On Delivery,2,True,Returned,3
ORD-01995,2022-05-30,CUST56565,Sunita Joshi,25,Male,East,Bhubaneswar,Groceries,Tea,9,363.51,0.23,2519.1243,307.15,84.69,Cash On Delivery,4,True,Returned,7
ORD-01383,2021-09-16,CUST61824,Priya Sharma,52,Female,West,Surat,Furniture,Bed Frame,9,28138.72,0.0,253248.48,58224.65,61.16,Debit Card,4,False,Delivered,1
ORD-00969,2021-03-17,CUST73466,Shreya Shah,17,Other,East,Guwahati,Electronics,Camera,3,53597.73,0.22,125418.6882,17435.0,77.63,Upi,2,False,Delivered,8
ORD-01382,2021-09-16,CUST87197,Rohan Kumar,41,Male,North,Amritsar,Sports,Cycle,6,3598.68,0.09,19648.7928,6008.67,56.7,Net Banking,2,False,Delivered,8
ORD-00927,2021-02-23,CUST72964,Sunita Shah,33,Female,East,Kolkata,Clothing,Dress,4,3257.05,0.24,9901.432,3580.22,80.55,Cash On Delivery,3,False,Delivered,6
ORD-01607,2021-12-18,CUST44100,Deepa Mehta,66,Other,North,Ludhiana,Books,Biography,5,199.85,0.07,929.3024999999999,277.4,37.23,Credit Card,3,False,Delivered,2
ORD-01983,2022-05-26,CUST55032,Meera Nair,26,Other,Central,Nagpur,Sports,Dumbbells,3,6064.09,0.03,17646.5019,6641.4,55.09,Credit Card,2,False,Delivered,6
ORD-01533,2021-11-19,CUST14357,Deepa Chatterjee,33,Other,East,Patna,Clothing,Dress,8,1386.86,0.03,10762.033599999999,2698.05,71.34,Emi,4,False,Delivered,9
ORD-00790,2020-12-26,CUST03149,Vikram Mehta,36,Male,South,Chennai,Groceries,Tea,8,312.61,0.29,1775.6248,78.9,88.49,Net Banking,4,False,Delivered,9
ORD-03428,2024-01-25,CUST34376,Ritu Reddy,13,Male,East,Patna,Books,Biography,2,1074.9,0.35,1397.3700000000001,228.05,68.34,Debit Card,2,False,Delivered,9
ORD-01713,2022-02-01,CUST87459,Sanjay Das,22,Male,South,Chennai,Clothing,T-Shirt,9,766.29,0.28,4965.5592,1599.31,46.79,Upi,1,False,Delivered,7
ORD-02220,2022-08-26,CUST94861,Nikhil Patel,63,Female,West,Ahmedabad,Sports,Tennis Racket,1,9516.54,0.07,8850.3822,2275.4,75.61,Debit Card,4,False,Shipped,4
ORD-04056,2024-10-25,CUST85837,Rohan Bhat,37,Female,North,Amritsar,Clothing,T-Shirt,3,1187.4,0.35,2315.4300000000003,1166.88,39.79,Cash On Delivery,5,False,Delivered,7
ORD-03871,2024-08-06,CUST30080,Nisha Rao,40,Male,South,Hyderabad,Furniture,Sofa,8,29325.03,0.33,157182.16079999998,54334.41,57.12,Cash On Delivery,5,False,Delivered,2
ORD-02903,2023-06-08,CUST35531,Meera Iyer,39,Female,Central,Nagpur,Clothing,Jacket,7,983.45,0.03,6677.6255,3889.86,67.48,Debit Card,4,True,Returned,10
ORD-02065,2022-06-30,CUST70033,Nisha Sharma,31,Male,East,Guwahati,Beauty,Lipstick,3,1275.56,0.37,2410.8084,1461.23,99.3,Cash On Delivery,5,False,Delivered,2
ORD-03223,2023-10-26,CUST08748,Amit Sharma,44,Male,Central,Nagpur,Books,Fiction Novel,2,357.54,0.39,436.1988,210.08,68.6,Net Banking,4,False,Delivered,2
ORD-02611,2023-02-07,CUST82751,Vikram Verma,24,Female,North,Ludhiana,Books,Comic Book,9,1219.11,0.09,9984.5109,4663.69,73.88,Debit Card,1,False,Delivered,9
ORD-00288,2020-05-07,CUST56916,Shreya Mishra,38,Male,West,Mumbai,Books,Cook Book,2,713.5,0.03,1384.19,867.87,54.38,Debit Card,3,False,Delivered,3
ORD-00962,2021-03-13,CUST30724,Amit Sharma,51,Female,North,Delhi,Groceries,Sugar,5,432.25,0.01,2139.6375,177.78,37.05,Emi,2,False,Delivered,10
ORD-00911,2021-02-11,CUST78268,Shreya Sharma,21,Female,East,Guwahati,Sports,Football,6,9644.78,0.12,50924.43840000001,12558.1,95.75,Debit Card,3,False,Shipped,9
ORD-02833,2023-05-18,CUST95416,Rahul Singh,51,Male,North,Chandigarh,Books,Textbook,6,473.0,0.16,2383.92,1153.73,55.81,Credit Card,1,True,Returned,4
ORD-00691,2020-11-09,CUST03760,Shreya Bose,36,Male,South,Hyderabad,Clothing,Saree,9,1818.25,0.15,13909.6125,4513.75,74.96,Emi,4,False,Delivered,4
ORD-02089,2022-07-09,CUST77763,Shreya Nair,25,Male,North,Ludhiana,Furniture,Bed Frame,6,28297.1,0.3,118847.81999999998,41267.82,77.25,Credit Card,1,False,Delivered,3
ORD-03147,2023-09-26,CUST30274,Shreya Bhat,29,Other,South,Bangalore,Sports,Football,1,12275.23,0.09,11170.4593,2949.77,58.94,Debit Card,3,True,Returned,6
ORD-02100,2022-07-13,CUST74233,Nisha Chatterjee,28,Other,Central,Raipur,Groceries,Rice (5Kg),2,116.27,0.28,167.4288,20.5,46.11,Cash On Delivery,2,False,Pending,9
ORD-02626,2023-02-14,CUST69406,Sunita Iyer,47,Other,North,Chandigarh,Electronics,Smartwatch,10,19057.82,0.26,141027.86800000002,19803.29,66.52,Net Banking,1,True,Returned,10
ORD-02131,2022-07-24,CUST50804,Nisha Bose,22,Female,Central,Bhopal,Groceries,Dal (1Kg),9,422.02,0.37,2392.8534,264.5,83.86,Net Banking,3,True,Returned,4
ORD-02079,2022-07-06,CUST04011,Ananya Mehta,42,Male,South,Kochi,Clothing,T-Shirt,8,946.16,0.31,5222.803199999999,3065.47,76.81,Upi,2,False,Delivered,8
ORD-03669,2024-05-14,CUST16468,Arjun Sharma,48,Male,Central,Bhopal,Clothing,Dress,6,483.3,0.35,1884.8700000000001,1071.72,37.23,Credit Card,3,False,Delivered,2
ORD-02750,2023-04-05,CUST50334,Priya Singh,19,Male,West,Ahmedabad,Clothing,Kurta,2,3794.57,0.05,7209.683,3916.81,23.37,Emi,5,False,Delivered,3
ORD-03909,2024-08-16,CUST57051,Pooja Chatterjee,31,Male,North,Ludhiana,Beauty,Face Cream,2,1235.59,0.05,2347.6209999999996,1780.2,44.87,Credit Card,1,False,Delivered,6
ORD-00858,2021-01-26,CUST72879,Aditya Pillai,27,Male,Central,Bhopal,Sports,Dumbbells,7,14159.23,0.18,81273.9802,15098.91,65.26,Emi,5,False,Shipped,1
ORD-00655,2020-10-21,CUST05466,Karan Kapoor,36,Female,West,Ahmedabad,Furniture,Bed Frame,8,32918.63,0.14,226480.1744,70073.18,49.07,Credit Card,3,False,Delivered,1
ORD-02447,2022-11-28,CUST28654,Ananya Singh,34,Other,North,Amritsar,Groceries,Tea,3,394.51,0.05,1124.3535,56.54,50.11,Upi,2,False,Shipped,7
ORD-03981,2024-09-12,CUST77329,Sanjay Mehta,34,Female,Central,Indore,Groceries,Rice (5Kg),8,383.85,0.39,1873.188,155.62,57.65,Cash On Delivery,1,False,Delivered,10
ORD-03668,2024-05-13,CUST73443,Vikram Pillai,21,Female,East,Patna,Furniture,Wardrobe,6,17147.62,0.11,91568.2908,41080.8,87.27,Credit Card,1,False,Delivered,4
ORD-00312,2020-05-16,CUST15821,Karan Kumar,39,Female,North,Amritsar,Clothing,Kurta,1,507.78,0.16,426.5352,186.17,30.01,Cash On Delivery,1,False,Delivered,10
ORD-02446,2022-11-28,CUST10062,Sanjay Bhat,65,Female,North,Delhi,Beauty,Lipstick,3,2301.12,0.01,6834.3264,3374.68,44.75,Debit Card,3,False,Delivered,9
ORD-01508,2021-11-08,CUST17295,Sanjay Sharma,36,Male,South,Kochi,Clothing,Jacket,8,371.01,0.05,2819.676,677.75,90.52,Debit Card,3,False,Delivered,4
ORD-02907,2023-06-10,CUST44256,Sanjay Iyer,46,Male,West,Ahmedabad,Electronics,Headphones,9,31196.73,0.12,247078.1016,38060.11,59.85,Upi,1,False,Delivered,1
ORD-01624,2021-12-26,CUST88996,Nisha Singh,17,Male,West,Mumbai,Beauty,Shampoo,1,2178.97,0.2,1743.176,779.45,65.86,Debit Card,2,True,Returned,9
ORD-00260,2020-04-24,CUST61424,Ananya Gupta,33,Other,East,Bhubaneswar,Furniture,Bed Frame,5,26679.1,0.14,114720.13,34943.36,84.72,Cash On Delivery,4,False,Shipped,6
ORD-03119,2023-09-09,CUST59443,Karan Bose,42,Female,North,Amritsar,Furniture,Bed Frame,5,12592.51,0.28,45333.036,19148.11,45.88,Upi,1,True,Returned,5
ORD-00420,2020-07-05,CUST53531,Kavya Patel,30,Female,Central,Bhopal,Electronics,Laptop,3,65806.63,0.38,122400.33180000001,17001.53,32.06,Emi,2,False,Delivered,10
ORD-02767,2023-04-13,CUST75550,Deepa Rao,53,Other,South,Bangalore,Groceries,Cooking Oil,5,185.61,0.27,677.4765,69.04,58.1,Emi,5,False,Delivered,2
ORD-00377,2020-06-09,CUST66402,Sunita Rao,33,Other,Central,Raipur,Books,Self-Help Book,3,575.95,0.0,1727.8500000000001,792.19,70.41,Cash On Delivery,3,False,Delivered,9
ORD-00456,2020-07-20,CUST76466,Nikhil Singh,56,Female,Central,Raipur,Groceries,Rice (5Kg),8,353.32,0.31,1950.3264,174.59,72.56,Net Banking,3,False,Shipped,5
ORD-03233,2023-10-30,CUST27413,Amit Gupta,23,Female,South,Hyderabad,Clothing,Jacket,8,1084.06,0.19,7024.7088,2636.93,74.71,Emi,5,False,Cancelled,3
ORD-02244,2022-09-06,CUST41690,Sanjay Joshi,37,Other,Central,Raipur,Groceries,Tea,10,133.2,0.32,905.7599999999999,100.19,64.48,Emi,3,False,Delivered,8
ORD-01182,2021-06-15,CUST88678,Deepa Sharma,40,Female,West,Pune,Electronics,Smartphone,9,72408.18,0.22,508305.4235999999,103509.24,41.95,Debit Card,5,False,Delivered,3
ORD-01343,2021-08-26,CUST26367,Vikram Bose,55,Female,East,Bhubaneswar,Sports,Tennis Racket,4,14419.59,0.34,38067.717599999996,11862.97,63.9,Upi,2,False,Delivered,4
ORD-01071,2021-04-29,CUST61699,Rahul Verma,31,Male,Central,Raipur,Furniture,Wardrobe,1,2601.51,0.02,2549.4798,856.37,47.41,Net Banking,2,True,Returned,9
ORD-00102,2020-02-08,CUST59146,Nikhil Kapoor,39,Other,East,Kolkata,Groceries,Cooking Oil,4,151.09,0.02,592.2728,42.51,80.21,Debit Card,2,False,Delivered,10
ORD-00755,2020-12-08,CUST00745,Ananya Mehta,40,Male,East,Kolkata,Electronics,Camera,9,71873.78,0.0,646864.02,59316.97,91.31,Credit Card,5,False,Delivered,7
ORD-04058,2024-10-26,CUST87657,Arjun Bhat,27,Male,West,Pune,Beauty,Shampoo,6,2486.23,0.11,13276.468200000001,6763.76,65.88,Cash On Delivery,4,True,Returned,8
ORD-00795,2020-12-28,CUST00853,Pooja Chatterjee,52,Other,Central,Raipur,Groceries,Cooking Oil,7,103.75,0.32,493.84999999999997,34.77,67.07,Debit Card,5,False,Delivered,4
ORD-02245,2022-09-07,CUST73701,Deepa Patel,34,Other,South,Kochi,Electronics,Laptop,4,45635.8,0.04,175241.472,30972.52,69.48,Net Banking,4,False,Delivered,1
ORD-01270,2021-07-27,CUST77971,Meera Joshi,26,Male,South,Bangalore,Groceries,Rice (5Kg),8,239.96,0.33,1286.1855999999998,116.65,35.59,Credit Card,3,False,Delivered,4
ORD-03463,2024-02-09,CUST64065,Deepa Rao,16,Male,East,Kolkata,Groceries,Dal (1Kg),1,65.16,0.07,60.59879999999999,7.37,93.34,Emi,3,False,Delivered,3
ORD-03213,2023-10-21,CUST91826,Sanjay Patel,40,Other,North,Delhi,Furniture,Sofa,10,6877.63,0.32,46767.884,15040.93,38.46,Credit Card,3,False,Delivered,8
ORD-02929,2023-06-21,CUST82307,Sanjay Kumar,28,Male,West,Mumbai,Electronics,Camera,8,11278.1,0.36,57743.872,9357.16,60.7,Net Banking,3,False,Delivered,8
ORD-01441,2021-10-11,CUST46668,Karan Bhat,36,Female,West,Pune,Books,Biography,7,1187.1,0.13,7229.438999999999,2154.79,88.18,Emi,3,False,Delivered,5
ORD-01615,2021-12-24,CUST49728,Sunita Singh,32,Female,Central,Bhopal,Clothing,Jacket,3,3628.14,0.24,8272.1592,2322.32,52.79,Emi,2,False,Delivered,1
ORD-02718,2023-03-25,CUST87274,Deepa Kumar,40,Male,South,Chennai,Beauty,Perfume,0,1290.88,0.31,0.0,309.78,68.06,Cash On Delivery,1,True,Returned,5
ORD-02739,2023-03-31,CUST55589,Priya Mishra,36,Male,North,Amritsar,Sports,Tennis Racket,8,12824.11,0.11,91307.66320000001,29606.32,76.78,Cash On Delivery,2,False,Delivered,6
ORD-02536,2023-01-06,CUST18948,Amit Shah,51,Male,West,Surat,Beauty,Perfume,3,1967.85,0.31,4073.4494999999993,1309.35,55.0,Cash On Delivery,3,False,Delivered,2
ORD-01654,2022-01-07,CUST39219,Meera Iyer,5,Male,East,Kolkata,Clothing,T-Shirt,1,1100.4,0.24,836.3040000000001,226.32,62.15,Credit Card,2,False,Delivered,8
ORD-01309,2021-08-11,CUST97836,Arjun Sharma,34,Male,East,Guwahati,Beauty,Sunscreen,5,1439.39,0.0,7196.950000000001,4272.04,86.11,Debit Card,3,False,Delivered,5
ORD-00750,2020-12-07,CUST88589,Karan Joshi,47,Female,West,Surat,Beauty,Sunscreen,2,2232.87,0.03,4331.7678,806.76,54.23,Upi,2,False,Shipped,8
ORD-01082,2021-05-04,CUST69812,Ritu Kapoor,44,Other,East,Kolkata,Books,Comic Book,10,924.25,0.28,6654.599999999999,3626.02,85.57,Cash On Delivery,4,False,Delivered,10
ORD-00392,2020-06-16,CUST50327,Aarav Singh,49,Male,Central,Nagpur,Electronics,Tablet,3,10166.75,0.15,25925.212499999998,4120.93,82.1,Upi,3,False,Delivered,3
ORD-01028,2021-04-11,CUST33135,Arjun Patel,40,Female,East,Guwahati,Books,Biography,9,910.81,0.16,6885.723599999999,4127.79,59.89,Net Banking,4,False,Delivered,9
ORD-00895,2021-02-06,CUST68309,Nikhil Gupta,19,Male,Central,Raipur,Furniture,Bookshelf,8,10068.23,0.21,63631.2136,14763.69,69.23,Cash On Delivery,3,False,Delivered,9
ORD-03097,2023-08-30,CUST96631,Ritu Mishra,26,Female,North,Amritsar,Beauty,Shampoo,6,398.85,0.17,1986.2730000000001,1500.2,56.56,Net Banking,2,False,Delivered,10
ORD-03816,2024-07-18,CUST84507,Aditya Rao,43,Female,West,Surat,Clothing,Jeans,4,2908.06,0.14,10003.7264,4991.17,65.75,Cash On Delivery,5,False,Delivered,8
ORD-03490,2024-02-26,CUST29539,Pooja Patel,50,Other,East,Kolkata,Electronics,Headphones,3,60157.14,0.06,169643.13479999997,28219.11,69.5,Cash On Delivery,4,False,Delivered,7
ORD-00331,2020-05-23,CUST80859,Aditya Sharma,35,Other,South,Bangalore,Furniture,Wardrobe,0,22329.62,0.19,0.0,4765.02,69.17,Cash On Delivery,4,False,Delivered,4
ORD-02075,2022-07-04,CUST98678,Karan Kumar,63,Other,West,Ahmedabad,Electronics,Laptop,9,34736.78,0.4,187578.612,27723.9,59.96,Debit Card,3,False,Delivered,4
ORD-00159,2020-03-07,CUST53040,Rahul Joshi,32,Other,Central,Bhopal,Sports,Yoga Mat,8,6252.97,0.2,40019.008,7612.27,48.73,Credit Card,3,False,Delivered,3
ORD-00486,2020-08-03,CUST70631,Arjun Kapoor,42,Other,South,Hyderabad,Books,Comic Book,8,989.77,0.36,5067.6224,2254.31,76.76,Cash On Delivery,5,False,Pending,1
ORD-00348,2020-05-30,CUST36817,Ritu Verma,29,Male,South,Hyderabad,Books,Biography,8,466.9,0.36,2390.528,1125.0,79.08,Cash On Delivery,2,False,Delivered,10
ORD-03138,2023-09-17,CUST63631,Vikram Das,38,M,North,Amritsar,Sports,Dumbbells,4,3391.86,0.04,13024.7424,3325.04,68.46,Credit Card,3,False,Cancelled,2
ORD-01347,2021-08-29,CUST43896,Rohan Nair,24,Female,East,Guwahati,Sports,Tennis Racket,1,3087.59,0.07,2871.4587,769.67,85.46,Credit Card,2,False,Delivered,4
ORD-03544,2024-03-20,CUST29796,Sanjay Bose,39,Male,North,Ludhiana,Sports,Cricket Bat,4,14899.55,0.09,54234.362,12084.3,21.44,Cash On Delivery,4,False,Delivered,7
ORD-03719,2024-06-10,CUST03355,Arjun Kapoor,43,Male,South,Hyderabad,Sports,Cricket Bat,2,3506.29,0.29,4978.931799999999,1718.02,58.97,Upi,5,False,Shipped,4
ORD-02654,2023-02-23,CUST39288,Shreya Reddy,25,Other,East,Bhubaneswar,Beauty,Shampoo,5,259.07,0.02,1269.443,672.76,91.02,Upi,5,False,Delivered,9
ORD-02687,2023-03-12,CUST74163,Sunita Gupta,24,Female,Central,Bhopal,Clothing,Saree,3,1200.51,0.4,2160.9179999999997,952.86,10.03,Debit Card,3,False,Delivered,5
ORD-00801,2020-12-30,CUST09674,Rohan Shah,20,Male,West,Mumbai,Clothing,T-Shirt,4,3596.85,0.25,10790.55,2505.62,61.39,Debit Card,1,True,Returned,7
ORD-01572,2021-12-03,CUST23827,Amit Bose,24,Female,Central,Raipur,Clothing,Jacket,7,2400.11,0.15,14280.6545,3359.68,55.43,Upi,2,False,Delivered,10
ORD-04141,2024-12-04,CUST72168,Shreya Bhat,34,M,Central,Nagpur,Groceries,Sugar,4,242.65,0.0,970.6,91.72,48.21,Net Banking,1,True,Returned,1
ORD-00091,2020-02-05,CUST57456,Sanjay Chatterjee,16,Female,West,Mumbai,Furniture,Chair,2,23012.97,0.03,44645.1618,8197.84,60.46,Debit Card,5,False,Delivered,9
ORD-03626,2024-04-26,CUST12779,Vikram Shah,25,Female,East,Bhubaneswar,Electronics,Camera,2,36881.48,0.01,73025.3304,16236.72,67.63,Emi,4,False,Delivered,8
ORD-03798,2024-07-09,CUST41603,Nisha Sharma,41,Male,South,Kochi,Sports,Yoga Mat,4,4528.9,0.09,16485.196,6807.19,79.89,Credit Card,1,False,Delivered,6
ORD-00207,2020-04-01,CUST97019,Nikhil Mehta,31,Male,North,Chandigarh,Beauty,Shampoo,4,2105.61,0.37,5306.1372,2865.09,70.93,Upi,4,False,Delivered,6
ORD-03929,2024-08-23,CUST39906,Sunita Iyer,33,Male,South,Chennai,Books,Fiction Novel,1,1473.01,0.35,957.4565,578.62,72.78,Upi,3,False,Delivered,1
ORD-00686,2020-11-07,CUST38079,Aarav Joshi,23,Female,Central,Bhopal,Books,Cook Book,2,1020.32,0.39,1244.7904,436.92,35.61,Debit Card,4,False,Delivered,5
ORD-00029,2020-01-11,CUST78062,Arjun Bhat,29,Other,West,Ahmedabad,Clothing,Jeans,8,2738.08,0.04,21028.4544,7413.18,61.16,Debit Card,1,False,Delivered,9
ORD-01666,2022-01-13,CUST87705,Aditya Iyer,35,Other,North,Ludhiana,Electronics,Camera,5,49380.11,0.26,182706.40699999998,20346.12,62.16,Net Banking,2,False,Delivered,8
ORD-00265,2020-04-26,CUST32861,Priya Joshi,36,Other,East,Guwahati,Sports,Cricket Bat,9,12444.32,0.12,98559.0144,24509.37,90.94,Upi,4,False,Cancelled,9
ORD-03060,2023-08-17,CUST71865,Amit Singh,19,Female,Central,Bhopal,Beauty,Shampoo,7,100.31,0.36,449.38880000000006,277.58,67.27,Debit Card,1,False,Shipped,9
ORD-03843,2024-07-29,CUST47635,Rahul Pillai,34,Male,North,Delhi,Sports,Yoga Mat,7,9729.83,0.0,68108.81,22104.58,66.1,Debit Card,5,True,Returned,5
ORD-04134,2024-12-02,CUST52437,Rohan Kapoor,24,Female,East,Patna,Furniture,Wardrobe,5,14663.57,0.39,44723.8885,8682.18,101.24,Credit Card,4,False,Delivered,3
ORD-02503,2022-12-22,CUST96196,Pooja Singh,44,Male,Central,Indore,Beauty,Lipstick,0,820.51,0.0,0.0,211.59,67.85,Upi,3,False,Delivered,7
ORD-02567,2023-01-17,CUST46311,Nisha Shah,21,Female,North,Delhi,Groceries,Tea,1,235.69,0.27,172.0537,13.54,59.77,Emi,5,False,Delivered,3
ORD-02961,2023-07-06,CUST02626,Arjun Rao,58,Male,North,Ludhiana,Groceries,Tea,9,324.23,0.17,2421.9981,456.69,63.2,Emi,3,False,Delivered,6
ORD-00021,2020-01-08,CUST80727,Shreya Pillai,49,Other,North,Amritsar,Sports,Cycle,10,510.46,0.33,3420.0819999999994,595.15,69.01,Emi,4,False,Delivered,3
ORD-02242,2022-09-04,CUST95868,Arjun Sharma,31,Female,South,Chennai,Furniture,Wardrobe,8,4977.01,0.28,28667.5776,9634.2,84.09,Upi,4,False,Delivered,8
ORD-04147,2024-12-06,CUST95344,Ananya Reddy,32,Other,West,Surat,Beauty,Lipstick,8,1064.92,0.37,5367.196800000001,2941.97,55.05,Cash On Delivery,5,False,Delivered,5
ORD-00668,2020-10-29,CUST19944,Kavya Mehta,21,Other,West,Surat,Electronics,Tablet,3,14080.67,0.36,27034.886400000003,1519.64,63.63,Credit Card,2,True,Returned,7
ORD-02934,2023-06-27,CUST34229,Rahul Gupta,50,Female,North,Chandigarh,Sports,Football,9,13111.09,0.29,83779.8651,31164.9,62.85,Net Banking,3,False,Delivered,9
ORD-03448,2024-02-04,CUST27667,Nisha Pillai,11,Other,South,Hyderabad,Beauty,Hair Oil,6,127.9,0.27,560.202,407.58,63.91,Credit Card,4,True,Returned,6
ORD-02266,2022-09-12,CUST21061,Sanjay Das,23,Other,West,Surat,Beauty,Shampoo,10,767.55,0.35,4989.075,2480.34,45.37,Cash On Delivery,4,False,Delivered,5
ORD-04172,2024-12-17,CUST07872,Meera Rao,32,M,North,Ludhiana,Beauty,Lipstick,5,2144.13,0.1,9648.585000000001,4541.29,19.04,Debit Card,3,False,Delivered,5
ORD-04076,2024-11-01,CUST95354,Aarav Nair,57,Female,East,Bhubaneswar,Beauty,Lipstick,7,680.72,0.08,4383.8368,1700.03,71.25,Net Banking,5,False,Delivered,2
ORD-03563,2024-03-28,CUST46277,Karan Singh,30,Other,West,Pune,Furniture,Chair,8,32965.83,0.21,208344.0456,94953.31,68.39,Debit Card,5,False,Delivered,10
ORD-02321,2022-10-05,CUST59579,Aarav Mehta,47,Male,Central,Indore,Beauty,Hair Oil,9,2425.68,0.16,18338.140799999997,3678.22,64.69,Upi,1,False,Delivered,9
ORD-03945,2024-08-28,CUST92249,Nikhil Chatterjee,36,Female,South,Kochi,Groceries,Flour,2,483.36,0.14,831.3792,91.4,55.77,Upi,4,False,Delivered,8
ORD-04192,2024-12-27,CUST70453,Shreya Shah,33,M,North,Amritsar,Books,Fiction Novel,0,616.57,0.36,0.0,145.51,35.22,Upi,4,False,Pending,6
ORD-01563,2021-11-30,CUST36817,Meera Iyer,41,Other,East,Guwahati,Books,Self-Help Book,9,433.76,0.33,2615.5728,781.78,97.16,Emi,4,False,Cancelled,2
ORD-00545,2020-08-29,CUST34020,Kavya Iyer,19,Male,East,Guwahati,Electronics,Smartwatch,3,17253.63,0.05,49172.845499999996,5633.84,79.99,Net Banking,5,False,Delivered,6
ORD-03437,2024-01-30,CUST14095,Kavya Shah,24,Female,East,Guwahati,Beauty,Sunscreen,8,1335.64,0.27,7800.1376,2973.2,94.12,Net Banking,1,False,Shipped,6
ORD-02631,2023-02-15,CUST32596,Rahul Iyer,27,Female,West,Surat,Clothing,Dress,7,668.17,0.09,4256.2429,1133.27,38.59,Upi,5,False,Delivered,8
ORD-00414,2020-07-01,CUST38493,Arjun Iyer,30,Other,East,Bhubaneswar,Beauty,Perfume,0,1076.68,0.32,0.0,335.77,72.7,Debit Card,3,False,Cancelled,8
ORD-00525,2020-08-20,CUST73074,Rohan Mehta,33,Female,South,Hyderabad,Clothing,Jacket,1,392.55,0.07,365.0715,161.71,71.09,Credit Card,5,False,Pending,4
ORD-03521,2024-03-09,CUST00084,Rohan Das,16,Male,East,Kolkata,Sports,Dumbbells,4,14904.61,0.0,59618.44,9835.53,74.0,Upi,3,False,Pending,9
ORD-01849,2022-03-29,CUST56391,Meera Kumar,40,Other,South,Kochi,Clothing,Jeans,5,3481.04,0.35,11313.380000000001,3567.18,56.53,Credit Card,3,False,Cancelled,8
ORD-02703,2023-03-16,CUST53601,Rohan Iyer,35,Other,Central,Indore,Books,Cook Book,8,600.71,0.17,3988.7144,1539.55,24.97,Debit Card,1,False,Delivered,9
ORD-04083,2024-11-06,CUST32744,Aditya Shah,37,Male,Central,Raipur,Furniture,Wardrobe,5,2536.86,0.36,8117.952000000001,1900.47,68.13,Debit Card,2,False,Cancelled,7
ORD-00573,2020-09-12,CUST93696,Amit Gupta,42,Other,East,Kolkata,Clothing,Jeans,3,3089.43,0.09,8434.1439,2480.31,82.77,Credit Card,3,True,Returned,6
ORD-03306,2023-12-01,CUST91195,Vikram Sharma,24,Male,East,Bhubaneswar,Groceries,Dal (1Kg),4,206.91,0.2,662.1120000000001,59.02,52.38,Debit Card,3,False,Delivered,2
ORD-02199,2022-08-16,CUST65100,Priya Patel,41,Female,East,Kolkata,Books,Fiction Novel,2,244.36,0.12,430.0736,192.95,79.16,Cash On Delivery,2,False,Pending,2
ORD-00901,2021-02-08,CUST88807,Sanjay Kapoor,30,M,West,Ahmedabad,Books,Fiction Novel,2,583.34,0.24,886.6768000000001,261.88,72.31,Cash On Delivery,5,False,Delivered,5
ORD-04149,2024-12-07,CUST54782,Karan Verma,37,Female,Central,Indore,Books,Textbook,8,519.05,0.33,2782.1079999999993,1117.94,51.28,Debit Card,2,False,Delivered,10
ORD-01167,2021-06-07,CUST48910,Vikram Shah,14,Other,West,Mumbai,Furniture,Desk,5,16063.03,0.35,52204.84750000001,22910.8,74.66,Net Banking,3,False,Delivered,6
ORD-03303,2023-11-29,CUST73772,Nisha Reddy,15,Male,East,Kolkata,Electronics,Tablet,1,19475.1,0.27,14216.822999999999,1124.34,70.91,Net Banking,3,False,Delivered,6
ORD-02118,2022-07-22,CUST29628,Nisha Kapoor,34,Male,North,Ludhiana,Groceries,Cooking Oil,1,396.39,0.09,360.7149,45.56,57.89,Credit Card,2,False,Delivered,1
ORD-00764,2020-12-12,CUST21423,Shreya Sharma,22,Female,South,Bangalore,Furniture,Chair,5,24816.99,0.02,121603.251,24905.94,51.05,Debit Card,3,False,Delivered,1
ORD-01250,2021-07-17,CUST20121,Vikram Kumar,39,Other,East,Patna,Furniture,Bed Frame,2,9066.85,0.3,12693.59,3812.64,91.56,Emi,1,False,Delivered,9
ORD-01550,2021-11-27,CUST66901,Nisha Kapoor,35,Female,West,Mumbai,Sports,Football,9,13211.32,0.17,98688.5604,18155.0,52.32,Upi,3,False,Delivered,5
ORD-03192,2023-10-14,CUST23779,Priya Singh,39,M,North,Ludhiana,Sports,Football,9,9769.82,0.32,59791.2984,13161.33,50.8,Net Banking,4,False,Delivered,6
ORD-01356,2021-09-03,CUST36316,Amit Rao,44,Other,Central,Nagpur,Sports,Yoga Mat,5,9013.26,0.28,32447.736,10509.8,35.94,Upi,5,False,Shipped,7
ORD-00789,2020-12-26,CUST67387,Nisha Singh,41,Male,North,Delhi,Beauty,Lipstick,4,2326.66,0.09,8469.0424,3176.85,61.42,Upi,5,False,Shipped,10
ORD-03113,2023-09-07,CUST73185,Amit Mishra,29,Male,North,Ludhiana,Clothing,T-Shirt,3,3741.92,0.21,8868.350400000001,2740.01,58.8,Cash On Delivery,4,False,Cancelled,1
ORD-02667,2023-02-28,CUST93637,Ananya Shah,31,F,North,Amritsar,Furniture,Bookshelf,3,4087.5,0.36,7848.0,2520.92,36.77,Cash On Delivery,3,False,Pending,9
ORD-03918,2024-08-20,CUST09195,Ritu Singh,30,Male,Central,Raipur,Clothing,Jeans,5,1293.07,0.37,4073.1704999999997,2335.41,34.43,Upi,4,False,Delivered,9
ORD-02469,2022-12-06,CUST77482,Ritu Mishra,0,Female,North,Chandigarh,Books,Cook Book,2,393.2,0.22,613.392,210.9,48.93,Cash On Delivery,3,True,Returned,4
ORD-00952,2021-03-07,CUST97126,Ananya Kumar,28,Male,East,Kolkata,Sports,Yoga Mat,9,6483.35,0.23,44929.6155,13820.97,74.83,Upi,4,False,Delivered,2
ORD-03530,2024-03-14,CUST89097,Sanjay Shah,38,Male,North,Delhi,Clothing,Jacket,2,1249.08,0.4,1498.896,916.26,43.18,Emi,3,False,Delivered,8
ORD-00512,2020-08-14,CUST98505,Shreya Das,27,Female,East,Guwahati,Beauty,Face Cream,2,1236.47,0.14,2126.7284,1007.86,85.88,Upi,3,False,Delivered,8
ORD-01236,2021-07-12,CUST30009,Vikram Kapoor,30,Male,West,Ahmedabad,Beauty,Shampoo,7,1236.43,0.04,8308.8096,4556.58,72.78,Debit Card,2,False,Delivered,7
ORD-01618,2021-12-25,CUST82777,Rahul Singh,53,Female,West,Mumbai,Sports,Dumbbells,5,7179.94,0.31,24770.792999999998,2403.2,65.86,Debit Card,2,False,Delivered,8
ORD-03286,2023-11-19,CUST81972,Aditya Das,32,Male,East,Bhubaneswar,Clothing,Jacket,8,2288.26,0.22,14278.742400000001,4024.97,89.83,Debit Card,2,False,Delivered,1
ORD-02164,2022-08-06,CUST84076,Arjun Kumar,20,Male,East,Guwahati,Books,Self-Help Book,4,529.18,0.37,1333.5336,611.14,96.64,Upi,5,False,Delivered,8
ORD-03645,2024-05-04,CUST40711,Rohan Kapoor,33,Other,Central,Bhopal,Groceries,Cooking Oil,4,413.23,0.16,1388.4528,97.94,29.46,Emi,4,False,Delivered,9
ORD-01602,2021-12-15,CUST98061,Amit Verma,41,Other,East,Guwahati,Groceries,Tea,5,273.75,0.05,1300.3125,84.56,81.92,Debit Card,1,False,Delivered,5
ORD-02308,2022-09-30,CUST13492,Karan Reddy,35,Female,North,Delhi,Books,Self-Help Book,4,288.41,0.11,1026.7396,430.86,39.44,Debit Card,5,True,Returned,1
ORD-03457,2024-02-08,CUST62784,Ananya Patel,27,Male,East,Kolkata,Books,Cook Book,5,219.86,0.26,813.4820000000001,344.23,95.23,Cash On Delivery,1,False,Delivered,10
ORD-03725,2024-06-13,CUST34762,Aditya Sharma,51,Male,East,Guwahati,Electronics,Headphones,3,45977.54,0.4,82759.572,16766.5,89.69,Cash On Delivery,5,False,Delivered,9
ORD-00240,2020-04-14,CUST66088,Shreya Pillai,18,Other,South,Bangalore,Sports,Dumbbells,4,11868.91,0.19,38455.2684,13078.71,70.61,Emi,3,False,Delivered,6
ORD-01538,2021-11-20,CUST30276,Amit Reddy,20,Other,East,Guwahati,Electronics,Smartphone,8,72878.21,0.06,548044.1392,53581.94,69.63,Credit Card,3,False,Delivered,7
ORD-00246,2020-04-18,CUST40327,Shreya Mishra,60,Male,Central,Nagpur,Beauty,Sunscreen,8,336.17,0.18,2205.2752000000005,1286.21,63.3,Debit Card,4,False,Delivered,10
ORD-00069,2020-01-26,CUST27522,Deepa Chatterjee,24,Other,East,Bhubaneswar,Sports,Football,0,5929.85,0.0,0.0,1518.74,78.48,Credit Card,5,False,Delivered,7
ORD-01653,2022-01-07,CUST39228,Pooja Gupta,38,Female,South,Chennai,Electronics,Tablet,5,67069.95,0.35,217977.3375,19234.1,53.96,Emi,2,False,Pending,6
ORD-00549,2020-08-31,CUST39184,Arjun Nair,27,Other,East,Guwahati,Groceries,Sugar,1,295.3,0.1,265.77000000000004,17.33,91.95,Credit Card,5,False,Delivered,9
ORD-04125,2024-11-29,CUST69485,Pooja Verma,15,M,East,Kolkata,Electronics,Tablet,5,60589.34,0.0,302946.69999999995,32628.88,117.75,Cash On Delivery,1,False,Delivered,6
ORD-02531,2023-01-03,CUST65173,Sunita Reddy,24,Male,North,Ludhiana,Beauty,Face Cream,9,2041.21,0.22,14329.2942,8442.25,45.75,Net Banking,3,False,Cancelled,1
ORD-01426,2021-10-05,CUST08147,Nikhil Shah,58,Male,North,Delhi,Clothing,Dress,2,469.65,0.12,826.584,185.8,32.03,Cash On Delivery,1,True,Returned,3
ORD-03919,2024-08-20,CUST18468,Nikhil Shah,34,Other,South,Kochi,Groceries,Cooking Oil,3,408.26,0.03,1188.0366,170.0,70.48,Cash On Delivery,4,False,Delivered,1
ORD-03686,2024-05-19,CUST39920,Rahul Pillai,45,Male,Central,Indore,Sports,Dumbbells,1,9074.17,0.08,8348.2364,3182.4,43.12,Emi,4,False,Delivered,9
ORD-01694,2022-01-26,CUST30040,Karan Kumar,24,Other,West,Ahmedabad,Electronics,Tablet,4,30494.73,0.39,74407.1412,8846.49,53.6,Debit Card,2,False,Delivered,4
ORD-02114,2022-07-19,CUST71584,Kavya Mehta,28,Female,South,Kochi,Furniture,Sofa,2,23522.83,0.15,39988.811,18316.25,70.07,Emi,2,False,Delivered,8
ORD-03137,2023-09-17,CUST53427,Aarav Das,26,Male,West,Mumbai,Sports,Yoga Mat,8,10683.75,0.04,82051.2,26416.64,59.9,Cash On Delivery,1,False,Delivered,7
ORD-02064,2022-06-29,CUST47972,Nisha Reddy,28,Female,West,Mumbai,Beauty,Lipstick,7,854.71,0.09,5444.5027,3265.65,55.34,Upi,3,False,Delivered,2
ORD-02307,2022-09-29,CUST02936,Amit Sharma,35,F,North,Amritsar,Books,Biography,10,723.67,0.04,6947.232,3461.29,54.96,Net Banking,3,True,Returned,7
ORD-02545,2023-01-10,CUST44757,Aditya Kumar,27,Male,South,Kochi,Books,Biography,5,1209.77,0.22,4718.103,1760.45,48.73,Debit Card,1,False,Delivered,10
ORD-02444,2022-11-28,CUST18227,Deepa Mehta,20,Female,South,Hyderabad,Groceries,Tea,6,282.54,0.0,1695.2400000000002,157.04,101.43,Upi,2,False,Shipped,9
ORD-01051,2021-04-20,CUST83773,Aditya Mehta,34,Other,South,Chennai,Clothing,Saree,5,2726.58,0.16,11451.635999999999,5460.97,55.2,Emi,4,False,Delivered,3
ORD-02111,2022-07-18,CUST33335,Aditya Chatterjee,48,Other,West,Mumbai,Furniture,Sofa,10,28298.23,0.25,212236.72499999998,107787.95,94.71,Debit Card,4,False,Delivered,4
ORD-00109,2020-02-10,CUST69131,Karan Reddy,37,Male,North,Ludhiana,Furniture,Wardrobe,8,18758.18,0.11,133558.2416,31415.21,56.55,Net Banking,5,False,Cancelled,6
ORD-01377,2021-09-14,CUST06907,Arjun Iyer,12,Female,South,Kochi,Electronics,Smartphone,0,56629.75,0.04,0.0,8275.81,63.16,Net Banking,5,False,Delivered,9
ORD-00580,2020-09-17,CUST77116,Deepa Chatterjee,55,M,South,Bangalore,Electronics,Camera,10,74981.27,0.04,719820.192,98591.29,90.58,Debit Card,1,True,Returned,5
ORD-00547,2020-08-30,CUST60580,Vikram Nair,53,F,South,Bangalore,Furniture,Sofa,8,13159.22,0.18,86324.4832,28653.14,55.64,Credit Card,4,True,Returned,8
ORD-00924,2021-02-22,CUST61112,Rahul Mishra,44,Male,East,Bhubaneswar,Groceries,Cooking Oil,1,227.48,0.11,202.4572,15.49,47.37,Emi,1,False,Pending,4
ORD-01081,2021-05-04,CUST44184,Rohan Shah,29,Other,West,Ahmedabad,Electronics,Camera,1,22006.34,0.11,19585.6426,3707.24,40.73,Debit Card,2,True,Returned,10
ORD-00275,2020-05-01,CUST24667,Nikhil Kapoor,41,Other,Central,Nagpur,Furniture,Chair,8,31845.06,0.06,239474.8512,100251.26,38.42,Credit Card,1,False,Delivered,10
ORD-03517,2024-03-09,CUST27360,Meera Gupta,30,Male,North,Amritsar,Electronics,Camera,9,16973.28,0.05,145121.544,29073.1,35.0,Cash On Delivery,4,False,Cancelled,4
ORD-01472,2021-10-24,CUST26553,Nikhil Kumar,27,Male,South,Hyderabad,Electronics,Smartwatch,3,33682.54,0.26,74775.23879999999,8775.98,56.02,Cash On Delivery,1,True,Returned,3
ORD-01299,2021-08-09,CUST07041,Aditya Bose,28,Other,East,Bhubaneswar,Sports,Yoga Mat,6,8185.51,0.23,37817.0562,10034.22,86.32,Credit Card,4,True,Returned,9
ORD-03316,2023-12-05,CUST71283,Aditya Shah,12,Other,East,Patna,Sports,Football,3,2813.63,0.22,6583.8942,1360.97,71.86,Emi,2,False,Delivered,9
ORD-00951,2021-03-07,CUST39186,Meera Mehta,30,Male,Central,Raipur,Clothing,T-Shirt,10,2879.31,0.34,19003.445999999996,5641.8,64.13,Debit Card,2,False,Delivered,4
ORD-03695,2024-05-23,CUST26394,Priya Bose,27,Other,South,Kochi,Groceries,Cooking Oil,9,399.43,0.06,3379.1777999999995,223.77,65.8,Emi,1,False,Delivered,4
ORD-01830,2022-03-24,CUST13979,Vikram Chatterjee,28,Male,South,Chennai,Books,Cook Book,9,200.61,0.28,1299.9528,806.66,52.8,Net Banking,4,False,Delivered,9
ORD-01148,2021-05-30,CUST00645,Kavya Rao,22,Other,East,Kolkata,Books,Fiction Novel,8,1088.97,0.22,6795.1728,4003.12,52.99,Net Banking,1,False,Cancelled,4
ORD-03150,2023-09-27,CUST68116,Ritu Rao,17,Female,North,Ludhiana,Clothing,T-Shirt,9,1354.39,0.12,10726.7688,4442.99,43.39,Credit Card,5,False,Delivered,10
ORD-01953,2022-05-13,CUST12422,Nikhil Kumar,33,Female,North,Chandigarh,Books,Self-Help Book,8,941.99,0.39,4596.9112,2237.36,56.26,Emi,1,True,Returned,9
ORD-01811,2022-03-12,CUST60426,Arjun Pillai,41,Other,South,Hyderabad,Sports,Dumbbells,7,14019.83,0.29,69678.5551,18758.65,70.82,Debit Card,5,False,Delivered,1
ORD-03384,2024-01-03,CUST17189,Pooja Chatterjee,37,Male,Central,Bhopal,Sports,Dumbbells,8,14903.83,0.21,94192.2056,18401.75,76.17,Emi,4,False,Delivered,10
ORD-02087,2022-07-08,CUST38893,Sunita Pillai,14,Other,Central,Bhopal,Electronics,Tablet,2,73303.92,0.03,142209.6048,20863.19,67.75,Cash On Delivery,4,False,Delivered,9
ORD-01217,2021-07-03,CUST73651,Sunita Das,37,Other,North,Delhi,Books,Cook Book,9,1146.99,0.35,6709.8915,2753.44,59.09,Upi,4,False,Shipped,9
ORD-02217,2022-08-26,CUST06113,Rohan Nair,31,Other,South,Bangalore,Beauty,Shampoo,6,1131.18,0.05,6447.726,4445.68,69.49,Credit Card,1,False,Delivered,8
ORD-01503,2021-11-06,CUST60626,Kavya Kapoor,31,Female,South,Hyderabad,Groceries,Sugar,7,249.21,0.19,1413.0207,96.16,61.25,Cash On Delivery,3,False,Shipped,4
ORD-00763,2020-12-12,CUST44894,Aarav Verma,51,Other,Central,Bhopal,Books,Biography,6,377.58,0.33,1517.8716,275.17,55.17,Cash On Delivery,3,False,Delivered,6
ORD-03388,2024-01-04,CUST95454,Nisha Mehta,42,Female,South,Bangalore,Beauty,Sunscreen,4,1718.39,0.0,6873.56,2836.65,81.09,Emi,1,False,Shipped,9
ORD-04199,2024-12-30,CUST53723,Sunita Kumar,15,Male,North,Chandigarh,Beauty,Face Cream,9,1820.1,0.28,11794.248,5675.66,46.9,Emi,2,True,Returned,3
ORD-00146,2020-02-29,CUST63156,Ritu Singh,34,Other,East,Kolkata,Sports,Dumbbells,2,9772.39,0.14,16808.5108,4749.58,90.49,Net Banking,3,False,Delivered,8
ORD-01415,2021-09-30,CUST50601,Amit Patel,31,Other,West,Mumbai,Groceries,Tea,3,297.63,0.02,875.0322,141.65,49.55,Credit Card,1,True,Returned,8
ORD-02994,2023-07-20,CUST67685,Shreya Pillai,42,Male,South,Kochi,Clothing,Jeans,5,2755.15,0.35,8954.237500000001,4470.63,73.32,Upi,5,False,Delivered,7
ORD-03734,2024-06-16,CUST31945,Aarav Iyer,54,Male,West,Ahmedabad,Furniture,Bookshelf,9,21059.88,0.1,170585.02800000002,78032.23,62.82,Upi,3,False,Cancelled,6
ORD-03433,2024-01-29,CUST02072,Aarav Mehta,11,Male,Central,Indore,Beauty,Face Cream,10,2362.67,0.37,14884.821,7104.13,24.77,Net Banking,5,True,Returned,2
ORD-03069,2023-08-19,CUST13129,Nikhil Nair,36,Male,East,Kolkata,Groceries,Cooking Oil,9,461.84,0.06,3907.166399999999,440.52,74.88,Cash On Delivery,2,False,Delivered,5
ORD-01242,2021-07-14,CUST50699,Rohan Chatterjee,16,Female,East,Patna,Books,Self-Help Book,0,545.25,0.02,0.0,258878.2,54.26,Debit Card,4,False,Delivered,2
ORD-02668,2023-02-28,CUST00301,Shreya Mehta,19,M,West,Mumbai,Books,Textbook,9,1227.77,0.09,10055.436300000001,4289.27,74.78,Cash On Delivery,2,True,Returned,1
ORD-00995,2021-03-29,CUST31960,Arjun Bhat,47,Other,North,Chandigarh,Clothing,T-Shirt,10,3992.44,0.15,33935.74,12430.23,40.58,Debit Card,5,False,Delivered,2
ORD-03960,2024-09-04,CUST08100,Aditya Iyer,21,Other,North,Amritsar,Groceries,Rice (5Kg),9,201.86,0.01,1798.5726000000002,221.64,57.28,Emi,3,False,Delivered,4
ORD-02617,2023-02-10,CUST17877,Priya Iyer,44,Male,North,Chandigarh,Groceries,Dal (1Kg),8,364.69,0.13,2538.2424,173.21,36.26,Cash On Delivery,5,False,Delivered,5
ORD-00850,2021-01-22,CUST69680,Nisha Pillai,36,Female,Central,Raipur,Electronics,Tablet,6,10944.15,0.21,51875.271,5320.38,63.46,Upi,1,False,Pending,8
ORD-02659,2023-02-26,CUST24774,Aditya Mehta,16,Female,Central,Raipur,Furniture,Desk,8,30273.47,0.35,157422.04400000002,36948.63,62.8,Debit Card,2,False,Delivered,9
ORD-03153,2023-09-29,CUST93955,Aditya Rao,24,Female,North,Ludhiana,Electronics,Headphones,9,56863.21,0.23,394062.0453,62906.0,36.46,Cash On Delivery,3,False,Delivered,3
ORD-00517,2020-08-17,CUST58116,Ritu Reddy,27,Other,South,Bangalore,Sports,Football,9,12449.98,0.25,84037.36499999999,22779.35,37.1,Debit Card,3,False,Cancelled,1
ORD-00501,2020-08-09,CUST64153,Aarav Reddy,35,Female,West,Mumbai,Clothing,Jacket,2,3190.9,0.08,5871.256,2112.7,74.32,Debit Card,3,False,Cancelled,2
ORD-01127,2021-05-24,CUST44836,Priya Gupta,42,Other,North,Ludhiana,Sports,Cycle,9,13067.04,0.22,91730.62080000002,17264.66,58.55,Cash On Delivery,1,True,Returned,4
ORD-00464,2020-07-23,CUST22675,Priya Kumar,46,Other,West,Mumbai,Furniture,Bookshelf,6,12344.66,0.02,72586.60079999999,32713.0,34.26,Credit Card,2,False,Delivered,6
ORD-00898,2021-02-07,CUST48501,Priya Bose,22,Male,East,Guwahati,Books,Comic Book,9,682.41,0.39,3746.4309,950.54,73.23,Credit Card,4,False,Shipped,7
ORD-00642,2020-10-13,CUST75414,Arjun Mishra,35,Male,North,Ludhiana,Electronics,Tablet,7,42976.47,0.32,204567.9972,20091.83,60.6,Cash On Delivery,1,False,Delivered,2
ORD-01088,2021-05-06,CUST86516,Aditya Kumar,53,Other,Central,Raipur,Groceries,Flour,10,426.88,0.19,3457.7280000000005,399.66,69.62,Debit Card,3,False,Cancelled,3
ORD-00639,2020-10-12,CUST32361,Kavya Joshi,29,Other,South,Chennai,Clothing,Jacket,9,3720.46,0.2,26787.312,8663.42,69.62,Emi,3,False,Delivered,10
ORD-00330,2020-05-23,CUST60862,Meera Patel,42,Male,Central,Indore,Groceries,Tea,5,340.16,0.37,1071.5040000000001,96.24,58.79,Upi,1,False,Delivered,3
ORD-00919,2021-02-17,CUST83261,Ritu Mehta,25,Female,West,Ahmedabad,Sports,Cricket Bat,1,14980.35,0.06,14081.529,3501.94,66.95,Credit Card,5,False,Delivered,8
ORD-03509,2024-03-04,CUST87841,Aditya Mehta,34,Male,West,Ahmedabad,Electronics,Smartwatch,7,34398.85,0.32,163738.52599999998,22144.21,71.38,Cash On Delivery,1,True,Returned,5
ORD-00643,2020-10-14,CUST54148,Aarav Kapoor,44,Male,Central,Nagpur,Beauty,Hair Oil,10,447.27,0.15,3801.7949999999996,1150.13,45.79,Net Banking,4,False,Delivered,5
ORD-00218,2020-04-04,CUST80333,Kavya Mehta,58,Other,South,Kochi,Books,Fiction Novel,2,640.98,0.05,1217.862,437.79,68.68,Upi,2,False,Delivered,5
ORD-00135,2020-02-23,CUST09673,Ritu Nair,41,Male,West,Mumbai,Electronics,Tablet,9,39365.34,0.15,301144.85099999997,19908.38,56.84,Debit Card,4,False,Delivered,8
ORD-02572,2023-01-25,CUST19082,Sanjay Joshi,38,Other,West,Pune,Clothing,Jeans,8,3747.11,0.15,25480.348,8023.16,35.73,Net Banking,5,False,Cancelled,1
ORD-03640,2024-05-01,CUST31568,Ananya Shah,12,Other,East,Kolkata,Beauty,Sunscreen,5,1989.16,0.24,7558.808000000001,5988.44,79.5,Net Banking,4,False,Delivered,5
ORD-02527,2023-01-02,CUST06675,Deepa Nair,20,Female,North,Amritsar,Books,Textbook,7,1431.35,0.2,8015.5599999999995,3547.79,60.84,Upi,1,True,Returned,2
ORD-03863,2024-08-04,CUST81760,Priya Verma,34,Female,South,Hyderabad,Furniture,Desk,7,23321.93,0.25,122440.1325,57631.73,81.16,Upi,1,False,Delivered,6
ORD-00705,2020-11-16,CUST82661,Rohan Kumar,26,Male,East,Bhubaneswar,Beauty,Hair Oil,1,2036.13,0.34,1343.8457999999998,371.42,70.99,Cash On Delivery,1,False,Shipped,6
ORD-01488,2021-10-31,CUST63879,Rahul Patel,23,Male,North,Amritsar,Groceries,Rice (5Kg),2,499.3,0.06,938.684,80.06,69.89,Credit Card,4,False,Delivered,3
ORD-03808,2024-07-13,CUST03800,Rahul Mishra,36,Other,South,Bangalore,Clothing,Kurta,4,3455.27,0.0,13821.08,8527.59,73.07,Emi,2,False,Delivered,9
ORD-00133,2020-02-20,CUST06416,Aditya Iyer,28,Male,West,Pune,Books,Textbook,9,657.44,0.0,5916.960000000001,1842.41,53.36,Emi,1,False,Cancelled,9
ORD-02267,2022-09-13,CUST18261,Kavya Iyer,35,Male,North,Delhi,Beauty,Perfume,1,2480.5,0.07,2306.865,1008.27,42.84,Upi,2,True,Returned,9
ORD-01914,2022-04-26,CUST69924,Sunita Bose,46,Female,North,Ludhiana,Sports,Yoga Mat,10,9875.47,0.24,75053.572,19944.59,98.45,Credit Card,1,False,Shipped,6
ORD-01975,2022-05-22,CUST55730,Arjun Bose,37,Female,North,Delhi,Furniture,Wardrobe,4,31494.17,0.23,97002.04359999999,35809.83,57.08,Emi,3,True,Returned,7
ORD-03854,2024-08-01,CUST17266,Aarav Rao,24,Male,East,Patna,Books,Textbook,5,303.28,0.24,1152.464,651.04,68.98,Credit Card,5,False,Delivered,6
ORD-02441,2022-11-25,CUST43234,Rahul Singh,45,M,North,Amritsar,Sports,Yoga Mat,9,8750.14,0.23,60638.470199999996,15670.41,45.73,Upi,2,False,Delivered,8
ORD-00675,2020-11-01,CUST59612,Meera Das,18,Other,West,Surat,Groceries,Flour,4,326.66,0.02,1280.5072,70.77,46.22,Upi,4,False,Delivered,1
ORD-00157,2020-03-06,CUST32598,Meera Mishra,52,Other,North,Delhi,Sports,Cycle,1,6367.24,0.33,4266.050799999999,1071.43,62.13,Net Banking,5,False,Shipped,6
ORD-04167,2024-12-15,CUST06213,Kavya Patel,29,Other,East,Bhubaneswar,Furniture,Bed Frame,9,26558.96,0.12,210346.9632,41485.81,110.49,Net Banking,3,True,Returned,6
ORD-03855,2024-08-01,CUST83631,Meera Reddy,49,Other,North,Chandigarh,Sports,Dumbbells,9,2947.21,0.21,20954.6631,5480.32,42.11,Net Banking,3,False,Delivered,7
ORD-03190,2023-10-12,CUST24234,Meera Verma,32,Other,East,Kolkata,Books,Cook Book,4,1290.01,0.0,5160.04,2840.6,68.69,Cash On Delivery,2,False,Pending,6
ORD-03757,2024-06-24,CUST96410,Priya Shah,51,Male,South,Chennai,Books,Cook Book,5,961.89,0.01,4761.3555,3502.92,70.62,Credit Card,4,False,Delivered,3
ORD-02500,2022-12-21,CUST39273,Aarav Bose,35,Other,North,Chandigarh,Groceries,Dal (1Kg),2,87.85,0.19,142.317,6.42,63.89,Debit Card,1,False,Delivered,10
ORD-02344,2022-10-11,CUST14351,Kavya Singh,33,Other,South,Chennai,Furniture,Wardrobe,10,33036.39,0.15,280809.315,94051.67,73.88,Upi,4,False,Delivered,3
ORD-03341,2023-12-16,CUST62991,Meera Pillai,25,Female,North,Chandigarh,Electronics,Smartwatch,3,32029.32,0.02,94166.20079999999,11139.42,73.87,Upi,2,False,Delivered,3
ORD-03642,2024-05-03,CUST91604,Deepa Pillai,34,Male,Central,Raipur,Clothing,Saree,1,1545.75,0.33,1035.6525,612.18,63.94,Net Banking,2,True,Returned,9
ORD-03571,2024-03-30,CUST52512,Nisha Sharma,25,Other,North,Chandigarh,Clothing,Jacket,4,2828.85,0.3,7920.779999999999,3943.46,76.1,Debit Card,3,False,Cancelled,3
ORD-01181,2021-06-15,CUST78578,Vikram Reddy,40,Other,Central,Raipur,Electronics,Laptop,1,47536.69,0.14,40881.553400000004,7443.68,39.99,Credit Card,3,False,Cancelled,4
ORD-01135,2021-05-27,CUST96639,Nisha Shah,28,Female,East,Guwahati,Sports,Cycle,6,6132.4,0.14,31643.183999999994,6267.62,83.58,Emi,3,False,Delivered,3
ORD-03783,2024-07-03,CUST12983,Amit Singh,29,Other,South,Chennai,Beauty,Shampoo,0,561.79,0.16,0.0,256.7,65.1,Upi,1,False,Delivered,4
ORD-03375,2023-12-31,CUST69853,Deepa Chatterjee,26,Other,East,Patna,Electronics,Camera,1,39921.4,0.23,30739.478000000003,4657.8,79.95,Credit Card,5,False,Delivered,1
ORD-00352,2020-05-31,CUST23957,Aditya Joshi,36,Male,West,Ahmedabad,Sports,Dumbbells,3,5934.84,0.4,10682.712,3428.34,72.22,Cash On Delivery,4,False,Shipped,2
ORD-03565,2024-03-28,CUST40074,Kavya Patel,59,Male,West,Mumbai,Groceries,Rice (5Kg),9,158.32,0.22,1111.4063999999998,114.52,64.86,Emi,3,False,Delivered,10
ORD-03987,2024-09-15,CUST84905,Pooja Bhat,28,Male,East,Bhubaneswar,Groceries,Flour,10,394.18,0.11,3508.202,380.98,90.1,Upi,3,False,Delivered,3
ORD-03285,2023-11-19,CUST64046,Shreya Mishra,15,Other,Central,Nagpur,Furniture,Chair,7,30237.39,0.15,179912.47049999997,38187.73,68.65,Credit Card,5,False,Cancelled,8
ORD-03045,2023-08-10,CUST54485,Karan Kapoor,42,Male,South,Bangalore,Groceries,Tea,4,474.68,0.3,1329.104,156.82,41.43,Credit Card,3,False,Delivered,7
ORD-03187,2023-10-09,CUST63003,Nisha Mehta,40,Female,Central,Indore,Electronics,Smartphone,2,15759.44,0.15,26791.048,3914.94,66.72,Net Banking,5,False,Delivered,10
ORD-03170,2023-10-04,CUST69634,Nikhil Reddy,34,Male,East,Patna,Books,Fiction Novel,8,344.93,0.06,2593.8736,1292.82,61.8,Net Banking,3,False,Delivered,3
ORD-02112,2022-07-18,CUST60338,Nikhil Joshi,33,Female,North,Amritsar,Furniture,Chair,4,3037.37,0.1,10934.532,3013.5,45.31,Debit Card,3,False,Cancelled,4
ORD-01355,2021-09-02,CUST96314,Ananya Pillai,17,Other,Central,Bhopal,Beauty,Lipstick,10,565.58,0.36,3619.712,2129.62,37.31,Emi,3,True,Returned,9
ORD-03828,2024-07-22,CUST16772,Ritu Mehta,35,Other,Central,Indore,Electronics,Smartwatch,3,45894.21,0.11,122537.54070000001,29426.2,51.2,Upi,2,False,Delivered,3
ORD-00769,2020-12-14,CUST22535,Priya Das,27,F,Central,Bhopal,Furniture,Desk,9,20678.49,0.35,120969.1665,33141.7,46.74,Credit Card,2,False,Delivered,5
ORD-01203,2021-06-26,CUST20494,Karan Bhat,58,Other,South,Hyderabad,Clothing,Dress,1,3505.24,0.31,2418.6155999999996,1621.58,55.77,Upi,3,False,Delivered,9
ORD-01548,2021-11-25,CUST86499,Amit Gupta,29,Other,North,Amritsar,Groceries,Dal (1Kg),0,391.05,0.11,0.0,27.95,38.52,Credit Card,3,False,Shipped,10
ORD-03754,2024-06-23,CUST83515,Amit Shah,33,Male,East,Patna,Groceries,Dal (1Kg),9,298.83,0.1,2420.5229999999997,279.53,55.65,Emi,1,True,Returned,1
ORD-01404,2021-09-25,CUST34886,Karan Iyer,25,Female,East,Kolkata,Books,Fiction Novel,10,350.58,0.32,2383.9439999999995,916.75,95.0,Upi,5,False,Delivered,7
ORD-03344,2023-12-18,CUST66556,Ananya Nair,42,M,North,Chandigarh,Sports,Yoga Mat,0,935.36,0.06,0.0,161.08,50.09,Upi,1,True,Returned,3
ORD-00023,2020-01-09,CUST78914,Ritu Rao,44,Female,West,Pune,Furniture,Desk,8,12654.92,0.37,63780.796800000004,13136.75,75.7,Cash On Delivery,1,False,Delivered,1
ORD-03573,2024-04-01,CUST13424,Kavya Mishra,16,Other,Central,Nagpur,Furniture,Chair,8,21200.54,0.25,127203.24,52379.78,30.82,Credit Card,5,False,Delivered,9
ORD-03438,2024-01-30,CUST66705,Sunita Shah,51,Other,West,Pune,Books,Self-Help Book,4,523.0,0.26,1548.08,432.0,42.17,Upi,4,False,Delivered,5
ORD-03416,2024-01-21,CUST98563,Ananya Pillai,27,Female,West,Ahmedabad,Groceries,Dal (1Kg),10,406.98,0.13,3540.726,185.43,17.51,Net Banking,3,False,Cancelled,1
ORD-00351,2020-05-31,CUST05560,Aditya Shah,36,Other,West,Ahmedabad,Sports,Yoga Mat,9,13555.14,0.2,97597.008,36132.18,93.89,Upi,5,False,Delivered,7
ORD-02653,2023-02-22,CUST19008,Karan Singh,46,Female,Central,Bhopal,Books,Cook Book,6,821.9,0.11,4388.946,1271.26,24.77,Debit Card,4,False,Delivered,5
ORD-00604,2020-09-26,CUST47446,Arjun Gupta,23,Other,East,Guwahati,Furniture,Desk,4,10669.95,0.36,27315.072000000004,9717.32,73.78,Emi,1,False,Delivered,2
ORD-00768,2020-12-14,CUST47322,Ritu Chatterjee,32,Female,Central,Nagpur,Sports,Tennis Racket,4,3803.71,0.1,13693.356,1808.82,75.19,Cash On Delivery,4,False,Delivered,9
ORD-00596,2020-09-24,CUST30793,Shreya Mehta,29,Male,North,Chandigarh,Beauty,Face Cream,2,2372.24,0.18,3890.4736,1389.92,51.38,Emi,5,False,Delivered,1
ORD-02256,2022-09-10,CUST76072,Karan Pillai,21,Other,West,Pune,Furniture,Bookshelf,9,29503.49,0.02,260220.78180000003,62680.47,44.27,Debit Card,1,False,Shipped,3
ORD-01000,2021-03-30,CUST98974,Karan Reddy,38,Female,South,Chennai,Books,Cook Book,4,1425.29,0.21,4503.9164,2152.95,84.46,Upi,3,False,Delivered,2
ORD-02229,2022-08-30,CUST82156,Arjun Reddy,35,Male,North,Chandigarh,Furniture,Bookshelf,3,29848.47,0.26,66263.6034,26851.32,62.97,Debit Card,5,False,Pending,10
ORD-03572,2024-03-30,CUST95134,Aarav Kumar,32,Other,West,Surat,Sports,Cricket Bat,5,10965.5,0.17,45506.825,10094.56,67.11,Debit Card,3,False,Delivered,3
ORD-03892,2024-08-12,CUST28116,Pooja Bose,20,Other,West,Ahmedabad,Clothing,Jacket,10,1866.54,0.06,17545.476,10235.47,39.49,Credit Card,5,False,Cancelled,7
ORD-00574,2020-09-14,CUST90504,Aarav Sharma,16,Female,West,Pune,Furniture,Sofa,3,8460.49,0.16,21320.4348,6671.85,38.06,Cash On Delivery,3,False,Delivered,3
ORD-01591,2021-12-11,CUST83440,Aditya Sharma,21,Female,South,Bangalore,Groceries,Rice (5Kg),8,210.62,0.36,1078.3744000000002,51.19,62.4,Net Banking,3,False,Delivered,6
ORD-00499,2020-08-07,CUST68621,Sunita Nair,50,Other,East,Kolkata,Groceries,Cooking Oil,4,299.75,0.01,1187.01,109.11,106.26,Emi,2,False,Cancelled,7
ORD-01130,2021-05-25,CUST78754,Aditya Mehta,16,Other,West,Mumbai,Books,Cook Book,7,862.1,0.39,3681.167,1476.96,72.68,Emi,1,True,Returned,8
ORD-00756,2020-12-09,CUST60860,Aarav Bose,35,Other,West,Mumbai,Clothing,Kurta,7,446.81,0.07,2908.7331,594.44,79.49,Net Banking,1,False,Cancelled,1
ORD-02357,2022-10-16,CUST17365,Nikhil Pillai,36,Female,Central,Raipur,Groceries,Rice (5Kg),8,394.24,0.28,2270.8224,208.28,66.63,Credit Card,1,False,Delivered,4
ORD-02629,2023-02-14,CUST23638,Shreya Shah,57,Male,Central,Nagpur,Beauty,Shampoo,9,1014.1,0.17,7575.326999999999,2587.13,50.45,Credit Card,1,False,Delivered,10
ORD-01317,2021-08-15,CUST37544,Vikram Mehta,35,Other,North,Amritsar,Furniture,Wardrobe,10,26198.4,0.08,241025.28,92292.36,42.39,Credit Card,4,False,Delivered,2
ORD-03043,2023-08-09,CUST77236,Shreya Mehta,53,Female,Central,Bhopal,Beauty,Lipstick,4,369.22,0.19,1196.2728000000002,791.13,38.15,Credit Card,5,False,Delivered,9
ORD-04152,2024-12-07,CUST27678,Kavya Kapoor,39,Other,South,Hyderabad,Groceries,Tea,6,199.94,0.07,1115.6652,90.06,70.92,Credit Card,3,False,Shipped,10
ORD-00084,2020-02-03,CUST43984,Meera Kumar,58,Male,North,Ludhiana,Clothing,Kurta,2,1849.33,0.36,2367.1424,453.68,31.92,Upi,5,False,Delivered,5
ORD-00539,2020-08-25,CUST19345,Ananya Pillai,53,Other,Central,Indore,Clothing,Jacket,0,2567.4,0.31,0.0,899209.6,74.46,Emi,3,False,Delivered,5
ORD-01926,2022-05-02,CUST98569,Amit Joshi,29,Female,West,Mumbai,Beauty,Lipstick,4,1147.98,0.2,3673.536,3168.26,65.04,Credit Card,4,False,Shipped,3
ORD-03361,2023-12-25,CUST86557,Rahul Patel,42,Male,South,Hyderabad,Clothing,Dress,9,498.04,0.17,3720.3588000000004,846.9,66.24,Emi,2,False,Cancelled,9
ORD-02174,2022-08-11,CUST21947,Pooja Das,14,Male,Central,Raipur,Groceries,Rice (5Kg),4,226.35,0.07,842.0219999999999,91.52,55.59,Debit Card,1,False,Pending,3
ORD-01785,2022-03-03,CUST57566,Sanjay Kumar,36,Male,South,Chennai,Groceries,Rice (5Kg),10,206.1,0.35,1339.65,133.97,79.95,Upi,2,False,Delivered,1
ORD-00016,2020-01-06,CUST31154,Pooja Kapoor,34,Female,East,Patna,Clothing,Jeans,5,669.43,0.01,3313.6784999999995,710.9,82.42,Credit Card,4,False,Delivered,10
ORD-01005,2021-03-31,CUST25038,Ritu Iyer,20,Female,Central,Raipur,Electronics,Laptop,4,68084.1,0.37,171571.93200000003,13906.21,69.36,Debit Card,3,False,Delivered,3
ORD-02197,2022-08-16,CUST78749,Aarav Joshi,36,Male,South,Hyderabad,Clothing,Jacket,7,1443.52,0.13,8791.0368,3465.68,55.23,Credit Card,1,True,Returned,5
ORD-01714,2022-02-02,CUST52422,Priya Mishra,8,Other,Central,Indore,Sports,Football,5,13240.63,0.26,48990.331,9265.4,67.49,Net Banking,5,False,Delivered,5
ORD-04025,2024-10-13,CUST94922,Arjun Reddy,58,Other,Central,Indore,Beauty,Face Cream,10,1026.66,0.13,8931.942000000001,4511.59,101.7,Debit Card,2,False,Shipped,8
ORD-02917,2023-06-16,CUST53514,Karan Patel,25,Female,East,Kolkata,Groceries,Flour,9,374.09,0.17,2794.4523,397.05,78.38,Debit Card,1,True,Returned,8
ORD-03254,2023-11-05,CUST62167,Aarav Nair,6,Other,North,Ludhiana,Groceries,Sugar,6,131.77,0.35,513.9030000000001,57.45,58.15,Debit Card,5,False,Delivered,3
ORD-03240,2023-11-01,CUST64411,Arjun Kapoor,34,Other,South,Hyderabad,Groceries,Tea,6,160.41,0.3,673.722,63.9,77.63,Net Banking,1,False,Delivered,3
ORD-03770,2024-06-28,CUST96876,Nikhil Sharma,35,Other,South,Bangalore,Electronics,Smartwatch,0,21887.79,0.34,0.0,3466.29,71.52,Debit Card,5,False,Delivered,9
ORD-00220,2020-04-05,CUST34125,Arjun Das,53,Male,South,Kochi,Electronics,Smartwatch,7,9567.57,0.15,56927.04149999999,6346.79,57.59,Upi,2,True,Returned,5
ORD-01606,2021-12-17,CUST76863,Rahul Iyer,34,Female,South,Hyderabad,Electronics,Camera,1,44910.55,0.23,34581.1235,1789.8,63.09,Cash On Delivery,3,True,Returned,10
ORD-00188,2020-03-24,CUST84898,Deepa Mishra,45,Male,East,Kolkata,Electronics,Smartphone,1,6658.64,0.06,6259.1216,702.66,108.65,Upi,4,False,Delivered,10
ORD-03444,2024-02-02,CUST31786,Pooja Verma,23,Other,North,Delhi,Furniture,Sofa,1,18541.2,0.28,13349.664,4220.82,26.45,Cash On Delivery,5,False,Delivered,9
ORD-01492,2021-11-02,CUST52972,Karan Rao,47,Male,West,Ahmedabad,Beauty,Face Cream,1,214.05,0.33,143.4135,35.96,36.57,Upi,3,False,Delivered,10
ORD-01673,2022-01-17,CUST61953,Nikhil Iyer,36,Male,West,Mumbai,Beauty,Perfume,7,1098.02,0.23,5918.3278,2091.36,61.05,Cash On Delivery,3,False,Delivered,10
ORD-00645,2020-10-15,CUST20584,Sanjay Nair,38,Female,East,Kolkata,Books,Self-Help Book,9,1306.28,0.21,9287.650800000001,4280.66,74.54,Net Banking,1,False,Delivered,4
ORD-01025,2021-04-09,CUST16923,Nisha Bhat,36,M,North,Amritsar,Sports,Tennis Racket,0,9380.72,0.29,0.0,1739854.0,72.62,Net Banking,4,False,Delivered,4
ORD-01835,2022-03-25,CUST19761,Sanjay Gupta,35,Other,East,Bhubaneswar,Groceries,Rice (5Kg),6,113.85,0.12,601.1279999999999,42.47,94.73,Upi,5,False,Delivered,9
ORD-03501,2024-03-01,CUST99295,Pooja Shah,61,M,South,Chennai,Beauty,Hair Oil,2,2459.27,0.22,3836.4612,2550.26,90.29,Credit Card,5,False,Delivered,2
ORD-01836,2022-03-25,CUST59858,Arjun Chatterjee,51,Female,Central,Raipur,Clothing,Dress,4,3759.12,0.06,14134.2912,5889.66,49.87,Cash On Delivery,3,False,Delivered,1
ORD-02683,2023-03-09,CUST18854,Pooja Nair,53,F,Central,Bhopal,Books,Fiction Novel,7,291.53,0.08,1877.4532,571.02,71.31,Credit Card,1,False,Delivered,3
ORD-03701,2024-05-26,CUST18957,Ritu Shah,34,Male,Central,Indore,Groceries,Rice (5Kg),7,314.01,0.22,1714.4945999999998,279.75,47.43,Upi,1,True,Returned,5
ORD-04039,2024-10-18,CUST38048,Nisha Bose,32,Male,Central,Nagpur,Sports,Cycle,1,13524.69,0.16,11360.7396,2590.87,66.76,Upi,5,False,Delivered,6
ORD-01471,2021-10-24,CUST70306,Amit Singh,18,Male,Central,Raipur,Clothing,Dress,4,2744.4,0.06,10318.944,3617.26,63.69,Emi,1,False,Pending,7
ORD-02561,2023-01-14,CUST34744,Meera Joshi,38,Male,North,Ludhiana,Electronics,Tablet,6,8947.94,0.18,44023.8648,4114.43,67.17,Net Banking,4,False,Cancelled,10
ORD-02297,2022-09-23,CUST42672,Kavya Nair,33,Male,West,Mumbai,Beauty,Perfume,5,926.42,0.25,3474.075,1528.7,64.01,Debit Card,5,False,Shipped,6
ORD-03108,2023-09-05,CUST73404,Ritu Patel,36,Male,Central,Bhopal,Electronics,Smartphone,9,26560.24,0.2,191233.728,32963.32,47.86,Debit Card,2,False,Delivered,10
ORD-01121,2021-05-20,CUST42961,Rahul Reddy,44,Female,West,Pune,Sports,Cricket Bat,4,2049.02,0.11,7294.5112,1625.17,77.49,Cash On Delivery,2,False,Delivered,1
ORD-04059,2024-10-26,CUST50161,Priya Mishra,25,Female,South,Chennai,Groceries,Dal (1Kg),7,352.63,0.25,1851.3075,173.35,62.95,Net Banking,3,True,Returned,5
ORD-03653,2024-05-06,CUST59471,Karan Mehta,28,Other,South,Kochi,Clothing,Jacket,7,3210.04,0.38,13931.5736,8603.97,60.3,Credit Card,3,True,Returned,1
ORD-03548,2024-03-21,CUST66417,Vikram Rao,21,Other,East,Patna,Clothing,T-Shirt,8,894.69,0.02,7014.3696,1742.56,62.56,Cash On Delivery,5,False,Delivered,6
ORD-01107,2021-05-14,CUST94112,Pooja Nair,25,Male,West,Surat,Sports,Tennis Racket,9,12847.76,0.0,115629.84,26810.1,59.25,Emi,3,False,Pending,2
ORD-01743,2022-02-13,CUST21723,Kavya Gupta,31,Other,North,Ludhiana,Books,Comic Book,3,1239.02,0.3,2601.942,753.81,47.04,Credit Card,3,False,Delivered,1
ORD-03587,2024-04-09,CUST49861,Rahul Bhat,36,Female,South,Chennai,Beauty,Sunscreen,10,1227.43,0.31,8469.267,6994.21,88.5,Debit Card,5,False,Delivered,3
ORD-02306,2022-09-29,CUST12892,Nisha Pillai,35,Male,Central,Nagpur,Clothing,Jacket,2,3165.33,0.27,4621.3818,1737.74,73.28,Credit Card,4,False,Delivered,2
ORD-02019,2022-06-09,CUST93903,Karan Patel,28,Other,Central,Indore,Groceries,Sugar,10,430.31,0.09,3915.8210000000004,397.37,47.6,Net Banking,1,False,Delivered,2
ORD-01432,2021-10-07,CUST02652,Nisha Mehta,32,Male,North,Chandigarh,Sports,Tennis Racket,5,10759.43,0.18,44113.66300000001,10920.96,43.85,Upi,4,False,Delivered,2
ORD-02901,2023-06-08,CUST57226,Rahul Nair,21,Female,West,Ahmedabad,Books,Cook Book,6,471.17,0.18,2318.1564000000003,1337.48,88.71,Cash On Delivery,4,False,Cancelled,1
ORD-01156,2021-06-03,CUST97655,Sanjay Kapoor,45,Female,North,Amritsar,Groceries,Sugar,2,346.78,0.3,485.4919999999999,68.49,0.51,Net Banking,1,False,Delivered,2
ORD-02148,2022-07-31,CUST63511,Pooja Nair,28,M,East,Patna,Books,Fiction Novel,6,817.12,0.36,3137.7408,1524.76,74.5,Cash On Delivery,1,True,Returned,9
ORD-03098,2023-09-01,CUST98755,Arjun Chatterjee,39,Other,Central,Raipur,Electronics,Tablet,1,22693.39,0.08,20877.9188,4153.76,48.31,Net Banking,5,False,Delivered,9
ORD-04021,2024-10-08,CUST14904,Ritu Reddy,37,Male,South,Bangalore,Books,Self-Help Book,5,1217.44,0.33,4078.424,1440.0,66.03,Cash On Delivery,5,False,Delivered,4
ORD-01075,2021-05-02,CUST51934,Rahul Joshi,28,M,West,Surat,Groceries,Flour,8,208.12,0.16,1398.5664,110.57,77.98,Upi,3,False,Delivered,7
ORD-02195,2022-08-15,CUST93002,Rahul Mehta,39,Other,East,Bhubaneswar,Furniture,Bookshelf,1,27840.27,0.33,18652.9809,7118.47,59.77,Cash On Delivery,4,False,Delivered,4
ORD-03623,2024-04-24,CUST36037,Sanjay Kumar,39,Male,East,Guwahati,Clothing,Saree,6,805.73,0.39,2948.9718,2273.25,96.9,Credit Card,1,False,Delivered,9
ORD-04139,2024-12-04,CUST95283,Ananya Chatterjee,31,Male,Central,Bhopal,Sports,Football,0,3886.22,0.24,0.0,489.55,40.87,Debit Card,4,True,Returned,4
ORD-02082,2022-07-07,CUST70646,Karan Bhat,39,Male,North,Amritsar,Groceries,Flour,2,345.49,0.39,421.4978,51.95,61.64,Upi,4,False,Delivered,10
ORD-02286,2022-09-19,CUST95250,Arjun Shah,44,Female,North,Delhi,Sports,Football,9,3394.34,0.06,28716.1164,8874.98,16.96,Debit Card,2,True,Returned,8
ORD-01860,2022-04-01,CUST41096,Kavya Reddy,27,Male,West,Surat,Furniture,Bookshelf,10,21474.06,0.33,143876.202,31877.36,49.93,Emi,2,False,Delivered,8
ORD-01173,2021-06-09,CUST01335,Ananya Joshi,36,M,North,Chandigarh,Furniture,Desk,7,17851.56,0.08,114964.04640000002,60713.1,54.22,Emi,3,False,Shipped,2
ORD-01566,2021-12-01,CUST20422,Karan Shah,13,Female,North,Delhi,Books,Cook Book,3,675.22,0.25,1519.2450000000001,371.91,21.24,Emi,5,False,Delivered,8
ORD-02762,2023-04-10,CUST36388,Aarav Gupta,44,Other,North,Chandigarh,Furniture,Chair,7,10222.85,0.32,48660.765999999996,28655.62,44.75,Upi,3,False,Cancelled,10
ORD-03677,2024-05-16,CUST13845,Pooja Joshi,24,Female,West,Pune,Books,Self-Help Book,5,386.11,0.05,1834.0225,740.13,71.81,Cash On Delivery,3,False,Shipped,7
ORD-00342,2020-05-28,CUST87199,Shreya Mishra,32,Other,South,Hyderabad,Sports,Football,8,14818.6,0.11,105508.432,27352.51,79.9,Upi,5,False,Delivered,6
ORD-03227,2023-10-28,CUST26871,Nisha Bhat,26,Female,Central,Raipur,Books,Textbook,4,653.78,0.39,1595.2232,702.11,57.6,Credit Card,3,False,Cancelled,4
ORD-02547,2023-01-12,CUST35370,Meera Iyer,13,Male,South,Hyderabad,Furniture,Desk,10,4609.6,0.39,28118.559999999998,6267.09,72.79,Cash On Delivery,3,True,Returned,4
ORD-03009,2023-07-26,CUST37112,Rohan Pillai,35,Female,East,Guwahati,Books,Textbook,7,520.82,0.15,3098.879,1554.74,78.67,Emi,3,False,Delivered,6
ORD-00286,2020-05-07,CUST11198,Aarav Gupta,26,Male,East,Guwahati,Beauty,Shampoo,3,2059.96,0.04,5932.6848,3439.24,92.05,Net Banking,1,False,Delivered,8
ORD-03160,2023-09-30,CUST54899,Meera Chatterjee,12,M,North,Amritsar,Groceries,Sugar,1,89.43,0.2,71.54400000000001,6.58,37.63,Credit Card,1,False,Delivered,5
ORD-01757,2022-02-17,CUST67988,Nikhil Kapoor,30,Other,South,Chennai,Beauty,Perfume,3,1566.52,0.37,2960.7227999999996,1173.24,81.77,Emi,1,True,Returned,3
ORD-02392,2022-11-01,CUST20067,Priya Bhat,40,Male,North,Ludhiana,Electronics,Laptop,10,34447.29,0.14,296246.694,27631.34,29.16,Credit Card,5,False,Shipped,6
ORD-01863,2022-04-02,CUST08965,Pooja Bose,49,Other,West,Ahmedabad,Furniture,Bookshelf,2,29772.1,0.21,47039.918,17251.72,57.47,Net Banking,2,False,Pending,6
ORD-01011,2021-04-03,CUST27445,Deepa Das,19,F,South,Hyderabad,Furniture,Bed Frame,1,30648.42,0.39,18695.5362,5768.84,99.16,Cash On Delivery,3,False,Cancelled,9
ORD-00798,2020-12-29,CUST23116,Nikhil Verma,57,Female,Central,Nagpur,Electronics,Tablet,4,13059.62,0.11,46492.247200000005,4782.44,56.15,Upi,4,True,Returned,7
ORD-04051,2024-10-24,CUST81236,Sunita Iyer,26,Male,Central,Nagpur,Groceries,Tea,6,358.44,0.33,1440.9287999999997,154.69,55.56,Emi,5,False,Delivered,8
ORD-00637,2020-10-12,CUST31450,Rahul Joshi,41,Male,West,Ahmedabad,Groceries,Cooking Oil,3,482.62,0.01,1433.3814000000002,63.09,47.14,Net Banking,5,False,Delivered,6
ORD-01842,2022-03-26,CUST29238,Nisha Kapoor,31,M,South,Hyderabad,Groceries,Rice (5Kg),4,240.11,0.22,749.1432000000001,98.61,73.81,Net Banking,3,False,Delivered,10
ORD-02516,2022-12-28,CUST04115,Pooja Mehta,28,Female,East,Patna,Furniture,Wardrobe,6,6993.08,0.36,26853.4272,5220.66,87.7,Cash On Delivery,1,False,Delivered,5
ORD-03304,2023-11-29,CUST38933,Sunita Reddy,45,Other,Central,Indore,Beauty,Hair Oil,7,2195.91,0.28,11067.3864,3907.75,63.07,Upi,1,True,Returned,6
ORD-02928,2023-06-20,CUST17827,Sunita Bose,40,Other,Central,Indore,Clothing,Kurta,6,3464.49,0.3,14550.857999999998,8946.26,68.97,Credit Card,4,False,Cancelled,5
ORD-02162,2022-08-05,CUST70128,Priya Rao,34,Other,East,Kolkata,Books,Self-Help Book,3,1288.6,0.03,3749.8259999999996,1600.29,88.39,Debit Card,5,False,Delivered,2
ORD-01965,2022-05-18,CUST41329,Nikhil Verma,37,Female,West,Mumbai,Clothing,Saree,9,2779.53,0.35,16260.2505,8557.51,60.61,Emi,2,False,Delivered,7
ORD-02573,2023-01-25,CUST56165,Nikhil Patel,42,Other,East,Patna,Electronics,Tablet,6,59741.71,0.16,301098.2184,37793.71,70.42,Net Banking,5,False,Delivered,10
ORD-00524,2020-08-19,CUST71429,Shreya Shah,26,Female,Central,Bhopal,Electronics,Tablet,1,24574.09,0.31,16956.1221,1618.66,51.33,Net Banking,2,True,Returned,9
ORD-01244,2021-07-16,CUST02216,Aditya Gupta,31,Male,North,Chandigarh,Books,Biography,6,1434.91,0.15,7318.041,2933.84,31.36,Emi,2,False,Delivered,6
ORD-02410,2022-11-06,CUST42492,Vikram Das,31,Other,South,Bangalore,Electronics,Smartphone,2,71479.88,0.14,122945.39360000001,10563.18,80.96,Credit Card,4,True,Returned,3
ORD-00411,2020-06-30,CUST25002,Rahul Das,31,Other,South,Chennai,Electronics,Camera,10,55392.79,0.3,387749.52999999997,47237.56,43.11,Net Banking,4,False,Delivered,7
ORD-02285,2022-09-19,CUST27442,Rahul Sharma,25,Female,Central,Nagpur,Beauty,Perfume,6,226.83,0.24,1034.3448,638.69,48.65,Debit Card,3,False,Delivered,1
ORD-00443,2020-07-14,CUST99270,Sanjay Iyer,44,Other,North,Ludhiana,Sports,Tennis Racket,5,14604.49,0.14,62799.30699999999,20545.89,79.68,Upi,5,False,Delivered,4
ORD-01551,2021-11-27,CUST57238,Sunita Nair,10,Female,North,Amritsar,Beauty,Sunscreen,2,524.5,0.13,912.63,357.6,38.55,Debit Card,5,False,Delivered,8
ORD-00359,2020-06-03,CUST46631,Vikram Das,20,Other,South,Chennai,Sports,Dumbbells,4,3114.57,0.04,11959.9488,2493.63,77.95,Cash On Delivery,5,False,Delivered,5
ORD-01204,2021-06-27,CUST58365,Karan Mehta,34,Male,Central,Nagpur,Clothing,Dress,6,1824.73,0.07,10181.9934,4404.16,111.66,Emi,1,True,Returned,1
ORD-02758,2023-04-09,CUST17548,Deepa Singh,38,Other,North,Ludhiana,Books,Comic Book,10,1140.33,0.27,8324.409,3683.76,52.27,Emi,3,False,Delivered,2
ORD-00315,2020-05-17,CUST62709,Ananya Verma,30,Male,East,Guwahati,Books,Self-Help Book,10,635.99,0.16,5342.316,3155.48,88.69,Emi,2,False,Delivered,1
ORD-02014,2022-06-06,CUST26242,Rohan Chatterjee,50,Female,North,Delhi,Furniture,Sofa,9,18354.53,0.4,99114.46199999998,46776.23,60.02,Credit Card,3,False,Delivered,10
ORD-00806,2021-01-04,CUST73115,Ritu Iyer,25,Male,Central,Nagpur,Beauty,Lipstick,5,2326.77,0.38,7212.987,2891.02,74.06,Emi,4,False,Shipped,6
ORD-02679,2023-03-06,CUST93760,Nikhil Kapoor,48,Male,East,Patna,Groceries,Cooking Oil,8,412.18,0.37,2077.3872,237.24,74.88,Debit Card,2,False,Cancelled,3
ORD-00035,2020-01-13,CUST07419,Priya Nair,33,Female,West,Ahmedabad,Sports,Tennis Racket,3,14820.82,0.39,27122.100599999998,4987.3,45.0,Debit Card,3,False,Delivered,5
ORD-01207,2021-06-29,CUST44749,Pooja Singh,21,Female,South,Chennai,Clothing,Kurta,7,1092.77,0.25,5737.0425,2746.44,79.09,Credit Card,2,False,Delivered,10
ORD-03186,2023-10-09,CUST37684,Rohan Mishra,46,Other,North,Delhi,Books,Fiction Novel,4,1295.21,0.1,4662.756,2321.8,23.54,Credit Card,4,False,Delivered,6
ORD-03315,2023-12-05,CUST93902,Amit Sharma,27,Other,South,Chennai,Beauty,Hair Oil,3,752.34,0.25,1692.7649999999999,600.66,65.3,Net Banking,5,False,Delivered,1
ORD-02563,2023-01-16,CUST04574,Sunita Shah,11,Female,South,Chennai,Sports,Football,5,4093.28,0.23,15759.128,2444.13,77.13,Debit Card,2,False,Cancelled,7
ORD-03706,2024-05-30,CUST22929,Ananya Singh,29,Other,North,Chandigarh,Clothing,Dress,8,2994.98,0.2,19167.872,11180.42,45.43,Net Banking,5,False,Delivered,5
ORD-03895,2024-08-13,CUST09260,Rohan Bhat,58,Female,West,Ahmedabad,Clothing,Jeans,3,3209.05,0.24,7316.634000000001,4002.87,53.21,Credit Card,3,True,Returned,7
ORD-00026,2020-01-10,CUST14542,Kavya Chatterjee,31,Female,South,Kochi,Groceries,Flour,7,423.99,0.21,2344.6647000000003,189.37,45.05,Cash On Delivery,1,False,Delivered,8
ORD-04150,2024-12-07,CUST41606,Arjun Verma,26,Female,North,Ludhiana,Electronics,Headphones,2,51176.53,0.12,90070.6928,8619.13,59.77,Cash On Delivery,2,False,Delivered,3
ORD-02234,2022-08-31,CUST98675,Sunita Shah,28,Female,East,Bhubaneswar,Beauty,Lipstick,8,1190.38,0.29,6761.3584,5877.03,93.18,Upi,1,True,Returned,1
ORD-03427,2024-01-25,CUST72511,Sunita Gupta,34,Male,Central,Raipur,Groceries,Dal (1Kg),0,470.22,0.07,0.0,28.04,65.41,Debit Card,2,False,Delivered,4
ORD-01311,2021-08-12,CUST00450,Sanjay Iyer,39,Male,West,Ahmedabad,Electronics,Smartwatch,7,63396.04,0.05,421583.666,47623.99,47.91,Emi,3,False,Delivered,2
ORD-00314,2020-05-17,CUST45424,Pooja Gupta,38,Male,West,Mumbai,Sports,Cricket Bat,6,3765.92,0.27,16494.7296,5247.02,90.54,Upi,4,False,Delivered,9
ORD-02156,2022-08-04,CUST99111,Meera Nair,33,Other,Central,Bhopal,Beauty,Sunscreen,1,1864.55,0.02,1827.259,835.39,82.42,Emi,1,True,Returned,5
ORD-02101,2022-07-13,CUST17742,Meera Verma,47,Female,South,Hyderabad,Electronics,Smartphone,6,9010.34,0.38,33518.4648,5134.33,75.34,Upi,4,False,Delivered,10
ORD-00733,2020-12-01,CUST15499,Priya Mishra,34,Other,West,Mumbai,Furniture,Desk,9,12544.46,0.21,89191.11059999999,23589.88,79.05,Debit Card,4,False,Delivered,4
ORD-01641,2022-01-01,CUST87800,Rahul Patel,51,M,East,Bhubaneswar,Furniture,Bookshelf,1,27509.11,0.34,18156.0126,3413.01,50.42,Credit Card,2,True,Returned,9
ORD-00406,2020-06-25,CUST55912,Rohan Iyer,41,Female,Central,Nagpur,Books,Cook Book,1,794.97,0.15,675.7245,213.02,18.34,Debit Card,5,False,Delivered,6
ORD-03604,2024-04-19,CUST22575,Nikhil Mehta,40,Female,Central,Indore,Clothing,Jeans,2,3889.03,0.0,7778.06,4053.26,49.43,Net Banking,3,False,Delivered,4
ORD-00419,2020-07-05,CUST41041,Pooja Chatterjee,22,Male,West,Surat,Books,Textbook,2,1319.78,0.11,2349.2084,758.61,53.87,Cash On Delivery,5,False,Delivered,5
ORD-01329,2021-08-20,CUST48811,Ananya Kapoor,27,Male,North,Amritsar,Groceries,Flour,1,108.73,0.39,66.3253,7.58,51.82,Cash On Delivery,4,False,Shipped,7
ORD-01219,2021-07-04,CUST74829,Sunita Bose,32,M,Central,Indore,Clothing,Dress,9,3582.63,0.15,27407.1195,14700.02,55.73,Credit Card,4,False,Delivered,6
ORD-03413,2024-01-18,CUST01012,Rahul Sharma,29,Male,North,Delhi,Furniture,Chair,4,30995.42,0.28,89266.8096,18542.88,39.88,Net Banking,5,False,Delivered,7
ORD-03002,2023-07-24,CUST83812,Karan Chatterjee,40,Other,Central,Indore,Beauty,Hair Oil,3,2358.28,0.21,5589.123600000001,4056.62,66.18,Credit Card,4,False,Delivered,10
ORD-03159,2023-09-30,CUST24304,Kavya Joshi,50,Male,North,Ludhiana,Clothing,Jacket,9,1332.1,0.24,9111.564,3205.48,79.0,Credit Card,2,False,Delivered,3
ORD-03450,2024-02-05,CUST80072,Ritu Kapoor,37,Other,West,Pune,Clothing,Jacket,9,1826.63,0.07,15288.893100000001,6487.83,57.55,Emi,5,False,Delivered,9
ORD-02992,2023-07-20,CUST09576,Aditya Gupta,49,Male,West,Surat,Sports,Yoga Mat,10,14494.42,0.17,120303.686,37373.97,63.48,Upi,2,False,Delivered,9
ORD-01737,2022-02-10,CUST67585,Vikram Verma,15,Female,Central,Indore,Books,Self-Help Book,9,1403.46,0.3,8841.797999999999,4061.53,49.87,Debit Card,3,True,Returned,6
ORD-01298,2021-08-09,CUST05275,Deepa Bose,36,Male,South,Bangalore,Furniture,Chair,1,13928.4,0.02,13649.831999999999,4982.19,84.29,Debit Card,1,True,Returned,2
ORD-00747,2020-12-06,CUST87215,Vikram Reddy,39,Other,South,Chennai,Furniture,Bookshelf,7,16844.34,0.21,93149.2002,17615.41,77.12,Emi,4,False,Delivered,7
ORD-01120,2021-05-19,CUST83419,Priya Das,44,Male,North,Ludhiana,Electronics,Laptop,7,76173.79,0.04,511887.8687999999,99827.84,53.23,Debit Card,3,False,Shipped,4
ORD-02912,2023-06-11,CUST85957,Arjun Rao,46,Other,West,Mumbai,Electronics,Tablet,8,74304.54,0.08,546881.4144,73848.3,54.14,Emi,2,False,Delivered,9
ORD-01957,2022-05-15,CUST64737,Rahul Kapoor,57,Other,North,Amritsar,Electronics,Headphones,5,40573.07,0.31,139977.09149999998,20245.06,51.87,Upi,5,False,Delivered,5
ORD-01288,2021-08-03,CUST52141,Ritu Kumar,29,Female,South,Chennai,Electronics,Smartwatch,9,65957.44,0.32,403659.5327999999,88344.08,59.57,Cash On Delivery,5,False,Delivered,6
ORD-02581,2023-01-27,CUST31891,Nikhil Kumar,55,Female,West,Mumbai,Books,Comic Book,10,262.24,0.25,1966.8000000000002,706.13,81.67,Emi,3,False,Delivered,5
ORD-00773,2020-12-15,CUST43341,Vikram Singh,46,Other,West,Ahmedabad,Books,Cook Book,6,444.05,0.38,1651.8660000000002,392.88,100.75,Emi,4,False,Delivered,10
ORD-00682,2020-11-06,CUST98255,Shreya Gupta,54,Female,West,Pune,Books,Comic Book,9,1493.02,0.15,11421.603,3127.78,40.52,Debit Card,3,False,Delivered,4
ORD-00092,2020-02-05,CUST33858,Sunita Bose,37,Male,West,Surat,Sports,Yoga Mat,10,8101.49,0.21,64001.771,7573.04,83.71,Net Banking,2,True,Returned,7
ORD-02172,2022-08-10,CUST49313,Rohan Verma,38,Other,South,Kochi,Sports,Cricket Bat,4,2688.74,0.36,6883.1744,1551.65,54.97,Upi,2,False,Cancelled,1
ORD-00897,2021-02-07,CUST66586,Ritu Mehta,39,Male,North,Amritsar,Furniture,Bookshelf,7,15174.89,0.06,99850.7762,24165.11,39.53,Emi,2,False,Delivered,1
ORD-03312,2023-12-03,CUST71934,Arjun Gupta,28,Male,West,Ahmedabad,Electronics,Tablet,4,61847.14,0.28,178119.7632,21536.45,70.33,Debit Card,4,True,Returned,5
ORD-00874,2021-02-01,CUST90693,Ritu Bose,28,Male,West,Surat,Clothing,Kurta,7,705.54,0.02,4840.0044,1347.79,69.43,Cash On Delivery,3,False,Delivered,6
ORD-01844,2022-03-26,CUST38409,Kavya Verma,46,Other,West,Surat,Clothing,Saree,6,2129.97,0.33,8562.479399999998,4603.57,41.82,Net Banking,2,False,Delivered,1
ORD-01608,2021-12-19,CUST49887,Sunita Bose,41,Other,West,Pune,Books,Self-Help Book,1,1086.72,0.16,912.8448,191.01,81.14,Cash On Delivery,2,False,Delivered,7
ORD-01258,2021-07-22,CUST67262,Rahul Mishra,48,Other,East,Guwahati,Books,Self-Help Book,9,267.73,0.18,1975.8474000000003,797.79,100.33,Debit Card,5,False,Pending,6
ORD-00585,2020-09-18,CUST92797,Kavya Pillai,33,Other,South,Bangalore,Electronics,Camera,6,51958.82,0.09,283695.1572,46515.89,67.94,Upi,5,False,Pending,3
ORD-04091,2024-11-09,CUST86939,Deepa Bose,6,Male,East,Kolkata,Electronics,Headphones,4,35242.41,0.19,114185.40840000001,11262.26,105.94,Cash On Delivery,2,False,Delivered,9
ORD-03075,2023-08-20,CUST66159,Shreya Shah,17,Female,East,Kolkata,Furniture,Bookshelf,8,11661.87,0.24,70904.16960000001,28202.79,88.67,Net Banking,5,False,Delivered,3
ORD-02293,2022-09-21,CUST83140,Kavya Iyer,19,Male,Central,Raipur,Furniture,Wardrobe,9,11670.17,0.29,74572.3863,25127.73,70.57,Credit Card,2,False,Pending,5
ORD-03389,2024-01-05,CUST12949,Ananya Bhat,34,Other,Central,Nagpur,Clothing,Jeans,3,2014.35,0.34,3988.412999999999,1521.68,55.01,Upi,2,False,Delivered,2
ORD-04106,2024-11-18,CUST44096,Karan Mehta,24,Male,West,Ahmedabad,Clothing,Saree,6,3683.81,0.14,19008.459600000002,6945.87,62.15,Credit Card,3,False,Delivered,7
ORD-02488,2022-12-16,CUST92446,Arjun Pillai,38,Female,Central,Nagpur,Clothing,Saree,7,3070.57,0.11,19129.651100000003,5224.39,34.38,Credit Card,1,False,Delivered,2
ORD-02468,2022-12-06,CUST62783,Priya Mishra,35,Male,South,Bangalore,Clothing,T-Shirt,10,1323.89,0.17,10988.287,2864.34,73.19,Credit Card,3,False,Delivered,6
ORD-03558,2024-03-26,CUST69842,Ritu Bose,28,F,West,Mumbai,Electronics,Smartphone,0,17236.67,0.25,0.0,1792.51,70.71,Net Banking,3,False,Delivered,2
ORD-03872,2024-08-06,CUST05197,Deepa Rao,31,Other,East,Kolkata,Electronics,Smartwatch,1,32097.99,0.19,25999.371900000002,5312.93,86.5,Net Banking,5,False,Delivered,10
ORD-04053,2024-10-24,CUST88893,Sunita Reddy,16,Male,Central,Indore,Groceries,Rice (5Kg),5,127.17,0.13,553.1895000000001,51.77,79.36,Debit Card,5,False,Cancelled,8
ORD-01927,2022-05-02,CUST95099,Nisha Verma,23,Other,West,Pune,Clothing,Kurta,9,2847.87,0.1,23067.747,12191.27,82.56,Debit Card,2,False,Cancelled,1
ORD-03251,2023-11-05,CUST86211,Arjun Kumar,26,Male,West,Pune,Clothing,Dress,5,3838.12,0.33,12857.701999999997,4808.14,32.22,Upi,3,False,Delivered,1
ORD-01913,2022-04-25,CUST36526,Ananya Kapoor,2,Other,Central,Nagpur,Sports,Tennis Racket,9,1049.52,0.1,8501.112000000001,2621.33,73.93,Emi,2,False,Delivered,5
ORD-00430,2020-07-08,CUST04699,Nikhil Pillai,23,Male,South,Chennai,Electronics,Laptop,9,57811.07,0.11,463066.6707,69255.11,81.93,Credit Card,1,False,Delivered,6
ORD-03805,2024-07-12,CUST88017,Aditya Shah,28,Female,East,Guwahati,Clothing,T-Shirt,9,2080.99,0.16,15732.284399999997,8715.61,71.25,Net Banking,4,False,Delivered,10
ORD-03311,2023-12-02,CUST69847,Nikhil Rao,53,Female,East,Guwahati,Furniture,Bookshelf,7,17240.23,0.18,98958.92020000001,29154.44,70.02,Upi,2,False,Delivered,10
ORD-04002,2024-09-23,CUST44623,Sunita Shah,31,Female,South,Kochi,Books,Fiction Novel,5,893.6,0.03,4333.96,1918.52,70.92,Debit Card,1,False,Delivered,2
ORD-01009,2021-04-01,CUST88411,Vikram Nair,24,Female,East,Bhubaneswar,Groceries,Dal (1Kg),5,417.1,0.07,1939.5149999999999,234.32,91.09,Cash On Delivery,5,False,Delivered,6
ORD-01669,2022-01-15,CUST66582,Deepa Singh,34,Female,South,Hyderabad,Electronics,Tablet,9,32073.99,0.13,251139.34170000002,25075.11,53.93,Debit Card,1,False,Delivered,1
ORD-03539,2024-03-17,CUST80870,Vikram Bhat,39,Male,East,Kolkata,Furniture,Desk,1,13132.98,0.37,8273.777399999999,2437.06,64.72,Cash On Delivery,3,False,Delivered,9
ORD-03910,2024-08-16,CUST13303,Arjun Bhat,17,Other,South,Bangalore,Beauty,Lipstick,2,339.31,0.14,583.6132,266.52,77.85,Credit Card,3,False,Delivered,2
ORD-02860,2023-05-29,CUST89287,Amit Verma,43,Other,South,Hyderabad,Groceries,Tea,4,176.79,0.34,466.72559999999993,71.67,64.69,Upi,2,False,Delivered,4
ORD-00441,2020-07-12,CUST63862,Sunita Kapoor,26,Other,East,Patna,Sports,Cricket Bat,2,1653.6,0.04,3174.912,970.42,65.98,Upi,2,False,Cancelled,9
ORD-01942,2022-05-08,CUST68557,Sunita Patel,43,Male,North,Amritsar,Books,Cook Book,6,1175.95,0.21,5574.003000000001,2412.95,48.24,Upi,1,False,Delivered,8
ORD-03242,2023-11-01,CUST97241,Vikram Iyer,23,Female,North,Ludhiana,Electronics,Camera,2,5533.58,0.28,7968.3552,1116.53,64.26,Upi,3,False,Delivered,5
ORD-03830,2024-07-23,CUST01634,Sunita Kumar,34,M,West,Mumbai,Books,Textbook,4,1110.24,0.37,2797.8048,2178.27,50.74,Debit Card,3,False,Shipped,4
ORD-03782,2024-07-03,CUST04568,Rohan Joshi,43,Other,West,Surat,Beauty,Shampoo,4,1596.7,0.35,4151.42,2976.56,47.58,Cash On Delivery,2,False,Delivered,8
ORD-03175,2023-10-05,CUST40113,Arjun Das,39,Other,South,Hyderabad,Electronics,Camera,5,11373.83,0.07,52888.309499999996,8643.41,51.2,Upi,2,False,Pending,7
ORD-00202,2020-03-30,CUST45698,Aarav Singh,35,Other,East,Guwahati,Electronics,Camera,1,61584.97,0.16,51731.3748,4451.98,62.25,Net Banking,3,True,Returned,6
ORD-00112,2020-02-11,CUST64249,Kavya Kumar,31,Female,South,Hyderabad,Books,Comic Book,4,514.81,0.29,1462.0603999999998,506.71,90.95,Net Banking,3,True,Returned,8
ORD-02325,2022-10-06,CUST90684,Nisha Kumar,33,Other,East,Guwahati,Furniture,Wardrobe,0,3653.99,0.28,0.0,857.67,97.14,Cash On Delivery,4,False,Delivered,8
ORD-03914,2024-08-19,CUST37605,Priya Gupta,41,Female,East,Bhubaneswar,Books,Self-Help Book,9,252.57,0.22,1773.0414,1540.74,68.92,Net Banking,5,False,Delivered,4
ORD-02035,2022-06-16,CUST24912,Vikram Chatterjee,20,F,South,Kochi,Groceries,Flour,3,328.35,0.36,630.432,66.63,38.42,Credit Card,1,True,Returned,3
ORD-01623,2021-12-26,CUST05179,Priya Mehta,31,Female,North,Amritsar,Sports,Yoga Mat,3,11948.26,0.37,22582.2114,3332.82,46.24,Emi,1,True,Returned,9
ORD-01251,2021-07-17,CUST66419,Meera Shah,54,Female,North,Chandigarh,Books,Fiction Novel,3,454.35,0.08,1254.0060000000003,662.33,36.88,Net Banking,5,False,Delivered,1
ORD-01522,2021-11-16,CUST98765,Priya Verma,25,Male,South,Chennai,Beauty,Shampoo,9,1726.96,0.23,11967.8328,3795.6,92.14,Emi,3,False,Delivered,5
ORD-00089,2020-02-04,CUST25767,Nisha Sharma,28,Female,Central,Nagpur,Books,Self-Help Book,8,466.79,0.13,3248.8584,1118.74,75.51,Net Banking,1,True,Returned,10
ORD-00531,2020-08-22,CUST56061,Aarav Iyer,33,Female,Central,Raipur,Furniture,Bookshelf,1,11106.33,0.21,8774.0007,3146.8,21.75,Emi,3,False,Delivered,4
ORD-01371,2021-09-10,CUST72149,Aarav Patel,47,Other,South,Chennai,Beauty,Perfume,6,1969.17,0.13,10279.0674,3753.53,62.19,Net Banking,4,False,Delivered,7
ORD-01934,2022-05-04,CUST13888,Nikhil Verma,14,Female,East,Bhubaneswar,Clothing,Dress,1,487.63,0.12,429.1144,264.52,80.56,Net Banking,3,False,Shipped,6
ORD-03061,2023-08-17,CUST33333,Meera Nair,43,Other,West,Surat,Sports,Tennis Racket,1,8555.4,0.13,7443.197999999999,2139.78,51.56,Net Banking,4,False,Delivered,5
ORD-01179,2021-06-13,CUST89762,Rahul Verma,12,Other,Central,Indore,Electronics,Tablet,2,69650.18,0.37,87759.22679999999,16231.29,72.14,Upi,4,False,Shipped,1
ORD-03799,2024-07-10,CUST47925,Shreya Bose,32,Other,South,Chennai,Electronics,Laptop,6,33794.81,0.2,162215.088,47680.83,53.59,Credit Card,5,False,Delivered,6
ORD-00794,2020-12-28,CUST66490,Arjun Singh,41,Other,South,Hyderabad,Sports,Cricket Bat,3,7407.34,0.1,19999.818,2114.9,49.05,Debit Card,5,False,Delivered,7
ORD-01291,2021-08-05,CUST96686,Priya Patel,32,Other,North,Ludhiana,Beauty,Face Cream,8,460.54,0.18,3021.1424,2168.77,52.4,Credit Card,2,False,Delivered,2
ORD-02252,2022-09-08,CUST72140,Ritu Nair,60,Male,East,Guwahati,Groceries,Rice (5Kg),6,415.02,0.39,1518.9732,138.97,100.53,Credit Card,1,False,Cancelled,3
ORD-02881,2023-06-03,CUST20568,Sunita Pillai,30,Female,West,Pune,Clothing,Jeans,9,378.42,0.0,3405.78,1570.94,43.44,Cash On Delivery,4,False,Delivered,8
ORD-01232,2021-07-10,CUST30852,Pooja Mishra,50,Male,North,Chandigarh,Electronics,Camera,10,73418.09,0.12,646079.1919999999,100234.13,47.78,Upi,3,False,Delivered,1
ORD-02822,2023-05-11,CUST92489,Vikram Kumar,29,Female,North,Ludhiana,Sports,Cricket Bat,4,3625.13,0.28,10440.3744,4907.54,52.29,Credit Card,1,False,Delivered,8
ORD-03751,2024-06-21,CUST80011,Rahul Chatterjee,35,Male,Central,Raipur,Electronics,Smartphone,8,67283.39,0.11,479057.7368,136279.91,61.27,Credit Card,4,False,Delivered,4
ORD-01046,2021-04-19,CUST00053,Priya Iyer,26,Male,South,Bangalore,Books,Fiction Novel,7,845.12,0.31,4081.9296,2834.57,62.59,Emi,4,False,Shipped,6
ORD-01873,2022-04-06,CUST87809,Kavya Das,32,Male,North,Chandigarh,Sports,Cricket Bat,3,12278.87,0.07,34258.0473,7600.27,55.32,Debit Card,5,False,Delivered,2
ORD-01680,2022-01-19,CUST80666,Priya Shah,21,Female,East,Bhubaneswar,Furniture,Wardrobe,6,21414.6,0.08,118208.592,14653.33,77.51,Cash On Delivery,4,False,Delivered,8
ORD-02521,2022-12-31,CUST93392,Deepa Bhat,26,Male,West,Mumbai,Groceries,Dal (1Kg),9,337.76,0.24,2310.2784,132.99,68.46,Upi,3,True,Returned,5
ORD-02924,2023-06-19,CUST46273,Sanjay Gupta,19,Male,North,Ludhiana,Electronics,Smartphone,2,20357.2,0.01,40307.256,6315.84,37.02,Credit Card,4,False,Cancelled,5
ORD-01692,2022-01-24,CUST69225,Sanjay Bhat,18,Female,West,Pune,Beauty,Face Cream,7,2018.15,0.11,12573.0745,5708.86,69.44,Net Banking,2,False,Pending,1
ORD-01325,2021-08-17,CUST05247,Sunita Singh,27,Other,East,Guwahati,Furniture,Wardrobe,7,7638.75,0.3,37429.875,10853.15,79.0,Credit Card,5,False,Cancelled,8
ORD-01455,2021-10-21,CUST02169,Amit Mehta,25,Male,West,Surat,Books,Fiction Novel,1,1487.02,0.37,936.8226,327.36,67.16,Emi,3,False,Delivered,8
ORD-02237,2022-09-02,CUST79034,Deepa Gupta,28,Female,East,Kolkata,Furniture,Chair,10,20258.77,0.26,149914.89800000002,44354.41,81.28,Upi,3,False,Delivered,6
ORD-01030,2021-04-11,CUST27078,Kavya Singh,23,Female,South,Chennai,Furniture,Chair,7,15442.1,0.15,91880.495,49080.86,60.99,Upi,2,True,Returned,1
ORD-04196,2024-12-28,CUST70995,Rahul Gupta,40,Male,North,Ludhiana,Electronics,Headphones,5,8516.83,0.34,28105.538999999997,3420.94,56.78,Upi,4,False,Delivered,4
ORD-02574,2023-01-26,CUST72214,Nisha Nair,41,F,East,Kolkata,Groceries,Rice (5Kg),0,462.27,0.29,0.0,27.61,74.43,Emi,4,False,Delivered,6
ORD-03121,2023-09-09,CUST63009,Aarav Kapoor,26,Female,East,Guwahati,Clothing,Jeans,3,2461.49,0.17,6129.110099999999,2178.64,112.99,Upi,1,False,Delivered,3
ORD-00581,2020-09-17,CUST52841,Priya Rao,35,Female,Central,Bhopal,Clothing,Jeans,8,3110.11,0.05,23636.836,7429.85,59.8,Emi,5,False,Delivered,1
ORD-02207,2022-08-20,CUST52808,Nisha Kapoor,32,Female,East,Bhubaneswar,Books,Comic Book,8,748.13,0.13,5206.9848,2050.35,76.68,Debit Card,2,False,Delivered,3
ORD-03594,2024-04-11,CUST78597,Sanjay Kumar,13,Other,South,Kochi,Electronics,Headphones,6,70873.0,0.37,267899.94,42189.66,83.88,Upi,3,False,Delivered,4
ORD-00120,2020-02-16,CUST90788,Karan Singh,47,Other,North,Ludhiana,Sports,Cricket Bat,4,2203.36,0.17,7315.1552,1176.36,73.93,Credit Card,1,False,Cancelled,1
ORD-01633,2021-12-29,CUST05863,Meera Das,16,Male,South,Hyderabad,Sports,Football,2,13090.85,0.33,17541.738999999998,2166.22,87.29,Upi,2,False,Delivered,5
ORD-01647,2022-01-04,CUST89140,Aditya Pillai,20,Male,West,Surat,Sports,Dumbbells,5,2889.82,0.01,14304.609,2820.46,70.26,Credit Card,5,False,Delivered,9
ORD-02033,2022-06-15,CUST51814,Ritu Kumar,38,Other,East,Guwahati,Sports,Tennis Racket,9,12169.11,0.1,98569.79100000001,29276.65,63.19,Net Banking,5,False,Pending,8
ORD-02302,2022-09-25,CUST57376,Aarav Singh,30,Male,Central,Nagpur,Clothing,Dress,2,1047.08,0.14,1800.9776,854.12,49.15,Net Banking,5,False,Delivered,6
ORD-04136,2024-12-03,CUST52875,Shreya Mishra,24,Female,Central,Bhopal,Books,Self-Help Book,2,585.2,0.28,842.688,375.39,29.42,Debit Card,1,False,Cancelled,2
ORD-01685,2022-01-21,CUST87567,Rahul Shah,41,Other,South,Kochi,Beauty,Hair Oil,5,1126.89,0.3,3944.1150000000002,953.02,77.15,Emi,4,False,Delivered,3
ORD-00808,2021-01-05,CUST38701,Meera Sharma,45,Female,East,Kolkata,Sports,Tennis Racket,4,5092.41,0.23,15684.6228,3463.99,74.84,Debit Card,4,False,Shipped,9
ORD-02227,2022-08-29,CUST03537,Priya Singh,27,Other,East,Bhubaneswar,Sports,Cricket Bat,1,5779.22,0.31,3987.6618,997.26,61.33,Debit Card,4,True,Returned,5
ORD-02880,2023-06-03,CUST70204,Shreya Singh,55,Other,Central,Raipur,Clothing,Jeans,1,2361.96,0.23,1818.7092,1189.62,62.61,Cash On Delivery,4,False,Delivered,8
ORD-01460,2021-10-22,CUST92264,Nikhil Chatterjee,38,Female,Central,Bhopal,Books,Self-Help Book,4,875.51,0.3,2451.428,482.57,74.29,Credit Card,3,False,Delivered,3
ORD-03265,2023-11-10,CUST91791,Ananya Kapoor,51,Other,North,Chandigarh,Books,Textbook,5,731.88,0.0,3659.4,1291.32,48.81,Net Banking,1,True,Returned,10
ORD-01981,2022-05-25,CUST59895,Sanjay Rao,34,Male,East,Bhubaneswar,Electronics,Smartwatch,10,74467.03,0.06,699990.082,81264.87,92.07,Emi,4,False,Delivered,10
ORD-01376,2021-09-14,CUST33017,Aarav Pillai,56,Female,East,Bhubaneswar,Clothing,Saree,1,2237.32,0.36,1431.8848,627.59,70.34,Net Banking,4,False,Cancelled,6
ORD-01105,2021-05-14,CUST80204,Vikram Patel,19,Female,East,Patna,Furniture,Desk,4,25489.41,0.13,88703.1468,32943.27,73.78,Upi,3,True,Returned,3
ORD-00113,2020-02-11,CUST93734,Meera Das,49,Other,North,Chandigarh,Groceries,Dal (1Kg),7,315.99,0.13,1924.3791000000003,123.62,76.22,Credit Card,1,False,Delivered,4
ORD-03368,2023-12-29,CUST21747,Kavya Shah,19,Female,South,Kochi,Books,Cook Book,8,221.14,0.38,1096.8544,527.82,92.0,Net Banking,4,False,Delivered,8
ORD-01783,2022-03-02,CUST27111,Rohan Gupta,37,F,West,Ahmedabad,Groceries,Flour,5,86.9,0.34,286.77,31.6,52.67,Net Banking,4,False,Delivered,2
ORD-02280,2022-09-16,CUST85697,Nisha Kumar,38,Male,South,Hyderabad,Furniture,Chair,5,22143.81,0.12,97432.76400000001,31149.72,53.5,Emi,2,True,Returned,8
ORD-03216,2023-10-22,CUST32134,Kavya Chatterjee,33,Male,West,Pune,Beauty,Lipstick,5,313.72,0.26,1160.7640000000001,468.82,41.27,Net Banking,1,True,Returned,8
ORD-01898,2022-04-17,CUST93402,Sanjay Joshi,37,Female,East,Bhubaneswar,Groceries,Rice (5Kg),10,64.44,0.04,618.6239999999999,67.39,69.3,Upi,3,True,Returned,2
ORD-00988,2021-03-25,CUST03932,Arjun Sharma,55,Other,South,Bangalore,Groceries,Sugar,3,211.44,0.27,463.05359999999996,17.1,58.35,Upi,1,True,Returned,8
ORD-03593,2024-04-11,CUST55992,Aarav Mehta,26,Other,Central,Raipur,Groceries,Cooking Oil,2,426.88,0.22,665.9328,85.91,71.23,Cash On Delivery,3,False,Delivered,8
ORD-04132,2024-12-02,CUST70066,Ritu Rao,34,Male,North,Amritsar,Groceries,Dal (1Kg),0,64.93,0.31,0.0,2.91,55.14,Credit Card,4,False,Shipped,3
ORD-02551,2023-01-12,CUST18241,Nisha Kapoor,54,Female,Central,Bhopal,Sports,Yoga Mat,8,7866.66,0.28,45311.961599999995,9536.21,48.3,Net Banking,4,False,Cancelled,2
ORD-03839,2024-07-26,CUST67708,Aarav Pillai,29,Male,South,Hyderabad,Beauty,Sunscreen,9,2362.56,0.24,16159.9104,10738.54,78.73,Net Banking,4,False,Delivered,2
ORD-04131,2024-12-01,CUST27632,Pooja Kumar,24,Female,North,Ludhiana,Clothing,Kurta,1,3420.38,0.01,3386.1762,1562.14,63.61,Debit Card,3,False,Delivered,4
ORD-02794,2023-04-24,CUST50448,Sanjay Joshi,40,Other,North,Chandigarh,Books,Cook Book,5,375.59,0.07,1746.4934999999998,759.54,86.48,Debit Card,4,False,Delivered,6
ORD-01822,2022-03-16,CUST25475,Kavya Pillai,54,Female,East,Bhubaneswar,Clothing,Jacket,8,3480.42,0.26,20604.0864,9634.62,82.01,Emi,2,True,Returned,10
ORD-02486,2022-12-15,CUST08668,Ritu Reddy,27,Female,South,Bangalore,Electronics,Headphones,10,27390.35,0.14,235557.01,28830.39,84.68,Upi,3,True,Returned,10
ORD-03654,2024-05-06,CUST00096,Ritu Bose,41,Male,Central,Raipur,Groceries,Flour,1,429.16,0.06,403.4104,40.82,38.15,Cash On Delivery,2,False,Delivered,7
ORD-02789,2023-04-21,CUST60012,Shreya Gupta,20,Male,Central,Bhopal,Books,Textbook,7,714.91,0.34,3302.8841999999995,1690.54,56.73,Credit Card,3,False,Delivered,8
ORD-02310,2022-10-01,CUST33052,Sunita Bhat,32,Other,North,Amritsar,Beauty,Hair Oil,8,963.22,0.23,5933.4352,2484.8,60.98,Emi,3,False,Delivered,3
ORD-03019,2023-07-31,CUST46142,Nisha Mehta,30,Other,West,Pune,Clothing,Kurta,2,1744.92,0.39,2128.8024,1198.84,44.94,Credit Card,3,True,Returned,7
ORD-02018,2022-06-09,CUST30360,Deepa Patel,26,F,East,Kolkata,Furniture,Chair,7,27994.03,0.19,158726.1501,53596.61,69.11,Cash On Delivery,3,False,Cancelled,2
ORD-04165,2024-12-15,CUST82149,Nisha Verma,38,Male,East,Bhubaneswar,Electronics,Smartwatch,4,62134.64,0.31,171491.6064,17375.7,66.2,Net Banking,3,False,Delivered,1
ORD-02728,2023-03-29,CUST26931,Shreya Shah,22,Other,West,Pune,Sports,Dumbbells,5,9438.65,0.19,38226.5325,10853.36,59.57,Upi,2,False,Delivered,9
ORD-00946,2021-03-03,CUST66962,Arjun Shah,29,Male,South,Kochi,Books,Comic Book,3,265.72,0.26,589.8984,162.11,60.04,Net Banking,1,False,Cancelled,10
ORD-01950,2022-05-11,CUST82536,Sanjay Bose,17,Female,West,Mumbai,Groceries,Cooking Oil,8,186.85,0.28,1076.2559999999999,141.73,50.9,Debit Card,1,False,Cancelled,6
ORD-02702,2023-03-16,CUST41199,Nikhil Chatterjee,34,Male,West,Ahmedabad,Books,Cook Book,6,942.74,0.28,4072.6368,1628.44,67.17,Upi,3,False,Delivered,9
ORD-03056,2023-08-16,CUST57382,Pooja Iyer,45,Female,Central,Raipur,Furniture,Bed Frame,7,21860.37,0.22,119357.6202,37409.1,28.9,Credit Card,1,True,Returned,7
ORD-01906,2022-04-22,CUST38374,Deepa Das,34,Other,West,Mumbai,Clothing,Saree,3,3141.61,0.25,7068.6224999999995,2933.74,44.85,Net Banking,3,False,Cancelled,8
ORD-01259,2021-07-23,CUST98747,Rahul Pillai,43,Female,North,Chandigarh,Clothing,Saree,4,3539.46,0.36,9061.017600000001,4582.45,80.65,Emi,3,True,Returned,10
ORD-01168,2021-06-07,CUST35029,Arjun Verma,41,Male,South,Hyderabad,Electronics,Headphones,9,63927.14,0.29,408494.42459999997,73248.66,68.24,Net Banking,2,False,Delivered,3
ORD-03894,2024-08-13,CUST65883,Nisha Mishra,37,M,Central,Bhopal,Beauty,Shampoo,2,1715.59,0.39,2093.0198,1724.71,47.41,Cash On Delivery,2,False,Shipped,7
ORD-01171,2021-06-09,CUST15457,Rahul Bhat,29,Female,East,Guwahati,Groceries,Dal (1Kg),2,359.79,0.37,453.33540000000005,52.57,85.35,Net Banking,3,False,Delivered,9
ORD-03735,2024-06-16,CUST24467,Aditya Mishra,46,Male,North,Delhi,Beauty,Face Cream,3,2171.12,0.37,4103.4168,2737.34,57.34,Net Banking,4,True,Returned,2
ORD-02716,2023-03-23,CUST34371,Deepa Singh,20,Male,Central,Raipur,Groceries,Tea,7,258.92,0.28,1304.9568,177.42,37.37,Upi,3,False,Delivered,6
ORD-04198,2024-12-29,CUST54617,Kavya Joshi,36,Other,East,Patna,Furniture,Chair,6,21398.46,0.34,84737.90159999998,18648.21,99.52,Emi,4,False,Delivered,1
ORD-03300,2023-11-27,CUST46539,Shreya Verma,29,Other,South,Bangalore,Groceries,Sugar,9,56.27,0.15,430.4655,20.82,82.79,Upi,5,False,Delivered,2
ORD-02819,2023-05-09,CUST12681,Meera Joshi,49,Male,East,Bhubaneswar,Clothing,Saree,1,3976.86,0.21,3141.7194000000004,1981.56,86.05,Credit Card,2,False,Delivered,4
ORD-03025,2023-08-03,CUST12807,Pooja Das,34,Male,Central,Indore,Sports,Tennis Racket,5,8699.81,0.36,27839.391999999996,9308.41,42.55,Debit Card,1,False,Delivered,5
ORD-00299,2020-05-10,CUST26567,Pooja Pillai,55,Other,Central,Nagpur,Clothing,T-Shirt,8,2351.57,0.34,12416.2896,5554.48,71.02,Emi,2,False,Cancelled,5
ORD-01123,2021-05-23,CUST18686,Rahul Shah,36,Other,West,Ahmedabad,Furniture,Bookshelf,1,19884.83,0.21,15709.015700000002,5629.58,50.84,Net Banking,2,False,Delivered,8
ORD-00203,2020-03-30,CUST07224,Aditya Bhat,46,M,East,Kolkata,Sports,Cricket Bat,8,11732.0,0.0,93856.0,11413.28,83.77,Debit Card,4,False,Delivered,10
ORD-00075,2020-01-28,CUST92174,Amit Iyer,46,Male,West,Surat,Groceries,Cooking Oil,9,225.4,0.26,1501.164,112.52,48.11,Net Banking,1,True,Returned,2
ORD-02185,2022-08-14,CUST95667,Deepa Reddy,34,Other,North,Chandigarh,Sports,Cycle,2,9154.56,0.24,13914.931199999999,2758.48,67.71,Upi,1,False,Delivered,8
ORD-00041,2020-01-16,CUST87348,Karan Patel,57,F,Central,Nagpur,Electronics,Smartphone,7,52597.3,0.26,272454.014,25641.97,41.61,Upi,2,False,Delivered,1
ORD-00731,2020-11-30,CUST84048,Kavya Kapoor,2,Female,Central,Nagpur,Electronics,Laptop,4,44342.23,0.38,109968.7304,10270.54,56.21,Cash On Delivery,2,False,Delivered,10
ORD-00110,2020-02-10,CUST80843,Vikram Mishra,5,Other,Central,Raipur,Groceries,Flour,8,426.33,0.16,2864.9375999999997,182.8,70.06,Debit Card,2,False,Cancelled,8
ORD-01541,2021-11-21,CUST10620,Ritu Gupta,7,Other,Central,Indore,Beauty,Shampoo,1,1633.39,0.4,980.034,332.3,59.95,Upi,4,False,Delivered,2
ORD-00163,2020-03-09,CUST31561,Meera Bhat,23,Female,West,Pune,Groceries,Rice (5Kg),6,160.66,0.35,626.5740000000001,60.63,42.02,Upi,3,False,Shipped,9
ORD-01719,2022-02-04,CUST35511,Karan Bose,34,Male,East,Kolkata,Groceries,Dal (1Kg),6,141.78,0.16,714.5712,53.3,63.43,Cash On Delivery,3,False,Delivered,6
ORD-01665,2022-01-13,CUST72087,Pooja Mishra,41,Male,South,Chennai,Sports,Tennis Racket,7,14245.64,0.23,76783.9996,13091.37,63.46,Upi,1,False,Delivered,3
ORD-03188,2023-10-11,CUST87675,Sunita Joshi,30,Other,North,Delhi,Groceries,Flour,2,312.71,0.16,525.3528,45.18,67.16,Debit Card,2,False,Delivered,6
ORD-03469,2024-02-14,CUST84032,Aditya Bose,33,Female,South,Bangalore,Clothing,Jacket,5,3983.26,0.19,16132.203000000003,7723.98,90.81,Debit Card,1,False,Delivered,2
ORD-01387,2021-09-19,CUST58789,Nikhil Mehta,42,Other,West,Surat,Sports,Yoga Mat,7,2078.41,0.23,11202.6299,4242.83,42.68,Credit Card,2,False,Delivered,1
ORD-01369,2021-09-09,CUST31474,Rohan Das,42,Other,Central,Raipur,Groceries,Cooking Oil,7,496.14,0.3,2431.086,279.88,63.12,Cash On Delivery,1,True,Returned,5
ORD-02786,2023-04-20,CUST59888,Amit Das,38,Male,North,Delhi,Electronics,Smartwatch,7,50711.3,0.14,305282.026,58822.76,44.77,Emi,3,False,Delivered,10
ORD-02359,2022-10-17,CUST04245,Sanjay Iyer,34,M,South,Chennai,Groceries,Tea,1,297.84,0.32,202.53119999999996,14.32,62.86,Credit Card,4,False,Delivered,6
ORD-01667,2022-01-13,CUST51290,Shreya Kumar,60,Other,East,Patna,Groceries,Tea,5,77.06,0.11,342.91700000000003,18.83,83.91,Net Banking,4,False,Delivered,10
ORD-02562,2023-01-15,CUST95323,Amit Reddy,62,Male,South,Chennai,Books,Textbook,4,1045.52,0.19,3387.4848,1234.47,69.47,Cash On Delivery,4,False,Delivered,3
ORD-04018,2024-10-06,CUST05715,Shreya Kumar,30,Other,North,Ludhiana,Furniture,Desk,3,20526.57,0.39,37563.6231,5636.16,58.12,Emi,5,False,Delivered,5
ORD-01015,2021-04-04,CUST48355,Nikhil Nair,40,Male,East,Guwahati,Clothing,Jeans,7,2196.3,0.21,12145.539000000002,5078.38,61.62,Cash On Delivery,1,False,Delivered,10
ORD-00770,2020-12-15,CUST84428,Pooja Sharma,56,F,North,Delhi,Furniture,Sofa,2,8330.94,0.36,10663.603200000001,1030.66,34.58,Upi,5,False,Pending,6
ORD-03888,2024-08-10,CUST02813,Deepa Joshi,46,F,East,Patna,Groceries,Dal (1Kg),2,225.92,0.0,451.84,56.74,90.55,Net Banking,3,False,Delivered,6
ORD-04046,2024-10-22,CUST70308,Ananya Sharma,12,Female,West,Ahmedabad,Groceries,Dal (1Kg),1,282.35,0.23,217.4095,22.26,48.98,Debit Card,5,False,Delivered,7
ORD-02317,2022-10-04,CUST47149,Amit Verma,41,Other,North,Delhi,Clothing,Kurta,7,3985.89,0.33,18693.824099999998,7041.24,37.55,Upi,5,False,Shipped,2
ORD-04047,2024-10-23,CUST94569,Nisha Singh,38,Male,West,Pune,Books,Biography,3,1455.69,0.31,3013.2782999999995,1460.04,68.99,Net Banking,1,False,Delivered,1
ORD-02877,2023-06-02,CUST52099,Ritu Das,37,Female,West,Surat,Beauty,Face Cream,10,1285.07,0.28,9252.503999999999,9585.03,77.58,Credit Card,2,False,Delivered,9
ORD-02645,2023-02-17,CUST11538,Sunita Nair,46,Other,West,Pune,Clothing,Jacket,6,2371.79,0.11,12665.3586,4678.25,45.39,Cash On Delivery,4,False,Delivered,6
ORD-03853,2024-07-31,CUST55701,Shreya Das,59,Other,North,Delhi,Clothing,Kurta,8,3536.11,0.38,17539.1056,8415.78,42.65,Upi,1,False,Delivered,1
ORD-03024,2023-08-03,CUST08460,Sanjay Das,40,Female,South,Chennai,Groceries,Dal (1Kg),2,188.62,0.32,256.5232,23.93,82.57,Cash On Delivery,5,False,Delivered,9
ORD-00870,2021-01-31,CUST22353,Amit Rao,56,F,North,Delhi,Electronics,Headphones,8,16693.21,0.26,98823.8032,9097.41,65.45,Cash On Delivery,3,True,Returned,10
ORD-04089,2024-11-09,CUST65407,Kavya Joshi,49,Female,South,Bangalore,Books,Comic Book,5,733.86,0.28,2641.896,846.43,68.42,Upi,5,False,Delivered,1
ORD-03631,2024-04-28,CUST36710,Nisha Patel,31,Male,South,Kochi,Beauty,Hair Oil,6,1419.67,0.01,8432.8398,7704.41,81.85,Credit Card,5,False,Delivered,10
ORD-01594,2021-12-13,CUST74210,Ananya Iyer,49,F,East,Bhubaneswar,Clothing,Saree,1,3144.7,0.35,2044.055,506.25,89.01,Cash On Delivery,3,False,Shipped,5
ORD-02450,2022-11-28,CUST85866,Nikhil Pillai,36,Female,Central,Bhopal,Sports,Football,8,7873.54,0.23,48501.0064,9903.07,42.71,Upi,2,False,Delivered,5
ORD-01729,2022-02-08,CUST21576,Rohan Joshi,20,Other,Central,Bhopal,Furniture,Desk,9,22414.18,0.26,149278.4388,52685.24,39.71,Upi,4,False,Delivered,5
ORD-00334,2020-05-25,CUST45698,Kavya Mehta,37,Male,West,Pune,Books,Comic Book,4,822.35,0.05,3124.93,1181.07,54.01,Net Banking,4,True,Returned,9
ORD-02841,2023-05-23,CUST62482,Vikram Joshi,26,Male,East,Bhubaneswar,Beauty,Face Cream,8,317.17,0.06,2385.1184,2233.34,81.48,Upi,3,False,Pending,5
ORD-00613,2020-10-01,CUST52615,Meera Chatterjee,39,Other,Central,Nagpur,Books,Self-Help Book,8,479.33,0.17,3182.7511999999997,1623.81,57.89,Net Banking,4,False,Delivered,8
ORD-01225,2021-07-07,CUST92217,Kavya Patel,16,Female,Central,Indore,Books,Biography,1,226.79,0.2,181.43200000000002,114.12,71.04,Debit Card,4,False,Delivered,3
ORD-00728,2020-11-29,CUST89689,Priya Bose,19,Male,Central,Raipur,Clothing,Jeans,10,1410.27,0.1,12692.43,2283.3,52.24,Cash On Delivery,5,False,Cancelled,5
ORD-01326,2021-08-18,CUST15556,Amit Sharma,43,Other,South,Chennai,Sports,Cycle,2,10207.68,0.39,12453.3696,3254.54,51.21,Net Banking,1,False,Pending,4
ORD-03070,2023-08-19,CUST29394,Rohan Verma,35,Other,East,Kolkata,Electronics,Laptop,8,20964.05,0.29,119075.80399999999,24207.47,77.54,Upi,2,False,Delivered,5
ORD-00143,2020-02-27,CUST29473,Amit Reddy,25,Other,East,Kolkata,Beauty,Shampoo,1,859.0,0.0,859.0,385.42,82.74,Upi,3,False,Delivered,4
ORD-01765,2022-02-20,CUST28045,Rahul Gupta,35,Female,North,Delhi,Books,Fiction Novel,3,477.72,0.39,874.2276,311.79,41.76,Emi,1,True,Returned,2
ORD-04014,2024-09-30,CUST71983,Vikram Chatterjee,21,Male,North,Ludhiana,Sports,Football,7,1420.89,0.01,9846.767700000002,3969.68,38.84,Debit Card,2,False,Delivered,7
ORD-04079,2024-11-03,CUST85445,Vikram Verma,40,Male,South,Hyderabad,Furniture,Desk,4,25047.24,0.06,94177.62240000001,33882.26,83.32,Emi,5,False,Delivered,4
ORD-01322,2021-08-16,CUST89590,Sanjay Rao,42,Other,Central,Nagpur,Electronics,Headphones,5,25084.96,0.05,119153.55999999998,18968.1,74.02,Emi,1,False,Delivered,8
ORD-00964,2021-03-16,CUST62220,Deepa Reddy,38,Female,North,Ludhiana,Clothing,Jacket,5,888.01,0.25,3330.0375000000004,906.65,30.07,Credit Card,1,False,Pending,4
ORD-01452,2021-10-19,CUST49495,Priya Reddy,20,Male,West,Surat,Beauty,Shampoo,3,805.93,0.05,2296.9004999999997,1247.55,55.34,Upi,3,False,Delivered,5
ORD-03037,2023-08-05,CUST23747,Nikhil Kapoor,25,Female,West,Ahmedabad,Beauty,Sunscreen,1,1196.94,0.09,1089.2154,754.93,47.47,Cash On Delivery,3,False,Delivered,1
ORD-01324,2021-08-16,CUST72753,Nisha Kumar,11,Other,Central,Raipur,Books,Comic Book,7,1004.42,0.04,6749.702399999999,5250.13,59.41,Credit Card,3,False,Delivered,1
ORD-00233,2020-04-11,CUST32440,Ritu Nair,39,Female,East,Kolkata,Electronics,Smartwatch,5,71617.52,0.36,229176.064,28898.92,75.49,Emi,4,True,Returned,2
ORD-01302,2021-08-10,CUST86947,Meera Rao,32,Male,North,Amritsar,Furniture,Bed Frame,1,9518.88,0.28,6853.593599999999,3106.65,60.55,Upi,5,False,Shipped,6
ORD-01767,2022-02-21,CUST86434,Kavya Joshi,37,Other,Central,Nagpur,Sports,Tennis Racket,6,4023.89,0.1,21729.006,2450.18,43.87,Credit Card,4,False,Cancelled,2
ORD-02761,2023-04-10,CUST40656,Shreya Patel,21,Other,West,Mumbai,Sports,Tennis Racket,10,12942.94,0.17,107426.402,44825.88,57.55,Cash On Delivery,3,False,Shipped,6
ORD-03277,2023-11-16,CUST00162,Sunita Kapoor,44,Male,East,Patna,Sports,Cricket Bat,9,6566.64,0.11,52598.786400000005,12859.41,88.55,Debit Card,3,False,Delivered,2
ORD-00077,2020-01-29,CUST29476,Pooja Mishra,32,Female,Central,Raipur,Groceries,Cooking Oil,3,111.25,0.34,220.27499999999998,14.81,67.44,Net Banking,4,True,Returned,2
ORD-03707,2024-06-01,CUST19426,Ananya Bhat,19,Male,North,Chandigarh,Clothing,T-Shirt,4,2911.82,0.11,10366.0792,6962.57,69.31,Net Banking,4,True,Returned,7
ORD-00234,2020-04-12,CUST16850,Meera Rao,33,Female,East,Bhubaneswar,Beauty,Face Cream,9,2037.1,0.35,11917.035,4748.44,81.71,Net Banking,5,False,Delivered,10
ORD-01429,2021-10-07,CUST79705,Priya Mehta,37,Other,Central,Raipur,Books,Textbook,10,786.45,0.07,7313.985,2564.65,36.01,Upi,3,False,Delivered,1
ORD-01782,2022-03-02,CUST00399,Sunita Patel,26,Female,Central,Bhopal,Furniture,Sofa,4,9797.48,0.19,31743.8352,6234.5,54.57,Credit Card,4,False,Delivered,10
ORD-00257,2020-04-23,CUST54277,Amit Rao,53,Other,West,Mumbai,Groceries,Cooking Oil,10,396.88,0.2,3175.0400000000004,349.2,85.52,Emi,4,False,Delivered,8
ORD-02393,2022-11-01,CUST36476,Priya Iyer,32,Other,West,Pune,Groceries,Sugar,3,391.44,0.02,1150.8336,75.65,67.46,Emi,5,False,Delivered,2
ORD-03551,2024-03-22,CUST00900,Nikhil Patel,43,Male,Central,Raipur,Books,Self-Help Book,3,520.52,0.27,1139.9388,542.48,45.42,Upi,1,False,Delivered,5
ORD-00834,2021-01-16,CUST47770,Nikhil Gupta,34,Other,South,Kochi,Clothing,Dress,8,2520.61,0.0,20164.88,4402.15,66.22,Credit Card,2,True,Returned,5
ORD-02243,2022-09-06,CUST19197,Pooja Mehta,25,Male,North,Amritsar,Books,Self-Help Book,1,834.25,0.18,684.085,257.11,40.7,Emi,1,False,Cancelled,2
ORD-04175,2024-12-20,CUST38221,Pooja Kapoor,48,Other,North,Ludhiana,Beauty,Lipstick,5,1283.61,0.36,4107.552,2025.41,50.14,Credit Card,4,False,Delivered,8
ORD-01079,2021-05-03,CUST14896,Vikram Patel,27,Female,West,Mumbai,Clothing,Saree,4,2657.71,0.06,9992.989599999999,6034.89,21.27,Net Banking,5,False,Delivered,9
ORD-00155,2020-03-05,CUST46589,Sanjay Singh,29,F,West,Mumbai,Groceries,Tea,7,363.04,0.17,2109.2624,104.66,54.23,Emi,5,False,Delivered,5
ORD-02829,2023-05-15,CUST25805,Arjun Gupta,36,Male,South,Hyderabad,Groceries,Dal (1Kg),2,399.16,0.34,526.8911999999999,55.39,50.2,Upi,5,False,Shipped,1
ORD-03948,2024-08-31,CUST69929,Nisha Bose,6,Other,South,Bangalore,Groceries,Dal (1Kg),1,231.86,0.05,220.267,34.56,71.71,Cash On Delivery,2,False,Shipped,7
ORD-03980,2024-09-11,CUST14258,Meera Mishra,33,Female,South,Bangalore,Beauty,Sunscreen,0,1914.01,0.13,0.0,974.62,78.05,Upi,1,True,Returned,2
ORD-02443,2022-11-26,CUST14094,Ananya Bose,62,Female,East,Guwahati,Clothing,Kurta,6,2854.71,0.08,15757.999200000002,2778.35,104.98,Credit Card,3,False,Delivered,7
ORD-01744,2022-02-14,CUST90888,Ritu Rao,34,Other,North,Ludhiana,Books,Biography,2,297.05,0.19,481.22100000000006,187.79,46.2,Debit Card,3,False,Delivered,9
ORD-03766,2024-06-27,CUST36068,Aarav Singh,30,Other,East,Bhubaneswar,Clothing,Jeans,0,3154.09,0.01,0.0,1520.0,69.59,Upi,3,False,Delivered,9
ORD-03239,2023-11-01,CUST65289,Ritu Chatterjee,38,Female,Central,Raipur,Furniture,Bed Frame,1,25780.61,0.0,25780.61,8421.08,59.29,Net Banking,4,False,Delivered,3
ORD-00154,2020-03-05,CUST48876,Sunita Singh,42,Male,South,Bangalore,Beauty,Sunscreen,6,1391.35,0.11,7429.808999999998,3630.28,103.09,Credit Card,5,True,Returned,1
ORD-03429,2024-01-26,CUST09088,Rohan Rao,36,Female,West,Ahmedabad,Beauty,Sunscreen,10,1843.94,0.31,12723.186,6188.12,63.02,Emi,3,False,Delivered,10
ORD-03908,2024-08-16,CUST32213,Amit Verma,44,Other,West,Mumbai,Electronics,Tablet,10,70999.96,0.37,447299.7480000001,80911.12,58.51,Emi,5,False,Shipped,6
ORD-01433,2021-10-07,CUST83420,Rahul Kumar,22,Male,South,Chennai,Beauty,Lipstick,2,785.12,0.23,1209.0848,569.3,95.2,Credit Card,4,True,Returned,10
ORD-01395,2021-09-21,CUST24924,Ananya Shah,14,Male,West,Pune,Furniture,Sofa,9,15802.88,0.01,140803.66079999998,46953.51,64.99,Debit Card,1,False,Delivered,9
ORD-02966,2023-07-08,CUST38879,Ananya Kapoor,36,Other,North,Amritsar,Clothing,Dress,1,1861.32,0.38,1154.0184,590.29,55.74,Upi,4,False,Delivered,1
ORD-01393,2021-09-20,CUST82169,Ritu Bhat,54,Other,North,Delhi,Sports,Tennis Racket,1,7834.86,0.37,4935.9618,961.37,53.04,Debit Card,1,False,Delivered,8
ORD-04050,2024-10-23,CUST03944,Meera Verma,32,Female,East,Patna,Electronics,Headphones,9,45487.77,0.17,339793.6419,48057.8,81.01,Debit Card,5,False,Delivered,10
ORD-02006,2022-06-04,CUST22452,Sanjay Verma,8,Other,North,Amritsar,Clothing,Jeans,7,2943.52,0.27,15041.3872,5661.41,21.72,Credit Card,4,False,Shipped,3
ORD-00387,2020-06-13,CUST18372,Amit Iyer,15,Other,West,Surat,Beauty,Face Cream,4,1506.41,0.19,4880.768400000001,1914.08,36.43,Emi,3,False,Delivered,7
ORD-03927,2024-08-22,CUST77199,Karan Pillai,31,Male,Central,Raipur,Clothing,Jeans,3,2207.16,0.2,5297.184,2384.57,30.61,Credit Card,3,False,Delivered,2
ORD-01629,2021-12-27,CUST37392,Amit Mehta,50,Other,West,Ahmedabad,Beauty,Lipstick,9,1833.53,0.17,13696.4691,6082.08,40.13,Net Banking,1,True,Returned,3
ORD-01895,2022-04-16,CUST07132,Meera Mishra,32,Other,Central,Nagpur,Groceries,Dal (1Kg),6,85.52,0.26,379.7088,43.08,32.8,Debit Card,4,False,Delivered,7
ORD-01406,2021-09-25,CUST72539,Sanjay Mehta,47,Other,North,Delhi,Electronics,Laptop,8,75788.6,0.25,454731.60000000003,69163.47,47.81,Cash On Delivery,2,False,Delivered,10
ORD-01469,2021-10-23,CUST87162,Rahul Gupta,52,Other,Central,Nagpur,Beauty,Shampoo,5,1074.36,0.39,3276.7979999999993,861.37,86.73,Cash On Delivery,3,False,Delivered,8
ORD-00780,2020-12-21,CUST96960,Amit Mishra,39,Male,South,Kochi,Furniture,Wardrobe,2,10151.9,0.21,16040.002,2489.06,77.0,Emi,5,True,Returned,5
ORD-03581,2024-04-05,CUST67732,Ananya Bhat,32,Male,Central,Raipur,Beauty,Perfume,5,1353.73,0.34,4467.308999999999,3104.88,47.49,Cash On Delivery,1,False,Delivered,6
ORD-02763,2023-04-10,CUST85402,Aarav Mehta,32,Male,South,Kochi,Electronics,Laptop,5,79827.98,0.28,287380.72799999994,34788.35,73.92,Cash On Delivery,2,False,Delivered,2
ORD-04087,2024-11-07,CUST15824,Arjun Nair,8,Female,South,Kochi,Sports,Dumbbells,1,14972.12,0.02,14672.6776,3707.49,63.98,Emi,5,False,Shipped,7
ORD-01154,2021-06-02,CUST61383,Vikram Sharma,44,Female,South,Bangalore,Clothing,Kurta,0,2696.46,0.29,0.0,977.15,101.51,Emi,2,False,Delivered,6
ORD-00977,2021-03-20,CUST76218,Ananya Gupta,41,Female,West,Surat,Sports,Cricket Bat,5,12410.73,0.36,39714.335999999996,12307.83,65.83,Upi,1,False,Delivered,2
ORD-00435,2020-07-10,CUST40017,Sunita Joshi,15,Male,North,Delhi,Books,Fiction Novel,1,702.36,0.39,428.4396,184.49,59.64,Emi,1,False,Delivered,4
ORD-02887,2023-06-04,CUST19802,Karan Chatterjee,32,Male,East,Patna,Books,Cook Book,2,200.96,0.25,301.44,104.93,75.89,Credit Card,1,True,Returned,4
ORD-01400,2021-09-24,CUST47772,Sunita Das,43,Male,West,Ahmedabad,Furniture,Wardrobe,2,2701.39,0.33,3619.8625999999995,933.32,79.24,Credit Card,5,False,Cancelled,2
ORD-00175,2020-03-18,CUST47786,Nisha Rao,35,Male,West,Ahmedabad,Beauty,Lipstick,9,2028.03,0.12,16061.9976,8126.73,55.01,Net Banking,4,False,Delivered,9
ORD-04135,2024-12-02,CUST23239,Vikram Mehta,53,Male,North,Delhi,Clothing,Kurta,9,3206.85,0.36,18471.456,7356.75,78.4,Emi,2,False,Delivered,9
ORD-02590,2023-01-31,CUST47612,Kavya Gupta,25,Other,South,Bangalore,Groceries,Rice (5Kg),8,100.16,0.37,504.8064,30.28,43.77,Credit Card,3,False,Delivered,8
ORD-03114,2023-09-08,CUST43839,Nisha Nair,29,Male,South,Kochi,Electronics,Camera,6,63434.95,0.24,289263.372,45365.64,76.62,Debit Card,1,False,Delivered,6
ORD-01899,2022-04-17,CUST81485,Amit Bose,18,Other,West,Surat,Furniture,Bookshelf,5,15688.53,0.03,76089.3705,16735.14,49.69,Credit Card,4,False,Delivered,10
ORD-01084,2021-05-04,CUST77289,Nisha Iyer,43,Male,West,Mumbai,Furniture,Desk,0,31699.03,0.0,0.0,13735.32,44.74,Upi,1,True,Returned,8
ORD-03337,2023-12-14,CUST12631,Aditya Bose,26,Other,West,Pune,Clothing,T-Shirt,9,3755.73,0.11,30083.3973,12762.99,89.92,Debit Card,1,False,Delivered,3
ORD-02783,2023-04-20,CUST75727,Ananya Kapoor,45,Female,West,Ahmedabad,Sports,Yoga Mat,3,9606.06,0.27,21037.2714,4327.42,50.91,Net Banking,5,False,Delivered,4
ORD-02049,2022-06-21,CUST42115,Pooja Chatterjee,55,F,North,Delhi,Beauty,Sunscreen,7,2037.82,0.02,13979.4452,9156.6,69.79,Credit Card,3,False,Shipped,8
ORD-02714,2023-03-23,CUST62341,Aarav Pillai,35,Male,North,Amritsar,Beauty,Lipstick,10,1251.33,0.24,9510.108,5273.78,55.63,Net Banking,3,False,Delivered,4
ORD-00410,2020-06-29,CUST64583,Aditya Bose,44,Male,South,Bangalore,Clothing,Dress,10,1705.06,0.23,13128.962,4467.97,63.43,Debit Card,1,True,Returned,10
ORD-00804,2020-12-31,CUST33294,Karan Kumar,27,Other,Central,Bhopal,Furniture,Bookshelf,8,9942.45,0.03,77153.412,18873.68,68.3,Net Banking,5,False,Cancelled,4
ORD-01545,2021-11-23,CUST15680,Kavya Das,33,Male,Central,Indore,Groceries,Dal (1Kg),7,307.63,0.33,1442.7846999999997,55.5,33.16,Emi,4,False,Delivered,1
ORD-03699,2024-05-26,CUST14480,Deepa Nair,23,Male,South,Chennai,Sports,Dumbbells,0,7747.27,0.33,0.0,2263.89,42.55,Debit Card,5,False,Shipped,3
ORD-03516,2024-03-09,CUST15414,Sanjay Gupta,42,Female,Central,Nagpur,Furniture,Bookshelf,9,17413.69,0.05,148887.0495,54048.53,50.26,Upi,2,False,Delivered,1
ORD-01587,2021-12-10,CUST32752,Karan Joshi,44,M,North,Amritsar,Electronics,Camera,5,11301.06,0.25,42378.975,4246.6,53.85,Credit Card,3,False,Pending,6
ORD-02475,2022-12-10,CUST99227,Priya Rao,54,Other,North,Ludhiana,Groceries,Cooking Oil,3,448.85,0.02,1319.6190000000001,81.62,54.31,Credit Card,2,False,Cancelled,2
ORD-02216,2022-08-25,CUST38823,Deepa Mehta,35,Female,North,Amritsar,Electronics,Tablet,7,62975.42,0.22,343845.7932,79235.51,49.03,Emi,2,True,Returned,9
ORD-02081,2022-07-06,CUST66488,Sunita Das,27,F,South,Chennai,Beauty,Perfume,9,1127.06,0.38,6288.9947999999995,4003.53,54.43,Emi,5,False,Delivered,5
ORD-02161,2022-08-05,CUST39402,Vikram Iyer,38,Other,South,Chennai,Furniture,Sofa,5,17880.95,0.03,86722.6075,33231.6,47.07,Net Banking,1,False,Pending,2
ORD-02209,2022-08-21,CUST97691,Aarav Reddy,44,Female,South,Hyderabad,Books,Comic Book,2,1390.9,0.4,1669.0800000000002,741.62,68.5,Credit Card,2,False,Delivered,8
ORD-00584,2020-09-18,CUST21732,Nikhil Nair,15,Other,West,Surat,Sports,Yoga Mat,8,5733.61,0.13,39905.925599999995,10225.36,74.43,Net Banking,1,False,Delivered,3
ORD-00533,2020-08-23,CUST56679,Shreya Sharma,33,Other,North,Ludhiana,Clothing,Saree,0,774.58,0.31,0.0,287.27,49.67,Upi,3,False,Delivered,6
ORD-03815,2024-07-18,CUST41610,Ritu Mishra,28,Male,West,Mumbai,Furniture,Desk,9,10925.91,0.33,65883.2373,21495.8,38.47,Net Banking,4,False,Delivered,9
ORD-00256,2020-04-22,CUST86402,Rohan Sharma,18,Male,Central,Bhopal,Groceries,Tea,7,224.96,0.22,1228.2816,91.79,52.6,Credit Card,2,False,Delivered,8
ORD-04054,2024-10-25,CUST37273,Sanjay Verma,69,Other,West,Mumbai,Groceries,Sugar,4,226.36,0.27,660.9712000000001,89.81,59.7,Debit Card,2,False,Shipped,5
ORD-02337,2022-10-10,CUST50406,Rohan Mehta,21,Male,West,Ahmedabad,Electronics,Smartwatch,6,78971.02,0.22,369584.3736,38339.77,61.31,Emi,3,False,Shipped,9
ORD-00704,2020-11-15,CUST63229,Meera Chatterjee,26,Female,West,Ahmedabad,Groceries,Dal (1Kg),8,52.56,0.37,264.9024,17.94,62.46,Debit Card,5,True,Returned,1
ORD-02869,2023-05-31,CUST19907,Aditya Chatterjee,30,Male,West,Surat,Beauty,Hair Oil,10,1573.67,0.23,12117.259,7519.84,64.77,Cash On Delivery,5,False,Delivered,7
ORD-01763,2022-02-19,CUST50692,Nisha Gupta,4,Other,Central,Nagpur,Clothing,Kurta,2,3632.97,0.15,6176.048999999999,1525.34,56.08,Cash On Delivery,3,False,Delivered,2
ORD-01871,2022-04-05,CUST74013,Arjun Singh,41,Female,North,Delhi,Electronics,Headphones,2,17140.58,0.38,21254.3192,4123.18,34.79,Debit Card,2,False,Delivered,5
ORD-02664,2023-02-27,CUST91653,Karan Kumar,42,Male,West,Pune,Electronics,Smartwatch,8,63840.88,0.29,362616.1984,52527.72,64.65,Upi,4,False,Delivered,8
ORD-00532,2020-08-23,CUST60381,Vikram Mishra,41,Male,North,Chandigarh,Books,Biography,10,788.79,0.14,6783.593999999999,3794.94,48.05,Net Banking,2,False,Delivered,9
ORD-01461,2021-10-22,CUST73189,Deepa Rao,19,Other,East,Guwahati,Clothing,Jacket,8,2778.54,0.15,18894.072,6381.78,88.73,Debit Card,3,False,Delivered,6
ORD-03582,2024-04-05,CUST09968,Nisha Kapoor,51,Male,East,Bhubaneswar,Electronics,Headphones,3,15320.14,0.14,39525.9612,5168.1,65.67,Cash On Delivery,4,False,Delivered,5
ORD-00247,2020-04-18,CUST50948,Amit Kapoor,31,Other,North,Amritsar,Sports,Cricket Bat,2,10120.93,0.3,14169.302,2053.92,26.6,Emi,1,False,Delivered,9
ORD-01777,2022-02-27,CUST89073,Nisha Das,26,Female,South,Kochi,Clothing,Kurta,7,3036.93,0.24,16156.467599999998,5788.85,87.14,Net Banking,1,False,Delivered,10
ORD-00931,2021-02-24,CUST18103,Vikram Mehta,38,Other,Central,Indore,Furniture,Wardrobe,1,17927.93,0.26,13266.6682,2947.16,44.44,Credit Card,3,True,Returned,8
ORD-02491,2022-12-17,CUST60962,Ritu Joshi,16,Male,Central,Indore,Beauty,Hair Oil,2,1398.45,0.29,1985.799,537.38,44.47,Net Banking,4,False,Shipped,9
ORD-00103,2020-02-09,CUST60692,Sunita Kumar,38,Other,West,Pune,Electronics,Laptop,5,79820.4,0.39,243452.22,22317.55,38.44,Net Banking,1,False,Pending,8
ORD-00070,2020-01-27,CUST26658,Pooja Kapoor,19,Other,South,Hyderabad,Electronics,Camera,4,17422.66,0.07,64812.29519999999,6738.52,87.09,Emi,2,True,Returned,2
ORD-00389,2020-06-14,CUST75682,Ananya Mishra,36,Male,West,Pune,Sports,Tennis Racket,4,3136.59,0.12,11040.7968,2492.75,79.4,Emi,2,True,Returned,6
ORD-02415,2022-11-09,CUST74245,Karan Reddy,37,Female,West,Surat,Groceries,Cooking Oil,9,389.41,0.02,3434.5962,272.2,66.43,Emi,5,False,Delivered,1
ORD-01885,2022-04-12,CUST27246,Ananya Mehta,39,Female,South,Bangalore,Books,Self-Help Book,10,231.25,0.27,1688.125,908.86,50.77,Cash On Delivery,1,False,Pending,5
ORD-00699,2020-11-13,CUST14220,Sanjay Das,16,Female,West,Pune,Sports,Dumbbells,2,3021.82,0.01,5983.2036,885.39,38.11,Emi,1,True,Returned,3
ORD-03606,2024-04-19,CUST74320,Amit Reddy,26,Female,South,Hyderabad,Beauty,Perfume,9,1545.52,0.19,11266.840800000002,11381.04,81.0,Emi,1,False,Shipped,9
ORD-00748,2020-12-06,CUST08513,Sanjay Patel,31,Female,South,Chennai,Beauty,Shampoo,9,1896.41,0.01,16897.013100000004,5443.3,40.44,Upi,2,False,Delivered,2
ORD-02291,2022-09-21,CUST86351,Rohan Iyer,54,Female,Central,Indore,Books,Fiction Novel,2,1340.31,0.03,2600.2014,1116.16,67.16,Emi,4,False,Pending,7
ORD-02579,2023-01-27,CUST31841,Kavya Joshi,57,M,East,Bhubaneswar,Sports,Dumbbells,2,4266.54,0.25,6399.8099999999995,1469.74,75.67,Net Banking,3,False,Delivered,2
ORD-02137,2022-07-27,CUST01916,Pooja Verma,37,Female,Central,Nagpur,Furniture,Desk,8,31076.19,0.36,159110.09279999998,66519.22,47.98,Net Banking,2,False,Delivered,6
ORD-01730,2022-02-08,CUST08530,Priya Verma,38,Male,South,Kochi,Sports,Cycle,1,11257.57,0.19,9118.6317,2063.37,75.32,Credit Card,5,False,Delivered,1
ORD-03602,2024-04-16,CUST90978,Meera Chatterjee,45,Male,Central,Nagpur,Furniture,Desk,4,28347.28,0.03,109987.44639999999,31963.08,74.83,Cash On Delivery,5,False,Delivered,4
ORD-00228,2020-04-09,CUST20422,Amit Pillai,47,Female,East,Guwahati,Clothing,Jacket,4,657.77,0.03,2552.1476,961.26,83.48,Credit Card,3,False,Delivered,9
ORD-01036,2021-04-14,CUST48956,Arjun Bose,39,Male,South,Chennai,Beauty,Face Cream,5,2059.98,0.02,10093.902,8037.6,70.48,Upi,2,True,Returned,8
ORD-02361,2022-10-17,CUST59891,Meera Shah,34,Other,Central,Indore,Books,Textbook,3,1036.73,0.14,2674.7634,1061.86,58.18,Net Banking,1,False,Shipped,6
ORD-01096,2021-05-09,CUST64848,Priya Chatterjee,20,Female,North,Chandigarh,Furniture,Bed Frame,7,29131.43,0.3,142744.00699999998,48821.49,47.3,Credit Card,3,False,Shipped,8
ORD-01984,2022-05-26,CUST04061,Karan Sharma,31,Female,West,Mumbai,Clothing,Kurta,10,1278.88,0.2,10231.04,6153.63,43.3,Credit Card,3,False,Delivered,8
ORD-01365,2021-09-06,CUST34491,Nikhil Rao,51,Other,West,Surat,Books,Textbook,5,1499.28,0.03,7271.508,4182.31,74.08,Net Banking,3,False,Delivered,1
ORD-02190,2022-08-14,CUST31810,Priya Kapoor,48,Other,West,Surat,Groceries,Rice (5Kg),2,179.94,0.39,219.52679999999998,14.86,56.43,Emi,1,False,Shipped,3
ORD-01466,2021-10-23,CUST22468,Sunita Kumar,68,Female,East,Bhubaneswar,Groceries,Flour,4,103.01,0.4,247.224,22.6,78.91,Cash On Delivery,1,True,Returned,4
ORD-04178,2024-12-22,CUST11016,Amit Verma,53,Male,West,Mumbai,Beauty,Shampoo,3,855.83,0.14,2208.0414,587.72,59.05,Net Banking,4,False,Pending,6
ORD-00726,2020-11-29,CUST02385,Meera Mishra,25,Female,South,Hyderabad,Books,Self-Help Book,3,956.34,0.24,2180.4552,746.01,74.98,Credit Card,1,False,Delivered,2
ORD-03264,2023-11-10,CUST84619,Karan Nair,25,Other,North,Delhi,Furniture,Bed Frame,2,30782.35,0.22,48020.466,11318.5,48.72,Upi,4,False,Delivered,10
ORD-00963,2021-03-16,CUST03100,Aditya Kumar,34,Other,Central,Raipur,Furniture,Desk,2,22148.9,0.1,39868.020000000004,10034.05,55.7,Debit Card,4,False,Cancelled,1
ORD-00892,2021-02-05,CUST40329,Nikhil Verma,19,Female,West,Pune,Beauty,Hair Oil,4,1900.58,0.12,6690.0416,3388.38,47.89,Upi,3,False,Delivered,1
ORD-00190,2020-03-26,CUST46839,Nikhil Kumar,34,Male,North,Chandigarh,Furniture,Bookshelf,8,30630.05,0.31,169077.876,41569.88,27.98,Net Banking,1,False,Cancelled,4
ORD-00947,2021-03-04,CUST36851,Shreya Mehta,27,Other,East,Bhubaneswar,Sports,Yoga Mat,2,12124.27,0.2,19398.832000000002,4737.69,91.21,Debit Card,3,False,Delivered,7
ORD-01055,2021-04-21,CUST95496,Sunita Reddy,49,Female,North,Amritsar,Books,Cook Book,7,534.91,0.07,3482.2641,2443.22,61.73,Emi,1,False,Cancelled,7
ORD-00173,2020-03-16,CUST46878,Sunita Mishra,33,Female,East,Bhubaneswar,Books,Biography,8,1355.07,0.25,8130.42,3585.8,86.98,Debit Card,4,False,Shipped,5
ORD-02895,2023-06-06,CUST35710,Ritu Shah,32,Other,East,Kolkata,Furniture,Bed Frame,9,24542.85,0.3,154619.955,76203.02,95.21,Credit Card,2,False,Delivered,6
ORD-02625,2023-02-13,CUST78576,Arjun Chatterjee,34,Female,North,Amritsar,Electronics,Smartwatch,8,78209.24,0.1,563106.528,85521.04,51.05,Cash On Delivery,1,False,Shipped,1
ORD-01661,2022-01-11,CUST94914,Nisha Mishra,36,Other,South,Kochi,Clothing,Kurta,3,3496.76,0.05,9965.766,2308.11,40.95,Credit Card,4,False,Delivered,3
ORD-00272,2020-05-01,CUST97522,Ananya Singh,6,Male,South,Bangalore,Clothing,Saree,10,2668.56,0.03,25885.032,10352.49,77.49,Emi,5,False,Delivered,4
ORD-01061,2021-04-26,CUST63508,Kavya Bhat,34,Female,South,Hyderabad,Electronics,Laptop,1,78711.02,0.18,64543.03640000001,11769.97,90.37,Net Banking,3,False,Delivered,3
ORD-02546,2023-01-12,CUST96368,Kavya Gupta,29,Female,Central,Raipur,Groceries,Rice (5Kg),1,243.91,0.3,170.737,16.45,53.75,Cash On Delivery,5,False,Shipped,3
ORD-04010,2024-09-29,CUST04352,Amit Chatterjee,22,Female,West,Surat,Books,Biography,2,1099.72,0.22,1715.5632,869.03,61.35,Upi,3,False,Delivered,4
ORD-02830,2023-05-15,CUST23051,Rohan Iyer,35,Male,South,Bangalore,Sports,Tennis Racket,2,5536.92,0.07,10298.671199999999,5022.79,86.81,Upi,5,False,Cancelled,4
ORD-03136,2023-09-17,CUST92424,Sanjay Nair,32,Other,North,Ludhiana,Beauty,Perfume,10,384.92,0.13,3348.804,1470.62,46.05,Emi,1,False,Pending,9
ORD-00361,2020-06-04,CUST34273,Deepa Nair,44,Male,West,Pune,Groceries,Tea,10,350.15,0.07,3256.395,346.67,62.1,Credit Card,3,True,Returned,1
ORD-00178,2020-03-19,CUST56675,Rohan Sharma,24,Male,Central,Raipur,Electronics,Camera,6,15086.96,0.13,78753.93119999999,10183.25,74.72,Credit Card,1,False,Delivered,4
ORD-03759,2024-06-24,CUST16441,Nisha Bose,18,Female,East,Guwahati,Sports,Tennis Racket,4,6805.31,0.01,26949.0276,11120.45,101.73,Emi,2,True,Returned,3
ORD-01724,2022-02-06,CUST56841,Priya Gupta,20,Male,East,Guwahati,Clothing,Jacket,2,2075.29,0.21,3278.9582,1031.57,62.3,Debit Card,4,False,Delivered,1
ORD-00873,2021-01-31,CUST74542,Arjun Gupta,18,Male,Central,Bhopal,Furniture,Bookshelf,1,10111.03,0.27,7381.0519,2226.89,30.16,Debit Card,2,False,Delivered,4
ORD-03197,2023-10-15,CUST33951,Deepa Mehta,18,Male,East,Bhubaneswar,Beauty,Lipstick,2,2007.33,0.17,3332.1677999999997,1779.77,78.53,Upi,5,False,Delivered,2
ORD-00929,2021-02-23,CUST75952,Nikhil Verma,24,Male,East,Guwahati,Furniture,Desk,5,2018.71,0.33,6762.678499999999,1860.03,62.35,Emi,5,False,Delivered,1
ORD-03836,2024-07-25,CUST17574,Ananya Bhat,37,Male,East,Guwahati,Clothing,Jeans,6,3101.95,0.35,12097.604999999998,7357.07,89.04,Credit Card,3,True,Returned,7
ORD-03158,2023-09-29,CUST54265,Sanjay Bhat,38,Female,North,Amritsar,Furniture,Bookshelf,8,24623.45,0.03,191077.972,63126.55,36.04,Credit Card,1,False,Delivered,4
ORD-02765,2023-04-11,CUST09924,Ritu Verma,36,Other,Central,Raipur,Electronics,Camera,5,18000.28,0.12,79201.23199999999,11424.94,73.2,Debit Card,4,False,Delivered,2
ORD-00778,2020-12-18,CUST98642,Sanjay Verma,53,Male,East,Kolkata,Groceries,Tea,3,284.05,0.26,630.591,27.33,74.57,Emi,2,False,Delivered,2
ORD-03353,2023-12-21,CUST13354,Sanjay Nair,29,Male,East,Patna,Groceries,Rice (5Kg),9,344.79,0.33,2079.0836999999997,132.76,57.21,Upi,2,False,Cancelled,10
ORD-00863,2021-01-29,CUST78361,Sanjay Joshi,51,Female,West,Mumbai,Beauty,Perfume,4,1427.81,0.28,4112.092799999999,1821.21,66.76,Credit Card,4,False,Delivered,5
ORD-03986,2024-09-15,CUST02647,Rahul Pillai,63,F,West,Surat,Furniture,Wardrobe,1,30262.77,0.22,23604.960600000002,5627.29,62.47,Emi,1,False,Delivered,10
ORD-01945,2022-05-08,CUST15198,Aarav Bhat,33,Other,Central,Nagpur,Clothing,T-Shirt,7,607.95,0.38,2638.503,1026.1,64.63,Net Banking,3,False,Delivered,1
ORD-03665,2024-05-13,CUST12838,Sanjay Pillai,30,Male,East,Bhubaneswar,Clothing,Saree,2,358.0,0.38,443.92,256.4,63.9,Emi,1,False,Delivered,6
ORD-01149,2021-05-31,CUST17159,Deepa Das,31,Female,East,Guwahati,Clothing,Jeans,2,1322.23,0.02,2591.5708,1452.45,55.18,Upi,3,True,Returned,7
ORD-00787,2020-12-25,CUST40665,Sunita Patel,53,Female,South,Chennai,Electronics,Headphones,4,65983.59,0.12,232262.23679999998,25135.71,66.2,Net Banking,1,False,Delivered,4
ORD-01614,2021-12-23,CUST91726,Priya Shah,45,Other,Central,Bhopal,Electronics,Laptop,4,55475.84,0.06,208589.1584,22566.53,40.68,Debit Card,4,False,Cancelled,2
ORD-04104,2024-11-17,CUST00610,Priya Verma,14,Male,North,Amritsar,Clothing,Jacket,8,1693.73,0.03,13143.344799999999,3498.38,36.04,Credit Card,3,False,Cancelled,5
ORD-01328,2021-08-18,CUST77757,Amit Rao,34,Other,South,Hyderabad,Clothing,T-Shirt,1,1197.05,0.33,802.0234999999999,320.52,29.64,Upi,4,False,Cancelled,3
ORD-01880,2022-04-10,CUST68733,Nikhil Nair,37,Male,East,Patna,Groceries,Flour,2,153.14,0.29,217.45879999999997,25.46,77.75,Upi,5,False,Delivered,8
ORD-01752,2022-02-16,CUST58616,Nikhil Singh,34,Other,North,Delhi,Books,Cook Book,10,1347.14,0.17,11181.262,3966.61,43.49,Upi,3,True,Returned,3
ORD-04099,2024-11-15,CUST82403,Shreya Mehta,34,Female,West,Surat,Groceries,Dal (1Kg),3,124.6,0.33,250.44599999999994,18.07,79.1,Credit Card,3,False,Delivered,8
ORD-00565,2020-09-09,CUST05627,Aarav Kumar,37,Female,West,Surat,Sports,Cricket Bat,1,3528.13,0.38,2187.4406,420.96,53.63,Credit Card,1,True,Returned,6
ORD-03634,2024-04-28,CUST10137,Nikhil Kapoor,32,Male,South,Bangalore,Beauty,Sunscreen,1,2169.87,0.38,1345.3193999999999,458.88,52.43,Cash On Delivery,5,False,Pending,3
ORD-00222,2020-04-07,CUST35116,Shreya Reddy,41,Other,Central,Indore,Electronics,Smartphone,9,5129.67,0.32,31393.580399999995,4662.1,46.85,Cash On Delivery,5,False,Delivered,2
ORD-01354,2021-09-01,CUST77279,Sanjay Chatterjee,29,M,Central,Nagpur,Clothing,Jeans,2,3887.01,0.36,4975.3728,2252.91,53.35,Net Banking,5,False,Delivered,1
ORD-01890,2022-04-15,CUST59516,Priya Nair,46,Female,South,Kochi,Clothing,T-Shirt,8,2375.65,0.39,11593.172,5032.2,74.26,Upi,3,False,Delivered,5
ORD-02160,2022-08-05,CUST01889,Rahul Verma,31,Other,Central,Raipur,Beauty,Hair Oil,4,1536.84,0.0,6147.36,4876.08,73.06,Debit Card,5,False,Delivered,6
ORD-00324,2020-05-22,CUST46595,Amit Bhat,12,Male,North,Amritsar,Clothing,T-Shirt,10,2830.97,0.36,18118.208,5346.01,65.65,Net Banking,1,False,Delivered,4
ORD-03021,2023-08-01,CUST66733,Priya Iyer,33,Female,West,Ahmedabad,Groceries,Tea,4,223.01,0.06,838.5175999999999,100.59,66.9,Cash On Delivery,2,False,Delivered,2
ORD-03963,2024-09-05,CUST85913,Sunita Iyer,34,Male,Central,Raipur,Sports,Tennis Racket,0,4061.88,0.18,0.0,1050.34,67.96,Debit Card,1,False,Delivered,2
ORD-03326,2023-12-10,CUST35382,Ritu Singh,46,Other,West,Surat,Clothing,Jeans,5,1679.82,0.29,5963.361,2439.71,61.89,Net Banking,2,False,Cancelled,3
ORD-02513,2022-12-27,CUST10153,Vikram Pillai,49,Other,West,Ahmedabad,Groceries,Flour,1,111.85,0.03,108.49449999999999,7.87,62.85,Emi,1,False,Delivered,3
ORD-03675,2024-05-15,CUST24522,Karan Kumar,35,Male,Central,Bhopal,Groceries,Cooking Oil,5,111.25,0.0,556.25,93.18,69.34,Cash On Delivery,4,False,Delivered,3
ORD-00805,2021-01-02,CUST38399,Nikhil Gupta,22,Male,Central,Indore,Clothing,Saree,6,2532.55,0.06,14283.582,4546.73,64.53,Upi,1,False,Shipped,1
ORD-00838,2021-01-18,CUST92341,Deepa Bhat,34,Other,South,Hyderabad,Electronics,Headphones,4,47874.24,0.29,135962.84159999999,11952.46,79.36,Debit Card,2,True,Returned,3
ORD-00433,2020-07-09,CUST34701,Sanjay Chatterjee,47,Other,Central,Indore,Electronics,Laptop,4,37472.7,0.01,148391.892,22304.92,43.11,Credit Card,4,False,Delivered,10
ORD-03453,2024-02-06,CUST73572,Ananya Verma,18,Male,West,Surat,Furniture,Bed Frame,8,31388.84,0.39,153177.5392,45198.52,57.54,Upi,4,False,Delivered,4
ORD-02906,2023-06-10,CUST43728,Nisha Joshi,20,Male,Central,Raipur,Sports,Football,7,754.28,0.05,5015.9619999999995,2271.05,45.61,Net Banking,1,False,Delivered,4
ORD-02700,2023-03-15,CUST26383,Vikram Mehta,18,Other,East,Guwahati,Sports,Dumbbells,5,5610.04,0.21,22159.658000000003,4096.24,84.23,Upi,2,False,Delivered,2
ORD-03679,2024-05-16,CUST33255,Priya Mishra,38,Other,North,Amritsar,Furniture,Desk,5,25978.76,0.11,115605.48199999999,45655.25,40.23,Debit Card,1,False,Delivered,4
ORD-03397,2024-01-11,CUST80323,Rahul Chatterjee,23,Male,South,Bangalore,Groceries,Cooking Oil,6,69.63,0.33,279.91259999999994,21.2,103.66,Emi,1,True,Returned,1
ORD-02354,2022-10-14,CUST69204,Arjun Joshi,3,Other,North,Ludhiana,Sports,Yoga Mat,1,6882.24,0.06,6469.3056,1545.12,56.46,Cash On Delivery,3,True,Returned,3
ORD-00623,2020-10-06,CUST24662,Kavya Joshi,36,Other,Central,Raipur,Groceries,Rice (5Kg),8,498.13,0.2,3188.032,226.32,36.47,Upi,4,True,Returned,6
ORD-00417,2020-07-02,CUST24241,Meera Mehta,19,Male,Central,Indore,Groceries,Cooking Oil,6,170.0,0.36,652.8000000000001,50.58,64.22,Net Banking,2,False,Pending,5
ORD-03426,2024-01-25,CUST99964,Vikram Iyer,40,Male,East,Kolkata,Beauty,Shampoo,9,432.41,0.37,2451.7647,1178.26,86.75,Net Banking,5,False,Shipped,10
ORD-00577,2020-09-15,CUST53381,Aditya Pillai,54,Other,Central,Raipur,Sports,Cycle,8,10241.77,0.29,58173.2536,13264.84,67.15,Debit Card,1,True,Returned,6
ORD-02110,2022-07-17,CUST80301,Priya Mehta,31,Other,Central,Indore,Books,Self-Help Book,0,854.0,0.33,0.0,321.8,40.83,Cash On Delivery,1,True,Returned,6
ORD-01444,2021-10-14,CUST08288,Sanjay Verma,33,Male,South,Bangalore,Sports,Yoga Mat,9,2605.13,0.21,18522.4743,2400.52,83.93,Emi,4,True,Returned,5
ORD-03182,2023-10-07,CUST49514,Shreya Verma,34,Male,West,Ahmedabad,Clothing,Saree,1,3669.1,0.23,2825.207,1136.46,66.0,Emi,5,False,Delivered,9
ORD-00496,2020-08-05,CUST35738,Nikhil Verma,44,Other,East,Bhubaneswar,Furniture,Bookshelf,6,10121.63,0.2,48583.824,19909.16,79.23,Upi,1,False,Shipped,2
ORD-00854,2021-01-24,CUST64876,Rahul Sharma,38,Female,South,Bangalore,Clothing,Saree,10,546.08,0.02,5351.584,1231.33,64.33,Cash On Delivery,5,False,Delivered,6
ORD-00271,2020-04-29,CUST41469,Rahul Bhat,44,Male,West,Surat,Electronics,Camera,5,20270.62,0.13,88177.19699999999,10193.11,48.68,Debit Card,2,False,Delivered,3
ORD-00615,2020-10-03,CUST47101,Sanjay Shah,18,Other,Central,Raipur,Electronics,Headphones,7,37436.56,0.37,165095.2296,20949.87,52.14,Upi,2,False,Delivered,10
ORD-03412,2024-01-18,CUST88295,Deepa Reddy,34,Other,Central,Bhopal,Clothing,T-Shirt,7,1628.33,0.37,7180.9353,2745.59,37.91,Credit Card,1,True,Returned,3
ORD-03685,2024-05-19,CUST54368,Rahul Bhat,26,Other,East,Kolkata,Beauty,Lipstick,4,1340.35,0.28,3860.2079999999996,2285.21,75.46,Net Banking,2,False,Delivered,7
ORD-02233,2022-08-31,CUST53670,Deepa Iyer,32,Male,West,Surat,Clothing,Dress,7,3559.36,0.26,18437.4848,9552.92,50.49,Net Banking,4,False,Delivered,5
ORD-03340,2023-12-16,CUST00381,Pooja Kumar,15,Female,South,Chennai,Beauty,Perfume,8,1831.18,0.37,9229.147200000001,2469.88,52.31,Emi,4,False,Delivered,5
ORD-00958,2021-03-11,CUST07589,Rohan Shah,30,Male,North,Amritsar,Groceries,Dal (1Kg),7,236.4,0.32,1125.264,86.13,33.05,Cash On Delivery,2,True,Returned,3
ORD-02135,2022-07-25,CUST59057,Sunita Patel,44,Other,East,Kolkata,Sports,Tennis Racket,8,12531.28,0.26,74185.17760000001,18509.68,84.53,Cash On Delivery,1,False,Shipped,6
ORD-00681,2020-11-04,CUST25326,Shreya Das,30,Male,East,Guwahati,Sports,Tennis Racket,1,13269.22,0.27,9686.5306,1868.37,57.24,Cash On Delivery,2,False,Cancelled,1
ORD-02649,2023-02-19,CUST25132,Aditya Nair,36,Male,North,Chandigarh,Furniture,Bookshelf,6,3886.28,0.02,22851.326399999998,4659.41,44.59,Cash On Delivery,1,False,Delivered,6
ORD-00814,2021-01-08,CUST27919,Deepa Bose,48,Female,East,Bhubaneswar,Clothing,Dress,3,1116.6,0.09,3048.3179999999998,860.81,92.64,Emi,4,False,Delivered,2
ORD-02368,2022-10-21,CUST57089,Shreya Bhat,48,Male,West,Ahmedabad,Furniture,Sofa,0,6159.86,0.03,0.0,1071.64,52.14,Emi,2,False,Delivered,5
ORD-03156,2023-09-29,CUST34657,Ananya Mishra,31,Other,East,Guwahati,Groceries,Tea,7,72.5,0.28,365.4,36.76,80.15,Upi,4,False,Cancelled,9
ORD-00587,2020-09-19,CUST69337,Sunita Shah,30,F,Central,Indore,Electronics,Tablet,10,5927.03,0.37,37340.289,4624.52,77.35,Cash On Delivery,4,False,Delivered,4
ORD-02543,2023-01-09,CUST35512,Rohan Joshi,44,Other,Central,Indore,Sports,Dumbbells,6,14871.36,0.23,68705.6832,9090.55,74.65,Cash On Delivery,2,False,Delivered,8
ORD-03592,2024-04-11,CUST10003,Rohan Joshi,15,Male,West,Pune,Beauty,Face Cream,2,1384.67,0.0,2769.34,1481.85,74.86,Cash On Delivery,3,False,Delivered,8
ORD-00940,2021-02-28,CUST20288,Priya Mehta,32,Female,East,Patna,Books,Cook Book,1,1285.8,0.12,1131.504,331.39,110.69,Emi,1,False,Shipped,8
ORD-03709,2024-06-03,CUST34494,Rahul Mehta,40,Other,South,Chennai,Electronics,Laptop,9,62118.25,0.27,408116.90249999997,88815.59,64.34,Emi,1,False,Shipped,6
ORD-01178,2021-06-12,CUST90166,Aditya Mishra,42,Other,Central,Bhopal,Furniture,Bed Frame,10,10408.77,0.32,70779.636,36667.24,59.71,Credit Card,2,True,Returned,5
ORD-02130,2022-07-24,CUST23716,Vikram Nair,46,Other,West,Surat,Beauty,Face Cream,8,1555.78,0.04,11948.3904,4937.06,68.28,Net Banking,3,False,Delivered,10
ORD-02092,2022-07-09,CUST11724,Aarav Reddy,38,Male,East,Patna,Groceries,Tea,10,282.32,0.11,2512.6479999999997,255.64,68.13,Emi,4,True,Returned,2
ORD-04128,2024-11-30,CUST77827,Shreya Iyer,50,Female,West,Surat,Sports,Cricket Bat,1,3657.04,0.0,3657.04,616.93,48.37,Debit Card,3,False,Delivered,1
ORD-02330,2022-10-08,CUST47001,Nikhil Mishra,29,Other,Central,Nagpur,Sports,Cricket Bat,7,8342.21,0.31,40292.874299999996,10147.74,47.94,Credit Card,5,False,Delivered,1
ORD-02557,2023-01-14,CUST61978,Amit Chatterjee,13,Female,South,Kochi,Clothing,T-Shirt,4,1975.84,0.38,4900.0832,1285.63,69.35,Cash On Delivery,2,False,Delivered,7
ORD-03101,2023-09-03,CUST69379,Rohan Pillai,22,Other,North,Chandigarh,Furniture,Bookshelf,7,31725.3,0.37,139908.573,38520.59,64.24,Emi,3,False,Delivered,3
ORD-02839,2023-05-21,CUST65852,Kavya Patel,21,Other,South,Chennai,Sports,Yoga Mat,7,7147.56,0.25,37524.69,18485.24,94.91,Debit Card,5,False,Delivered,5
ORD-01511,2021-11-12,CUST08590,Ananya Reddy,42,Female,East,Patna,Groceries,Sugar,8,465.39,0.2,2978.496,173.37,89.42,Upi,3,False,Shipped,2
ORD-00504,2020-08-11,CUST76030,Nisha Verma,37,Other,West,Ahmedabad,Clothing,Dress,10,2383.2,0.23,18350.64,10442.57,79.75,Credit Card,2,False,Shipped,10
ORD-03891,2024-08-10,CUST84613,Priya Kumar,23,Other,South,Bangalore,Furniture,Desk,1,17279.95,0.36,11059.168000000001,4268.25,69.91,Emi,4,False,Cancelled,4
ORD-01941,2022-05-06,CUST72548,Vikram Verma,40,Female,Central,Bhopal,Beauty,Face Cream,5,663.74,0.09,3020.017,2166.11,60.08,Credit Card,2,False,Delivered,4
ORD-02073,2022-07-03,CUST56467,Karan Kumar,36,Other,Central,Nagpur,Beauty,Hair Oil,7,541.57,0.38,2350.4138000000003,1569.49,60.06,Emi,2,False,Delivered,3
ORD-02253,2022-09-09,CUST22702,Arjun Rao,54,Female,East,Kolkata,Furniture,Wardrobe,5,26136.57,0.0,130682.85,38154.91,66.36,Upi,1,False,Cancelled,5
ORD-04062,2024-10-28,CUST68176,Rahul Kapoor,39,Other,East,Bhubaneswar,Books,Self-Help Book,7,1034.14,0.16,6080.7432,2601.05,80.96,Cash On Delivery,5,False,Delivered,9
ORD-03269,2023-11-12,CUST63780,Vikram Iyer,49,Male,Central,Nagpur,Groceries,Dal (1Kg),2,53.72,0.33,71.98479999999999,5.23,62.93,Credit Card,2,True,Returned,9
ORD-01600,2021-12-14,CUST62870,Nisha Sharma,26,Other,Central,Indore,Groceries,Sugar,10,293.89,0.38,1822.1179999999997,128.26,43.01,Net Banking,1,False,Pending,6
ORD-01003,2021-03-31,CUST87374,Ritu Gupta,30,Female,Central,Indore,Books,Fiction Novel,3,672.84,0.35,1312.038,547.98,61.75,Net Banking,1,True,Returned,8
ORD-00840,2021-01-19,CUST21706,Arjun Bose,40,Female,Central,Bhopal,Groceries,Flour,8,250.4,0.34,1322.1119999999999,63.61,62.31,Credit Card,4,False,Delivered,9
ORD-02591,2023-01-31,CUST31554,Aditya Kumar,28,Female,West,Surat,Electronics,Camera,7,67056.12,0.16,394289.98559999996,40666.72,42.69,Upi,2,False,Pending,7
ORD-02071,2022-07-03,CUST84689,Meera Sharma,25,Other,West,Mumbai,Beauty,Lipstick,10,718.67,0.32,4886.955999999999,2686.48,47.47,Cash On Delivery,4,False,Delivered,6
ORD-01919,2022-04-28,CUST47510,Ritu Gupta,37,Female,East,Kolkata,Groceries,Flour,2,104.13,0.39,127.03859999999999,16.21,58.21,Emi,3,True,Returned,10
ORD-03682,2024-05-17,CUST30084,Ritu Bose,34,Other,North,Ludhiana,Clothing,Saree,5,1894.58,0.19,7673.049,5410.53,40.74,Debit Card,4,False,Delivered,3
ORD-03702,2024-05-26,CUST35943,Nisha Mehta,44,Other,North,Amritsar,Beauty,Face Cream,5,678.22,0.34,2238.1259999999997,1361.71,56.46,Emi,2,False,Shipped,3
ORD-00736,2020-12-01,CUST74868,Priya Patel,46,Male,West,Mumbai,Groceries,Dal (1Kg),1,94.57,0.38,58.633399999999995,2.87,55.93,Emi,3,False,Delivered,8
ORD-00108,2020-02-10,CUST71620,Sunita Pillai,26,Male,South,Hyderabad,Furniture,Wardrobe,10,26170.61,0.14,225067.246,64822.6,51.37,Cash On Delivery,5,False,Cancelled,10
ORD-00833,2021-01-16,CUST53156,Rohan Iyer,44,Male,Central,Raipur,Clothing,Kurta,8,1374.51,0.25,8247.06,2549.49,47.72,Emi,2,False,Delivered,6
ORD-00689,2020-11-08,CUST06352,Sunita Singh,43,Other,North,Delhi,Groceries,Rice (5Kg),0,195.29,0.1,0.0,9617.93,60.48,Credit Card,3,False,Delivered,7
ORD-03363,2023-12-26,CUST98456,Nikhil Bose,40,Female,South,Chennai,Furniture,Desk,1,8061.02,0.24,6126.3752,1155.06,108.12,Credit Card,4,False,Cancelled,6
ORD-01678,2022-01-19,CUST69653,Karan Sharma,25,Male,West,Ahmedabad,Sports,Yoga Mat,10,14755.73,0.33,98863.39099999999,17279.41,54.29,Debit Card,5,False,Delivered,6
ORD-00040,2020-01-15,CUST53328,Shreya Gupta,50,Male,East,Bhubaneswar,Beauty,Shampoo,8,2450.85,0.02,19214.664,5401.03,95.73,Net Banking,2,False,Delivered,6
ORD-01163,2021-06-05,CUST43541,Kavya Gupta,36,Male,West,Mumbai,Clothing,T-Shirt,3,3190.15,0.14,8230.587000000001,3253.84,41.0,Upi,1,False,Delivered,6
ORD-02426,2022-11-15,CUST17865,Sanjay Pillai,32,Female,South,Bangalore,Groceries,Sugar,5,450.47,0.3,1576.6450000000002,106.62,50.58,Cash On Delivery,5,False,Cancelled,7
ORD-01903,2022-04-21,CUST83392,Kavya Shah,22,Other,South,Bangalore,Sports,Dumbbells,3,10164.78,0.29,21650.9814,4282.27,81.55,Cash On Delivery,3,True,Returned,7
ORD-04042,2024-10-20,CUST13143,Rahul Mehta,15,Other,Central,Raipur,Sports,Dumbbells,7,8478.88,0.28,42733.555199999995,12429.32,63.81,Cash On Delivery,3,False,Delivered,10
ORD-03152,2023-09-28,CUST23783,Nikhil Kumar,29,Other,West,Surat,Books,Fiction Novel,7,606.81,0.04,4077.7632,1593.45,88.92,Emi,4,False,Shipped,3
ORD-00762,2020-12-11,CUST56124,Rohan Patel,31,Female,North,Ludhiana,Sports,Cycle,0,9275.47,0.32,0.0,1038.19,42.64,Debit Card,1,True,Returned,6
ORD-01874,2022-04-07,CUST43568,Pooja Kapoor,56,Male,East,Bhubaneswar,Books,Textbook,10,781.54,0.38,4845.548,2168.7,78.77,Net Banking,5,False,Delivered,4
ORD-00910,2021-02-11,CUST43459,Arjun Gupta,71,Female,South,Chennai,Sports,Yoga Mat,2,1368.36,0.0,2736.72,302.67,73.32,Debit Card,5,False,Delivered,3
ORD-00822,2021-01-12,CUST46373,Ananya Kapoor,17,Female,West,Ahmedabad,Clothing,Kurta,5,3585.04,0.0,17925.2,4000.6,65.28,Net Banking,4,False,Delivered,4
ORD-02848,2023-05-26,CUST09047,Ritu Sharma,34,Male,West,Pune,Electronics,Headphones,9,53164.48,0.28,344505.8304,47885.66,54.33,Cash On Delivery,2,False,Delivered,10
ORD-03082,2023-08-24,CUST93135,Karan Das,33,Male,South,Bangalore,Clothing,Dress,10,3548.29,0.33,23773.542999999998,13918.96,75.2,Net Banking,3,False,Pending,8
ORD-02336,2022-10-10,CUST70109,Ananya Bose,52,Female,West,Ahmedabad,Groceries,Tea,8,473.63,0.35,2462.876,221.64,49.07,Net Banking,5,False,Shipped,9
ORD-00723,2020-11-27,CUST73920,Shreya Joshi,30,Male,West,Pune,Clothing,Dress,2,2740.49,0.0,5480.98,1439.89,70.08,Emi,3,True,Returned,1
ORD-03941,2024-08-26,CUST54628,Amit Das,51,Other,South,Kochi,Furniture,Desk,2,17035.15,0.2,27256.240000000005,9088.3,103.64,Debit Card,1,False,Delivered,3
ORD-02699,2023-03-15,CUST30292,Aarav Bose,45,Other,North,Amritsar,Sports,Tennis Racket,2,7389.74,0.4,8867.688,2642.15,49.76,Debit Card,4,True,Returned,6
ORD-03348,2023-12-19,CUST22988,Rahul Shah,55,Other,Central,Nagpur,Groceries,Rice (5Kg),10,135.28,0.11,1203.992,117.16,52.31,Cash On Delivery,4,False,Cancelled,8
ORD-01072,2021-04-29,CUST97294,Priya Kapoor,37,Other,East,Bhubaneswar,Sports,Cricket Bat,1,14885.78,0.36,9526.8992,1669.38,87.48,Cash On Delivery,3,False,Cancelled,5
ORD-03476,2024-02-17,CUST72336,Priya Nair,43,Male,North,Ludhiana,Books,Textbook,1,649.08,0.07,603.6444,331.12,65.5,Upi,4,False,Pending,1
ORD-02037,2022-06-17,CUST43812,Kavya Kapoor,18,Female,South,Kochi,Groceries,Tea,10,190.56,0.06,1791.264,256.19,101.94,Emi,3,True,Returned,2
ORD-02102,2022-07-14,CUST33411,Karan Bose,48,Male,South,Bangalore,Sports,Yoga Mat,9,3817.71,0.25,25769.5425,8384.06,104.35,Upi,5,False,Delivered,9
ORD-01099,2021-05-11,CUST12441,Priya Nair,41,Female,South,Chennai,Clothing,Kurta,6,1254.64,0.03,7302.0048,3117.09,62.14,Upi,5,False,Shipped,1
ORD-00296,2020-05-09,CUST10572,Shreya Bose,32,Other,East,Guwahati,Sports,Yoga Mat,10,4628.22,0.0,46282.200000000004,10198.59,81.65,Emi,3,False,Delivered,1
ORD-02387,2022-10-30,CUST50482,Aarav Iyer,26,Female,South,Kochi,Sports,Yoga Mat,8,10568.63,0.21,66793.7416,14348.89,77.59,Debit Card,4,False,Delivered,1
ORD-00046,2020-01-18,CUST01705,Priya Iyer,29,F,West,Pune,Clothing,Dress,1,2597.86,0.22,2026.3308000000002,537.05,56.63,Cash On Delivery,4,False,Cancelled,8
ORD-03443,2024-02-01,CUST29477,Arjun Iyer,51,Female,South,Bangalore,Sports,Cycle,6,5856.01,0.18,28811.5692,8697.76,63.02,Debit Card,3,False,Delivered,2
ORD-00039,2020-01-15,CUST51057,Aarav Pillai,15,Male,West,Mumbai,Beauty,Perfume,6,1616.14,0.37,6109.0092,1744.23,70.31,Net Banking,2,False,Delivered,3
ORD-03335,2023-12-13,CUST09205,Aarav Singh,38,Other,South,Hyderabad,Groceries,Rice (5Kg),8,117.19,0.18,768.7664000000001,50.27,74.25,Emi,5,False,Delivered,8
ORD-03651,2024-05-05,CUST95089,Amit Verma,40,Female,Central,Nagpur,Beauty,Sunscreen,8,1207.93,0.26,7150.9456,4482.22,60.34,Emi,5,False,Delivered,4
ORD-00855,2021-01-25,CUST20377,Nisha Sharma,33,Other,East,Guwahati,Beauty,Face Cream,9,1589.89,0.08,13164.289200000001,5434.65,87.21,Cash On Delivery,4,False,Delivered,4
ORD-02036,2022-06-16,CUST01271,Ritu Gupta,21,Female,South,Chennai,Groceries,Cooking Oil,9,468.64,0.21,3332.0304,228.82,46.36,Credit Card,4,False,Delivered,5
ORD-02142,2022-07-29,CUST09685,Shreya Gupta,42,Female,North,Chandigarh,Sports,Yoga Mat,3,7955.73,0.22,18616.408199999998,5570.15,48.56,Debit Card,1,False,Delivered,2
ORD-00033,2020-01-12,CUST74345,Shreya Patel,18,Male,South,Hyderabad,Books,Textbook,2,626.54,0.21,989.9331999999999,364.25,56.69,Upi,3,False,Delivered,8
ORD-00019,2020-01-07,CUST27279,Sunita Iyer,26,Male,Central,Nagpur,Groceries,Sugar,6,435.26,0.24,1984.7856,128.4,57.95,Net Banking,5,False,Pending,3
ORD-00248,2020-04-20,CUST27111,Deepa Reddy,39,Male,West,Pune,Furniture,Bed Frame,9,20578.89,0.1,166689.00900000002,46837.64,76.42,Emi,2,False,Delivered,1
ORD-02489,2022-12-16,CUST09533,Nikhil Verma,46,Other,Central,Bhopal,Sports,Football,8,2230.31,0.23,13738.7096,2516.27,57.84,Upi,2,False,Pending,5
ORD-01253,2021-07-19,CUST22505,Shreya Chatterjee,31,Male,South,Kochi,Groceries,Rice (5Kg),5,443.63,0.36,1419.616,166.1,43.69,Cash On Delivery,2,True,Returned,2
ORD-00196,2020-03-28,CUST37557,Arjun Chatterjee,45,Other,West,Ahmedabad,Clothing,Kurta,1,1971.81,0.05,1873.2195,732.33,57.58,Emi,1,False,Delivered,6
ORD-02698,2023-03-15,CUST60455,Meera Kumar,40,Male,North,Ludhiana,Books,Biography,10,1452.95,0.01,14384.205,5761.15,57.81,Net Banking,3,False,Delivered,2
ORD-00204,2020-03-30,CUST60582,Aditya Sharma,22,Male,Central,Indore,Electronics,Smartwatch,3,9772.16,0.0,29316.48,3821.21,87.89,Credit Card,3,False,Delivered,7
ORD-00293,2020-05-09,CUST52570,Nikhil Kumar,7,Other,Central,Nagpur,Sports,Yoga Mat,8,2926.82,0.04,22477.977600000002,8084.38,41.11,Emi,1,False,Delivered,1
ORD-01346,2021-08-27,CUST63670,Sunita Reddy,53,Male,North,Ludhiana,Furniture,Desk,10,20350.98,0.22,158737.644,43493.86,69.86,Emi,1,False,Delivered,5
ORD-00913,2021-02-15,CUST25496,Sanjay Pillai,15,Other,West,Ahmedabad,Furniture,Bed Frame,5,17189.6,0.27,62742.04,13684.7,59.73,Credit Card,3,False,Delivered,6
ORD-00114,2020-02-11,CUST09240,Ananya Das,30,Male,North,Delhi,Books,Textbook,9,334.26,0.33,2015.5877999999998,547.21,64.37,Credit Card,3,True,Returned,9
ORD-01751,2022-02-16,CUST01506,Sunita Mishra,36,Female,East,Guwahati,Groceries,Flour,10,340.07,0.0,3400.7,221.45,94.4,Upi,1,False,Delivered,10
ORD-03697,2024-05-24,CUST35363,Amit Das,43,Other,Central,Nagpur,Books,Textbook,8,734.35,0.3,4112.36,2327.04,53.13,Upi,3,False,Delivered,1
ORD-02056,2022-06-25,CUST33480,Pooja Singh,31,Other,West,Surat,Sports,Yoga Mat,1,12201.41,0.38,7564.8742,2473.09,54.83,Emi,1,False,Delivered,5
ORD-03879,2024-08-09,CUST22795,Nikhil Kumar,18,Male,South,Chennai,Clothing,Jeans,9,892.19,0.29,5701.0941,3107.54,67.17,Emi,2,False,Delivered,10
ORD-03317,2023-12-05,CUST33429,Sunita Das,34,Female,North,Chandigarh,Furniture,Desk,3,29726.23,0.07,82936.1817,22599.39,72.07,Net Banking,3,False,Delivered,10
ORD-03514,2024-03-08,CUST77487,Priya Gupta,32,Female,West,Pune,Groceries,Tea,3,248.9,0.0,746.7,91.65,73.94,Credit Card,4,False,Delivered,6
ORD-01630,2021-12-27,CUST77556,Arjun Joshi,37,Male,North,Delhi,Groceries,Dal (1Kg),1,461.28,0.06,433.60319999999996,41.24,57.7,Cash On Delivery,3,False,Delivered,2
ORD-03201,2023-10-16,CUST99262,Sanjay Joshi,19,Male,North,Chandigarh,Clothing,Kurta,7,1104.26,0.13,6724.9434,2415.74,58.32,Debit Card,3,False,Delivered,1
ORD-03641,2024-05-02,CUST69845,Ananya Nair,25,Female,North,Chandigarh,Beauty,Face Cream,4,867.46,0.22,2706.4752000000003,2376.05,52.4,Debit Card,2,False,Delivered,7
ORD-00005,2020-01-02,CUST66045,Aditya Singh,45,Other,East,Kolkata,Books,Textbook,6,682.59,0.22,3194.5212,680.71,76.22,Debit Card,1,True,Returned,3
ORD-00176,2020-03-18,CUST81366,Vikram Sharma,15,Female,East,Patna,Furniture,Bookshelf,6,14217.54,0.36,54595.3536,16528.59,65.56,Emi,5,False,Pending,9
ORD-00413,2020-07-01,CUST24888,Nisha Mishra,30,Male,East,Guwahati,Beauty,Sunscreen,9,2148.56,0.13,16823.2248,9481.52,85.42,Net Banking,5,False,Delivered,6
ORD-01431,2021-10-07,CUST03275,Rohan Mishra,42,Female,West,Ahmedabad,Electronics,Smartwatch,8,32618.21,0.24,198318.7168,22171.54,80.63,Credit Card,5,False,Delivered,2
ORD-03100,2023-09-01,CUST55749,Rahul Das,38,Other,West,Surat,Groceries,Rice (5Kg),1,166.38,0.11,148.0782,18.5,57.01,Debit Card,5,False,Delivered,7
ORD-00024,2020-01-10,CUST27593,Nikhil Mehta,23,Male,South,Bangalore,Sports,Yoga Mat,9,14375.13,0.19,104794.6977,14206.15,58.57,Net Banking,5,False,Delivered,2
ORD-03041,2023-08-08,CUST35537,Sunita Nair,24,Male,Central,Raipur,Furniture,Chair,4,33469.07,0.02,131198.7544,60337.15,33.54,Emi,3,True,Returned,8
ORD-02422,2022-11-12,CUST80806,Deepa Bhat,26,Male,North,Amritsar,Clothing,Dress,6,2781.83,0.34,11016.046799999998,3543.82,47.91,Credit Card,2,False,Delivered,3
ORD-02615,2023-02-10,CUST36242,Shreya Iyer,38,Female,North,Chandigarh,Clothing,Jeans,9,924.21,0.25,6238.4175,2169.66,33.88,Debit Card,4,False,Delivered,6
ORD-04133,2024-12-02,CUST61673,Kavya Joshi,42,Female,Central,Raipur,Sports,Tennis Racket,5,6804.29,0.19,27557.374499999998,8007.3,38.07,Emi,5,False,Delivered,6
ORD-02269,2022-09-14,CUST17627,Deepa Kapoor,34,Other,South,Bangalore,Sports,Yoga Mat,3,13367.65,0.27,29275.153499999997,8238.28,76.52,Cash On Delivery,3,False,Delivered,4
ORD-00027,2020-01-11,CUST34383,Kavya Chatterjee,20,Female,West,Pune,Sports,Football,5,2324.58,0.2,9298.32,1662.26,52.62,Emi,3,False,Cancelled,4
ORD-00421,2020-07-05,CUST80414,Karan Rao,40,Other,Central,Raipur,Beauty,Face Cream,6,682.35,0.15,3479.985,2395.37,66.53,Cash On Delivery,3,False,Delivered,5
ORD-00960,2021-03-13,CUST61286,Aarav Singh,11,Male,Central,Nagpur,Electronics,Tablet,4,22676.17,0.17,75284.8844,11066.6,67.96,Emi,1,False,Delivered,1
ORD-00603,2020-09-26,CUST11712,Deepa Nair,44,Male,Central,Raipur,Beauty,Face Cream,9,2256.35,0.31,14011.933499999997,7604.3,80.48,Cash On Delivery,5,True,Returned,2
ORD-03058,2023-08-17,CUST75687,Priya Mehta,48,Other,South,Chennai,Clothing,Jacket,4,2277.17,0.19,7378.0308,4259.56,68.14,Cash On Delivery,2,True,Returned,3
ORD-00830,2021-01-15,CUST61741,Sanjay Reddy,47,Female,West,Surat,Sports,Cycle,5,10407.54,0.02,50996.946,9803.14,66.57,Emi,1,True,Returned,6
ORD-00516,2020-08-16,CUST07356,Aditya Kumar,35,Male,South,Hyderabad,Groceries,Cooking Oil,10,322.15,0.26,2383.91,219.32,72.89,Emi,4,False,Delivered,5
ORD-03673,2024-05-15,CUST42403,Shreya Gupta,27,Other,North,Amritsar,Clothing,Saree,1,2208.92,0.2,1767.1360000000002,796.01,73.64,Net Banking,5,False,Delivered,1
ORD-04052,2024-10-24,CUST70027,Sanjay Verma,58,Other,East,Patna,Books,Biography,5,1349.81,0.08,6209.125999999999,3176.85,79.58,Net Banking,2,False,Cancelled,10
ORD-03481,2024-02-22,CUST77456,Priya Mishra,44,Female,Central,Raipur,Groceries,Rice (5Kg),3,74.2,0.24,169.17600000000002,12.54,53.05,Emi,2,False,Delivered,10
ORD-03266,2023-11-10,CUST94697,Karan Patel,50,Female,West,Pune,Furniture,Chair,6,34185.33,0.0,205111.98,57877.84,63.45,Cash On Delivery,2,False,Delivered,2
ORD-01128,2021-05-24,CUST64957,Sanjay Kumar,21,Other,West,Ahmedabad,Books,Fiction Novel,2,810.88,0.39,989.2736,500.04,42.7,Debit Card,5,False,Cancelled,2
ORD-02681,2023-03-06,CUST22232,Shreya Verma,43,Male,North,Ludhiana,Beauty,Shampoo,7,142.6,0.04,958.2719999999999,481.8,55.31,Credit Card,2,False,Pending,5
ORD-00885,2021-02-04,CUST26006,Pooja Nair,34,Male,West,Ahmedabad,Clothing,Saree,9,3473.33,0.26,23132.377800000002,6894.62,54.27,Upi,2,False,Delivered,1
ORD-03811,2024-07-14,CUST17506,Ananya Nair,42,Male,East,Kolkata,Sports,Dumbbells,3,2246.75,0.09,6133.6275000000005,2923.56,75.87,Net Banking,3,False,Delivered,7
ORD-03276,2023-11-16,CUST08733,Pooja Verma,35,Other,South,Kochi,Clothing,T-Shirt,5,2427.77,0.37,7647.4755000000005,2397.72,59.3,Emi,3,False,Delivered,2
ORD-01577,2021-12-04,CUST22334,Sanjay Kapoor,46,Other,Central,Nagpur,Beauty,Sunscreen,8,2183.25,0.33,11702.22,3029.21,47.17,Upi,2,False,Delivered,5
ORD-00583,2020-09-17,CUST16103,Sunita Nair,31,Female,West,Ahmedabad,Books,Cook Book,7,477.86,0.36,2140.8128,674.69,44.92,Net Banking,3,False,Delivered,3
ORD-03590,2024-04-10,CUST88984,Aditya Shah,34,Female,West,Mumbai,Beauty,Sunscreen,10,1620.62,0.23,12478.774,5674.7,44.36,Debit Card,1,True,Returned,8
ORD-02341,2022-10-11,CUST63955,Arjun Bose,33,F,East,Guwahati,Books,Self-Help Book,4,417.82,0.02,1637.8544,656.08,75.99,Cash On Delivery,2,False,Delivered,3
ORD-01090,2021-05-07,CUST81568,Ananya Verma,26,M,South,Chennai,Beauty,Face Cream,9,1526.75,0.05,13053.7125,9972.58,67.44,Upi,3,False,Delivered,8
ORD-02009,2022-06-05,CUST02356,Aarav Kapoor,28,Other,East,Kolkata,Furniture,Desk,5,34373.42,0.27,125462.98299999998,50613.06,89.82,Debit Card,1,True,Returned,5
ORD-03864,2024-08-05,CUST15933,Aarav Verma,41,Other,East,Bhubaneswar,Electronics,Smartphone,5,64468.92,0.2,257875.68,48329.91,79.41,Net Banking,1,False,Shipped,10
ORD-03244,2023-11-02,CUST42835,Meera Rao,38,Male,East,Guwahati,Beauty,Perfume,7,315.92,0.0,2211.44,652.99,76.21,Cash On Delivery,3,False,Delivered,4
ORD-00698,2020-11-13,CUST94944,Priya Chatterjee,34,Female,Central,Nagpur,Furniture,Bed Frame,5,5883.06,0.15,25003.005,5925.19,69.28,Cash On Delivery,2,False,Shipped,9
ORD-03015,2023-07-29,CUST53698,Meera Kapoor,34,Male,East,Bhubaneswar,Sports,Cycle,8,4080.77,0.36,20893.542400000002,7223.68,77.54,Cash On Delivery,2,False,Delivered,10
ORD-03658,2024-05-08,CUST59639,Deepa Chatterjee,33,Male,North,Amritsar,Electronics,Headphones,1,20268.07,0.0,20268.07,5209.56,57.63,Emi,2,False,Delivered,10
ORD-00455,2020-07-19,CUST20908,Vikram Mehta,37,Female,South,Kochi,Electronics,Smartwatch,10,61673.76,0.15,524226.95999999996,90844.4,76.69,Cash On Delivery,3,False,Delivered,7
ORD-03302,2023-11-29,CUST00808,Arjun Reddy,31,Female,West,Mumbai,Electronics,Smartwatch,5,5934.23,0.35,19286.247499999998,1851.85,76.64,Upi,3,False,Shipped,2
ORD-00276,2020-05-02,CUST77008,Meera Bhat,34,Other,Central,Nagpur,Books,Textbook,7,1479.71,0.18,8493.535400000002,3968.87,53.15,Net Banking,4,False,Delivered,2
ORD-03325,2023-12-10,CUST66402,Sanjay Nair,11,Female,East,Bhubaneswar,Beauty,Sunscreen,8,1075.9,0.0,8607.2,4754.61,89.59,Credit Card,3,False,Delivered,6
ORD-00082,2020-02-01,CUST20826,Ananya Bose,38,Female,East,Guwahati,Clothing,Jeans,2,2078.45,0.17,3450.2269999999994,1089.57,80.23,Debit Card,5,False,Delivered,4
ORD-01677,2022-01-18,CUST23764,Karan Pillai,22,M,East,Patna,Clothing,Dress,2,2911.58,0.4,3493.8959999999997,1155.62,78.02,Cash On Delivery,1,False,Delivered,6
ORD-02651,2023-02-21,CUST11133,Nisha Shah,38,Female,Central,Bhopal,Furniture,Desk,9,14262.49,0.23,98839.05570000001,41278.73,79.5,Cash On Delivery,1,True,Returned,10
ORD-00862,2021-01-29,CUST25585,Shreya Mishra,43,Other,West,Surat,Beauty,Shampoo,1,1381.02,0.28,994.3344,385.94,79.14,Cash On Delivery,1,False,Delivered,2
ORD-03847,2024-07-29,CUST01197,Karan Iyer,21,Other,North,Delhi,Furniture,Wardrobe,6,16429.02,0.27,71959.10759999999,40765.64,32.5,Emi,4,False,Delivered,5
ORD-01567,2021-12-01,CUST20735,Aditya Sharma,52,Other,North,Ludhiana,Beauty,Lipstick,7,1393.32,0.0,9753.24,3453.91,40.11,Upi,1,False,Delivered,7
ORD-02184,2022-08-13,CUST04059,Nisha Joshi,17,Other,East,Guwahati,Electronics,Laptop,3,73253.06,0.25,164819.385,32607.06,80.92,Credit Card,4,False,Pending,6
ORD-03372,2023-12-30,CUST23507,Kavya Bhat,44,Female,Central,Bhopal,Books,Self-Help Book,4,746.29,0.3,2089.6119999999996,758.46,47.79,Credit Card,1,False,Delivered,7
ORD-02378,2022-10-27,CUST66835,Karan Pillai,50,Male,North,Amritsar,Electronics,Tablet,1,34094.18,0.36,21820.2752,2201.52,51.11,Emi,3,False,Delivered,7
ORD-03585,2024-04-09,CUST38973,Nikhil Rao,34,Female,North,Ludhiana,Groceries,Rice (5Kg),3,242.04,0.22,566.3736,49.63,73.34,Emi,3,False,Pending,6
ORD-02183,2022-08-13,CUST73899,Meera Sharma,52,Female,East,Bhubaneswar,Groceries,Sugar,2,245.29,0.28,353.21759999999995,45.1,88.28,Net Banking,5,False,Delivered,5
ORD-01801,2022-03-08,CUST42354,Pooja Singh,30,Male,South,Chennai,Electronics,Smartphone,6,16805.34,0.37,63524.18520000001,4060.33,71.78,Debit Card,4,False,Delivered,3
ORD-01191,2021-06-20,CUST42018,Aarav Iyer,49,Other,Central,Raipur,Books,Textbook,8,1136.87,0.18,7457.8672,3919.14,24.54,Cash On Delivery,5,False,Delivered,6
ORD-01367,2021-09-08,CUST32462,Shreya Rao,30,Female,Central,Bhopal,Books,Fiction Novel,8,1443.03,0.31,7965.525599999999,3984.16,47.13,Upi,4,True,Returned,10
ORD-00321,2020-05-21,CUST74301,Deepa Gupta,42,Male,Central,Indore,Electronics,Headphones,2,43853.55,0.03,85075.887,12392.88,71.03,Net Banking,4,False,Delivered,5
ORD-03973,2024-09-09,CUST60649,Rohan Verma,59,Male,West,Surat,Books,Biography,3,759.61,0.09,2073.7353,696.15,32.82,Debit Card,5,False,Delivered,6
ORD-00259,2020-04-23,CUST68265,Vikram Rao,37,Female,East,Bhubaneswar,Electronics,Smartphone,3,76008.49,0.07,212063.6871,19589.55,67.43,Credit Card,5,False,Shipped,4
ORD-01295,2021-08-07,CUST43573,Rohan Das,28,Male,East,Patna,Groceries,Rice (5Kg),1,69.87,0.27,51.0051,6.0,69.5,Credit Card,2,False,Cancelled,9
ORD-04037,2024-10-17,CUST70226,Shreya Shah,34,Female,North,Ludhiana,Groceries,Rice (5Kg),1,141.61,0.11,126.03290000000001,11.5,52.28,Upi,4,False,Delivered,9
ORD-03087,2023-08-26,CUST32672,Meera Patel,39,Female,West,Surat,Furniture,Desk,5,21847.95,0.29,77560.22249999999,26491.84,67.66,Upi,2,False,Delivered,9
ORD-01162,2021-06-04,CUST45949,Meera Joshi,33,M,East,Kolkata,Furniture,Chair,4,16298.68,0.03,63238.8784,28600.3,95.11,Emi,1,False,Delivered,5
ORD-01742,2022-02-13,CUST91415,Aarav Gupta,44,Female,Central,Nagpur,Groceries,Dal (1Kg),9,479.9,0.32,2936.9879999999994,232.06,40.19,Credit Card,4,False,Shipped,3
ORD-02413,2022-11-09,CUST99486,Nikhil Singh,34,Female,East,Guwahati,Sports,Cricket Bat,5,4583.05,0.3,16040.675,2806.09,59.75,Net Banking,4,False,Delivered,6
ORD-00933,2021-02-25,CUST94720,Rohan Singh,49,Female,South,Bangalore,Clothing,Kurta,9,2124.88,0.33,12813.0264,4454.91,81.17,Debit Card,3,False,Cancelled,6
ORD-03355,2023-12-22,CUST79039,Nikhil Kumar,35,Male,West,Ahmedabad,Electronics,Tablet,5,28716.0,0.06,134965.19999999998,13016.92,60.44,Net Banking,5,False,Delivered,10
ORD-01790,2022-03-04,CUST11770,Nisha Chatterjee,33,Other,Central,Indore,Beauty,Hair Oil,2,2360.33,0.23,3634.9082,1837.87,81.05,Emi,3,False,Delivered,3
ORD-00546,2020-08-29,CUST11171,Kavya Gupta,35,Female,West,Pune,Books,Self-Help Book,8,318.51,0.31,1758.1752,790.49,72.37,Debit Card,5,False,Shipped,9
ORD-02806,2023-05-02,CUST69501,Meera Joshi,29,Other,Central,Indore,Groceries,Tea,5,481.67,0.37,1517.2604999999999,141.47,41.15,Emi,3,False,Delivered,8
ORD-04085,2024-11-07,CUST20306,Priya Sharma,43,Female,West,Mumbai,Furniture,Bed Frame,2,20043.88,0.36,25656.166400000002,5160.18,25.71,Credit Card,3,False,Delivered,10
ORD-01794,2022-03-05,CUST42681,Deepa Joshi,40,Male,West,Pune,Sports,Football,1,1321.99,0.39,806.4139,202.59,63.12,Debit Card,4,False,Delivered,7
ORD-00473,2020-07-28,CUST19554,Arjun Mehta,34,Male,West,Mumbai,Furniture,Chair,1,16334.58,0.09,14864.4678,5249.68,61.69,Cash On Delivery,5,False,Cancelled,10
ORD-01652,2022-01-07,CUST31119,Arjun Das,33,Other,North,Ludhiana,Electronics,Tablet,5,27023.75,0.03,131065.1875,15632.48,68.45,Credit Card,4,False,Delivered,7
ORD-00310,2020-05-15,CUST01960,Sunita Rao,39,Female,West,Ahmedabad,Electronics,Smartphone,5,30601.06,0.34,100983.49799999999,14746.62,71.09,Cash On Delivery,4,False,Shipped,2
ORD-00847,2021-01-21,CUST36203,Vikram Mehta,29,Male,Central,Nagpur,Furniture,Chair,7,27103.44,0.07,176443.3944,47871.51,45.89,Emi,2,True,Returned,7
ORD-01755,2022-02-17,CUST47141,Kavya Rao,24,Male,West,Mumbai,Sports,Yoga Mat,8,4285.05,0.23,26395.908000000003,7134.8,43.11,Cash On Delivery,3,False,Delivered,2
ORD-01549,2021-11-26,CUST76040,Meera Chatterjee,19,Male,South,Hyderabad,Beauty,Shampoo,10,2199.23,0.03,21332.531,7462.56,84.56,Emi,4,False,Shipped,10
ORD-00997,2021-03-29,CUST53232,Vikram Pillai,11,Other,West,Mumbai,Furniture,Sofa,0,24694.95,0.14,0.0,6733.42,16.03,Upi,2,False,Shipped,10
ORD-04029,2024-10-15,CUST20995,Deepa Shah,34,Male,North,Chandigarh,Beauty,Face Cream,2,346.2,0.18,567.768,286.41,60.58,Upi,4,False,Delivered,4
ORD-03288,2023-11-21,CUST96629,Karan Gupta,14,Female,South,Chennai,Electronics,Headphones,8,24941.15,0.38,123708.104,19098.95,79.77,Debit Card,4,False,Delivered,4
ORD-02314,2022-10-03,CUST99949,Karan Mishra,36,Other,East,Kolkata,Groceries,Cooking Oil,7,490.56,0.36,2197.7088,120.11,92.2,Net Banking,3,False,Shipped,2
ORD-04092,2024-11-10,CUST89947,Ananya Chatterjee,19,Other,East,Guwahati,Groceries,Tea,5,398.96,0.3,1396.36,123.43,103.58,Cash On Delivery,3,True,Returned,1
ORD-00308,2020-05-13,CUST07042,Priya Sharma,27,Female,North,Ludhiana,Beauty,Shampoo,4,1944.29,0.17,6455.042799999999,5237.35,87.31,Upi,3,False,Delivered,4
ORD-00887,2021-02-04,CUST50884,Sanjay Pillai,49,Other,East,Patna,Sports,Yoga Mat,10,12708.22,0.28,91499.184,20206.87,100.24,Emi,2,False,Delivered,3
ORD-00397,2020-06-20,CUST17107,Ritu Pillai,20,Other,East,Guwahati,Beauty,Face Cream,8,950.66,0.32,5171.590399999999,3770.8,84.8,Debit Card,5,False,Delivered,7
ORD-00955,2021-03-10,CUST63974,Kavya Gupta,30,Male,East,Kolkata,Sports,Dumbbells,3,14253.13,0.13,37200.6693,11131.02,67.22,Emi,1,False,Cancelled,3
ORD-00875,2021-02-01,CUST89431,Sanjay Bose,43,Female,South,Kochi,Clothing,Jeans,9,2667.5,0.11,21366.675,8438.9,78.87,Cash On Delivery,3,False,Delivered,3
ORD-01740,2022-02-12,CUST21895,Sanjay Reddy,56,Male,South,Hyderabad,Clothing,Jeans,2,2432.6,0.26,3600.248,1931.36,84.81,Net Banking,5,False,Delivered,8
ORD-00169,2020-03-15,CUST14141,Nikhil Das,43,Male,Central,Raipur,Clothing,T-Shirt,2,3471.87,0.15,5902.179,1972.09,48.98,Credit Card,1,False,Shipped,4
ORD-00626,2020-10-07,CUST10712,Rohan Kapoor,38,Female,North,Chandigarh,Groceries,Dal (1Kg),4,372.01,0.37,937.4652,59.95,38.48,Emi,4,False,Pending,8
ORD-01142,2021-05-29,CUST59363,Sunita Mehta,12,Female,West,Surat,Electronics,Headphones,10,49305.3,0.37,310623.39,48008.96,69.0,Upi,5,False,Cancelled,7
ORD-02077,2022-07-05,CUST06928,Rahul Bhat,29,Other,West,Surat,Clothing,T-Shirt,1,332.88,0.4,199.72799999999998,129.76,83.16,Debit Card,2,False,Delivered,6
ORD-02987,2023-07-18,CUST78771,Nikhil Gupta,39,Female,West,Surat,Groceries,Sugar,8,455.06,0.01,3604.0751999999998,561.84,83.7,Net Banking,3,False,Delivered,10
ORD-03554,2024-03-23,CUST02299,Nisha Patel,51,Female,South,Kochi,Sports,Dumbbells,9,560.77,0.19,4088.0133000000005,1118.77,78.58,Credit Card,2,False,Delivered,1
ORD-03655,2024-05-07,CUST44723,Ritu Singh,42,Male,West,Ahmedabad,Furniture,Sofa,10,15954.1,0.05,151563.94999999998,76735.56,54.78,Debit Card,1,False,Delivered,1
ORD-02465,2022-12-05,CUST74998,Kavya Bhat,25,F,North,Delhi,Clothing,Kurta,1,336.77,0.25,252.5775,67.26,67.65,Upi,5,False,Delivered,0
ORD-04187,2024-12-25,CUST58320,Pooja Sharma,34,Other,West,Ahmedabad,Furniture,Sofa,8,14656.38,0.05,111388.48799999998,22861.06,54.81,Debit Card,1,False,Delivered,6
ORD-00094,2020-02-06,CUST12581,Sanjay Gupta,56,Female,West,Ahmedabad,Clothing,Kurta,5,1920.61,0.27,7010.226499999999,2295.66,69.18,Credit Card,5,False,Delivered,10
ORD-03410,2024-01-17,CUST69094,Kavya Chatterjee,41,Male,East,Kolkata,Clothing,Jeans,2,3049.88,0.02,5977.7648,1313.05,83.88,Emi,4,False,Pending,6
ORD-03917,2024-08-20,CUST40587,Shreya Mehta,11,Female,North,Amritsar,Furniture,Chair,9,27363.22,0.29,174850.9758,50443.65,53.56,Upi,3,False,Delivered,5
ORD-01482,2021-10-27,CUST43427,Pooja Patel,25,Female,South,Bangalore,Beauty,Lipstick,5,2139.28,0.29,7594.444,3518.82,60.66,Debit Card,5,False,Delivered,7
ORD-02055,2022-06-24,CUST92237,Arjun Patel,33,Other,South,Chennai,Electronics,Smartwatch,7,54204.8,0.01,375639.264,66152.73,87.36,Emi,1,False,Delivered,8
ORD-03552,2024-03-23,CUST47390,Ananya Das,22,Other,West,Ahmedabad,Electronics,Laptop,10,58117.48,0.32,395198.864,56329.27,66.82,Debit Card,1,False,Delivered,3
ORD-00147,2020-03-01,CUST66395,Arjun Sharma,15,Male,South,Hyderabad,Beauty,Perfume,3,584.36,0.36,1121.9712,445.33,92.76,Credit Card,4,False,Shipped,4
ORD-03721,2024-06-10,CUST98311,Aarav Mishra,58,Other,East,Patna,Clothing,Kurta,5,1827.87,0.17,7585.660499999998,4727.66,91.8,Credit Card,5,False,Delivered,5
ORD-02238,2022-09-02,CUST61636,Karan Singh,55,F,South,Kochi,Electronics,Smartwatch,4,32640.78,0.24,99227.9712,13905.31,46.2,Upi,3,True,Returned,9
ORD-00193,2020-03-27,CUST20505,Amit Kapoor,21,Other,West,Pune,Furniture,Wardrobe,6,2910.04,0.13,15190.408799999997,5082.48,63.67,Credit Card,5,False,Shipped,4
ORD-00722,2020-11-26,CUST22239,Kavya Joshi,23,Female,West,Mumbai,Electronics,Smartwatch,8,19009.3,0.0,152074.4,11022.35,57.37,Upi,5,False,Delivered,2
ORD-03234,2023-10-30,CUST23301,Sanjay Mishra,40,Male,North,Chandigarh,Groceries,Dal (1Kg),7,230.21,0.35,1047.4555,147.47,21.34,Upi,2,False,Pending,4
ORD-00363,2020-06-04,CUST26055,Ananya Kapoor,49,F,East,Bhubaneswar,Beauty,Shampoo,7,1638.61,0.04,11011.459199999998,6526.33,72.09,Cash On Delivery,2,False,Shipped,8
ORD-03203,2023-10-17,CUST79007,Rahul Chatterjee,47,Other,North,Amritsar,Furniture,Bookshelf,5,30014.4,0.11,133564.08000000002,42093.32,63.474999999999994,Credit Card,3,False,Delivered,2
ORD-00431,2020-07-08,CUST12471,Shreya Bhat,40,Male,East,Kolkata,Clothing,Kurta,0,3727.28,0.39,0.0,877.47,53.25,Upi,3,False,Delivered,7
ORD-00442,2020-07-14,CUST98850,Deepa Verma,49,Female,East,Guwahati,Clothing,Jacket,6,831.4,0.21,3940.836,1752.33,85.94,Upi,3,False,Delivered,1
ORD-01892,2022-04-16,CUST98022,Rahul Reddy,51,Other,West,Surat,Beauty,Shampoo,7,1556.32,0.13,9477.9888,6509.98,58.7,Upi,5,False,Delivered,9
ORD-01106,2021-05-14,CUST22860,Shreya Patel,33,Other,West,Ahmedabad,Beauty,Shampoo,8,2335.32,0.26,13825.0944,8084.22,94.12,Upi,3,True,Returned,2
ORD-01362,2021-09-04,CUST75771,Deepa Das,49,Male,East,Kolkata,Sports,Football,2,3995.9,0.28,5754.096,1979.87,89.09,Debit Card,5,False,Delivered,7
ORD-01581,2021-12-08,CUST13351,Meera Patel,37,Female,West,Mumbai,Books,Biography,7,762.53,0.39,3256.0031,1196.24,65.27,Emi,4,False,Cancelled,5
ORD-00152,2020-03-03,CUST55982,Meera Bose,33,Male,Central,Nagpur,Sports,Yoga Mat,3,13678.04,0.12,36110.0256,7972.68,67.88,Credit Card,4,False,Delivered,8
ORD-03040,2023-08-08,CUST92392,Karan Mishra,39,Female,East,Patna,Beauty,Sunscreen,5,781.43,0.3,2735.0049999999997,2172.08,63.85,Emi,3,False,Delivered,8
ORD-01709,2022-02-01,CUST24292,Kavya Kumar,38,M,North,Chandigarh,Furniture,Desk,6,33340.2,0.09,182037.492,59885.0,37.52,Credit Card,3,False,Cancelled,7
ORD-04130,2024-12-01,CUST33881,Priya Gupta,39,Male,Central,Indore,Beauty,Sunscreen,8,1289.19,0.15,8766.492,4080.67,43.57,Emi,1,False,Cancelled,2
ORD-02290,2022-09-20,CUST57859,Arjun Chatterjee,33,Male,South,Bangalore,Furniture,Wardrobe,10,29389.24,0.04,282136.704,104400.15,66.52,Cash On Delivery,1,False,Delivered,6
ORD-03083,2023-08-25,CUST78430,Rahul Pillai,51,Male,West,Mumbai,Beauty,Face Cream,4,173.98,0.25,521.9399999999999,447.82,73.28,Cash On Delivery,1,False,Delivered,7
ORD-01556,2021-11-29,CUST84287,Rohan Gupta,46,Other,West,Ahmedabad,Books,Cook Book,2,756.72,0.33,1014.0047999999999,238.75,80.16,Upi,2,False,Delivered,2
ORD-03820,2024-07-19,CUST00780,Sanjay Nair,42,Male,Central,Raipur,Books,Self-Help Book,1,329.58,0.11,293.3262,235.62,62.65,Net Banking,1,False,Delivered,10
ORD-02483,2022-12-13,CUST37391,Vikram Singh,25,Other,Central,Raipur,Electronics,Camera,3,6718.83,0.0,20156.489999999998,2013.32,59.88,Debit Card,3,False,Delivered,1
ORD-00360,2020-06-03,CUST65000,Vikram Chatterjee,23,Female,East,Kolkata,Groceries,Rice (5Kg),1,362.29,0.22,282.5862,23.08,80.1,Upi,3,False,Delivered,8
ORD-02366,2022-10-19,CUST55712,Shreya Bose,39,Other,South,Chennai,Beauty,Hair Oil,7,128.3,0.24,682.5560000000002,385.99,51.66,Cash On Delivery,1,False,Cancelled,4
ORD-02439,2022-11-24,CUST05236,Meera Rao,15,Female,Central,Raipur,Clothing,Saree,10,1673.29,0.06,15728.926000000001,4599.2,66.5,Credit Card,4,False,Delivered,2
ORD-01672,2022-01-17,CUST15767,Pooja Shah,15,Other,East,Kolkata,Clothing,Jacket,1,2361.4,0.32,1605.752,339.86,57.6,Credit Card,3,False,Delivered,3
ORD-01368,2021-09-09,CUST02383,Meera Bhat,32,Female,East,Kolkata,Beauty,Sunscreen,10,1927.01,0.23,14837.976999999999,6280.5,52.73,Cash On Delivery,3,False,Delivered,9
ORD-04112,2024-11-22,CUST28483,Pooja Gupta,23,Other,Central,Nagpur,Clothing,Jacket,8,3689.55,0.36,18890.496000000003,6339.32,82.16,Debit Card,4,False,Pending,4
ORD-02943,2023-06-30,CUST64972,Arjun Das,41,Male,North,Amritsar,Sports,Dumbbells,9,6912.54,0.01,61590.7314,24585.48,74.65,Credit Card,5,False,Delivered,6
ORD-00353,2020-05-31,CUST09451,Arjun Iyer,35,Male,South,Bangalore,Furniture,Desk,4,14963.38,0.04,57459.379199999996,22163.23,68.71,Cash On Delivery,3,False,Delivered,8
ORD-00520,2020-08-18,CUST37089,Meera Kapoor,49,Other,West,Mumbai,Books,Fiction Novel,1,1155.88,0.37,728.2044000000001,208.47,59.74,Debit Card,4,False,Delivered,1
ORD-00930,2021-02-23,CUST93704,Aarav Gupta,46,Male,South,Bangalore,Electronics,Smartphone,4,69413.05,0.19,224898.28200000004,20189.99,74.25,Emi,2,False,Cancelled,7
ORD-03564,2024-03-28,CUST37631,Karan Singh,12,Other,West,Ahmedabad,Clothing,Jacket,6,3699.24,0.33,14870.944799999997,6519.53,44.19,Net Banking,2,False,Delivered,6
ORD-01710,2022-02-01,CUST45078,Priya Reddy,36,Male,North,Chandigarh,Electronics,Smartwatch,1,21382.9,0.19,17320.149,1757.16,13.65,Cash On Delivery,5,False,Delivered,6
ORD-02303,2022-09-27,CUST73687,Shreya Iyer,35,Male,West,Pune,Furniture,Bed Frame,6,4727.2,0.3,19854.239999999998,6128.52,85.09,Net Banking,5,False,Shipped,9
ORD-02596,2023-02-01,CUST81623,Nikhil Mehta,23,Other,Central,Raipur,Books,Fiction Novel,4,246.31,0.32,669.9631999999999,214.73,54.41,Upi,3,False,Delivered,9
ORD-01373,2021-09-11,CUST56843,Aarav Singh,31,Female,North,Delhi,Electronics,Smartphone,2,20652.77,0.17,34283.5982,2449.77,46.55,Credit Card,1,False,Delivered,3
ORD-01358,2021-09-04,CUST24273,Ananya Singh,34,Female,South,Kochi,Clothing,Jeans,2,3281.01,0.19,5315.2362,1625.36,83.74,Credit Card,2,False,Delivered,9
ORD-02472,2022-12-08,CUST85179,Shreya Iyer,40,Male,Central,Indore,Clothing,Kurta,8,3539.5,0.23,21803.32,6353.82,60.26,Net Banking,4,False,Cancelled,9
ORD-03876,2024-08-08,CUST87444,Karan Kumar,32,Female,East,Guwahati,Electronics,Laptop,0,60299.29,0.07,0.0,12487.67,49.76,Upi,1,False,Delivered,4
ORD-02435,2022-11-22,CUST20967,Amit Sharma,36,Female,Central,Indore,Sports,Cricket Bat,9,8072.68,0.11,64662.1668,10192.2,56.59,Upi,1,False,Delivered,8
ORD-02722,2023-03-26,CUST57029,Meera Reddy,28,Male,East,Patna,Groceries,Cooking Oil,10,241.98,0.28,1742.2559999999996,137.71,54.31,Credit Card,5,False,Cancelled,4
ORD-01260,2021-07-23,CUST55880,Aarav Mishra,32,Male,East,Kolkata,Beauty,Shampoo,3,676.4,0.31,1400.1479999999997,671.9,89.11,Emi,3,False,Delivered,7
ORD-03688,2024-05-21,CUST87861,Sanjay Mishra,18,Other,East,Patna,Furniture,Sofa,3,27654.89,0.07,77157.14309999999,47884.94,88.4,Upi,3,False,Delivered,7
ORD-03284,2023-11-18,CUST26543,Nikhil Mishra,37,Male,South,Bangalore,Beauty,Lipstick,3,1910.31,0.38,3553.1766000000002,1686.07,72.57,Cash On Delivery,5,False,Pending,8
ORD-02889,2023-06-04,CUST93642,Karan Singh,33,Female,North,Chandigarh,Furniture,Sofa,0,11967.38,0.07,0.0,3429.62,76.83,Debit Card,1,False,Cancelled,2
ORD-02509,2022-12-25,CUST45867,Shreya Rao,25,Male,North,Amritsar,Clothing,Dress,10,1001.16,0.39,6107.076,1751.33,70.65,Credit Card,3,False,Delivered,2
ORD-03833,2024-07-24,CUST19407,Shreya Kapoor,39,Other,West,Surat,Sports,Dumbbells,9,7643.25,0.12,60534.54,26038.27,62.54,Debit Card,3,False,Delivered,7
ORD-02473,2022-12-08,CUST36383,Sunita Chatterjee,47,Male,East,Guwahati,Clothing,Jacket,8,2955.05,0.0,23640.4,7242.27,69.25,Upi,4,False,Delivered,1
ORD-02225,2022-08-28,CUST76092,Amit Iyer,33,Other,West,Surat,Groceries,Tea,6,497.75,0.39,1821.7649999999999,216.67,65.8,Cash On Delivery,1,False,Pending,3
ORD-01943,2022-05-08,CUST27635,Arjun Chatterjee,36,Female,West,Ahmedabad,Sports,Tennis Racket,4,9134.37,0.29,25941.610800000002,8944.34,65.47,Net Banking,5,False,Delivered,4
ORD-02312,2022-10-01,CUST81714,Rohan Kumar,32,Female,East,Patna,Beauty,Shampoo,10,909.09,0.29,6454.539,3214.22,86.69,Cash On Delivery,2,False,Delivered,4
ORD-01416,2021-09-30,CUST53700,Aditya Chatterjee,35,Other,North,Ludhiana,Groceries,Tea,4,98.95,0.15,336.43,31.72,78.47,Net Banking,1,True,Returned,4
ORD-03584,2024-04-09,CUST44948,Meera Bose,29,F,West,Mumbai,Books,Self-Help Book,8,807.8,0.01,6397.776,3435.69,55.12,Net Banking,5,True,Returned,10
ORD-02320,2022-10-05,CUST01629,Sanjay Patel,20,Male,North,Amritsar,Furniture,Desk,9,14626.63,0.32,89514.97559999998,31885.26,43.74,Net Banking,5,False,Delivered,1
ORD-00477,2020-07-29,CUST11769,Kavya Rao,29,Female,North,Chandigarh,Groceries,Dal (1Kg),9,171.9,0.03,1500.6870000000001,139.65,79.37,Debit Card,3,False,Delivered,9
ORD-01470,2021-10-24,CUST64854,Ananya Mehta,15,Male,Central,Indore,Beauty,Lipstick,5,1406.35,0.15,5976.9875,3427.48,71.58,Cash On Delivery,3,False,Cancelled,1
ORD-02902,2023-06-08,CUST92378,Aarav Patel,37,Other,Central,Nagpur,Sports,Cycle,1,5089.72,0.06,4784.3368,2163.06,48.55,Cash On Delivery,3,False,Delivered,6
ORD-02493,2022-12-18,CUST53174,Priya Bose,33,M,East,Patna,Groceries,Dal (1Kg),8,117.88,0.37,594.1152,41.29,88.62,Net Banking,1,True,Returned,3
ORD-01625,2021-12-26,CUST55070,Nikhil Verma,38,Female,West,Mumbai,Clothing,Saree,9,3852.76,0.08,31900.852800000004,7426.65,50.19,Credit Card,5,False,Delivered,9
ORD-00641,2020-10-13,CUST42461,Vikram Verma,26,Other,Central,Indore,Sports,Cycle,10,2882.0,0.03,27955.399999999998,5947.27,58.31,Emi,5,False,Delivered,9
ORD-01828,2022-03-19,CUST21183,Karan Joshi,50,Male,East,Patna,Furniture,Wardrobe,6,14556.36,0.03,84718.0152,38970.92,88.32,Emi,3,False,Delivered,9
ORD-01958,2022-05-15,CUST44438,Rahul Mehta,27,Other,West,Surat,Groceries,Flour,7,92.16,0.12,567.7056,53.74,65.93,Cash On Delivery,3,False,Delivered,2
ORD-00380,2020-06-10,CUST14649,Karan Verma,34,Other,Central,Bhopal,Sports,Tennis Racket,3,6440.36,0.07,17968.604399999997,4999.4,42.43,Credit Card,4,False,Delivered,8
ORD-00184,2020-03-22,CUST00684,Ananya Das,27,Other,South,Kochi,Furniture,Wardrobe,2,25170.77,0.27,36749.3242,9365.38,87.67,Cash On Delivery,3,False,Delivered,10
ORD-04024,2024-10-12,CUST40456,Karan Gupta,50,Female,Central,Indore,Electronics,Headphones,4,40360.7,0.05,153370.65999999997,25030.4,36.28,Debit Card,1,False,Delivered,10
ORD-02964,2023-07-07,CUST46382,Aarav Das,39,Male,West,Surat,Sports,Cycle,8,3387.86,0.24,20598.1888,7208.56,47.15,Cash On Delivery,5,True,Returned,7
ORD-04070,2024-10-30,CUST44343,Rohan Sharma,24,Male,East,Bhubaneswar,Clothing,Jeans,0,1995.56,0.39,0.0,614.77,64.19,Debit Card,2,False,Delivered,3
ORD-00899,2021-02-08,CUST12934,Ananya Joshi,20,Other,West,Mumbai,Clothing,Dress,4,781.53,0.03,3032.3363999999997,1255.07,61.02,Upi,5,False,Delivered,7
ORD-01931,2022-05-03,CUST56329,Amit Shah,36,Other,Central,Indore,Electronics,Laptop,9,58361.52,0.14,451718.1647999999,75288.8,48.7,Cash On Delivery,3,False,Delivered,6
ORD-01271,2021-07-28,CUST89833,Shreya Chatterjee,50,Other,Central,Raipur,Books,Biography,9,303.28,0.16,2292.7967999999996,1428.88,66.69,Emi,3,False,Cancelled,6
ORD-02502,2022-12-22,CUST57769,Kavya Shah,21,Female,North,Amritsar,Electronics,Tablet,5,48591.01,0.14,208941.34300000002,14342.24,67.81,Debit Card,5,False,Delivered,2
ORD-02471,2022-12-07,CUST13297,Nikhil Gupta,35,Other,Central,Indore,Groceries,Sugar,1,211.63,0.34,139.67579999999998,8.8,38.35,Net Banking,3,False,Delivered,6
ORD-00278,2020-05-03,CUST14008,Sanjay Reddy,37,Other,East,Guwahati,Beauty,Perfume,4,206.46,0.08,759.7728000000001,232.93,62.51,Debit Card,1,False,Delivered,9
ORD-01585,2021-12-09,CUST80517,Meera Pillai,25,Female,East,Patna,Sports,Yoga Mat,6,12768.97,0.03,74315.40539999999,14418.02,94.15,Debit Card,5,False,Delivered,2
ORD-03822,2024-07-20,CUST66429,Ritu Iyer,20,Female,West,Ahmedabad,Books,Fiction Novel,9,872.17,0.28,5651.661599999999,3131.98,23.1,Cash On Delivery,2,False,Delivered,4
ORD-01043,2021-04-18,CUST85718,Amit Rao,44,Female,South,Bangalore,Sports,Dumbbells,1,736.98,0.23,567.4746,150.92,65.86,Credit Card,1,True,Returned,7
ORD-03219,2023-10-24,CUST75320,Ananya Bose,33,M,East,Patna,Beauty,Hair Oil,4,1214.7,0.35,3158.2200000000003,1134.31,101.88,Emi,4,False,Delivered,4
ORD-01774,2022-02-25,CUST82194,Meera Joshi,28,Other,East,Guwahati,Beauty,Hair Oil,2,2223.47,0.28,3201.7967999999996,1585.85,71.53,Debit Card,5,False,Delivered,10
ORD-02072,2022-07-03,CUST80210,Arjun Pillai,47,Other,East,Bhubaneswar,Groceries,Sugar,9,402.48,0.34,2390.7311999999997,235.12,108.84,Credit Card,5,False,Delivered,1
ORD-00212,2020-04-02,CUST28918,Amit Gupta,27,Female,Central,Nagpur,Groceries,Flour,3,263.48,0.27,577.0212,55.39,77.89,Debit Card,2,False,Shipped,3
ORD-00984,2021-03-24,CUST55320,Amit Bose,36,Female,West,Ahmedabad,Beauty,Hair Oil,8,1335.25,0.12,9400.16,4980.08,64.56,Net Banking,2,False,Cancelled,1
ORD-03746,2024-06-20,CUST06683,Ananya Mishra,19,Female,South,Hyderabad,Groceries,Dal (1Kg),9,293.41,0.09,2403.0279,353.37,78.57,Emi,5,False,Delivered,8
ORD-00340,2020-05-27,CUST72613,Kavya Kapoor,34,Other,South,Bangalore,Beauty,Lipstick,9,444.71,0.03,3882.3183,3217.96,88.85,Upi,3,False,Delivered,6
ORD-03546,2024-03-20,CUST33381,Deepa Kumar,30,Other,East,Guwahati,Electronics,Tablet,6,68505.67,0.28,295944.4944,51349.21,111.8,Emi,1,False,Delivered,1
ORD-03786,2024-07-04,CUST30148,Vikram Patel,29,Male,West,Ahmedabad,Clothing,T-Shirt,7,3302.83,0.07,21501.423299999995,10582.26,67.27,Debit Card,2,False,Shipped,3
ORD-03662,2024-05-11,CUST72198,Ritu Shah,22,Female,West,Ahmedabad,Books,Self-Help Book,1,824.98,0.04,791.9808,718.2,58.06,Emi,5,False,Delivered,3
ORD-02558,2023-01-14,CUST46065,Ananya Rao,37,Other,West,Pune,Furniture,Desk,0,9906.71,0.34,0.0,1816.22,51.63,Emi,3,False,Delivered,8
ORD-02482,2022-12-13,CUST15107,Pooja Rao,41,Other,South,Kochi,Sports,Football,0,2414.28,0.09,0.0,492.59,53.13,Upi,4,False,Delivered,6
ORD-03377,2023-12-31,CUST63612,Rohan Iyer,49,Male,South,Hyderabad,Electronics,Camera,9,15045.24,0.38,83952.43920000001,9548.15,70.61,Debit Card,1,False,Delivered,6
ORD-04064,2024-10-28,CUST01728,Vikram Nair,38,Female,South,Bangalore,Groceries,Rice (5Kg),10,86.55,0.27,631.8149999999999,63.53,71.97,Cash On Delivery,3,False,Delivered,5
ORD-02770,2023-04-14,CUST50030,Karan Patel,11,Male,North,Amritsar,Groceries,Cooking Oil,4,201.51,0.18,660.9528,75.38,28.85,Emi,2,False,Cancelled,9
ORD-03629,2024-04-28,CUST18225,Ritu Kumar,11,Female,East,Bhubaneswar,Electronics,Tablet,2,73369.4,0.04,140869.248,40757.28,78.31,Emi,5,False,Delivered,3
ORD-00792,2020-12-27,CUST76017,Rohan Reddy,39,Male,West,Surat,Clothing,Jacket,3,487.67,0.18,1199.6682,342.21,83.7,Cash On Delivery,3,False,Delivered,7
ORD-01760,2022-02-18,CUST10245,Vikram Mehta,45,Other,Central,Bhopal,Beauty,Sunscreen,3,1152.55,0.19,2800.6965,955.16,65.06,Cash On Delivery,1,False,Delivered,2
ORD-01846,2022-03-27,CUST07057,Karan Joshi,30,Female,Central,Bhopal,Electronics,Headphones,2,58913.07,0.37,74230.4682,9273.59,54.91,Cash On Delivery,2,False,Shipped,3
ORD-03700,2024-05-26,CUST90578,Amit Reddy,30,Male,East,Patna,Furniture,Sofa,9,10404.8,0.35,60868.08,24976.75,83.45,Credit Card,1,False,Delivered,6
ORD-01198,2021-06-24,CUST90801,Vikram Joshi,8,Other,South,Hyderabad,Beauty,Lipstick,8,955.87,0.36,4894.0544,2339.64,64.84,Credit Card,2,False,Delivered,8
ORD-03617,2024-04-22,CUST82513,Meera Nair,29,Male,North,Ludhiana,Electronics,Headphones,10,74580.77,0.23,574271.9290000001,82687.35,42.09,Debit Card,3,False,Delivered,10
ORD-02962,2023-07-07,CUST66452,Rohan Reddy,33,Female,North,Chandigarh,Sports,Yoga Mat,7,8842.83,0.34,40853.874599999996,13120.8,39.72,Credit Card,3,False,Delivered,8
ORD-01908,2022-04-23,CUST76107,Rohan Kumar,34,Other,South,Kochi,Sports,Cycle,3,12939.84,0.06,36490.3488,13163.15,55.28,Cash On Delivery,1,True,Returned,6
ORD-01791,2022-03-04,CUST01822,Priya Reddy,46,Female,West,Ahmedabad,Books,Textbook,9,1062.87,0.06,8991.880199999998,4417.85,54.68,Emi,1,False,Delivered,8
ORD-01345,2021-08-27,CUST45352,Rahul Mehta,34,Female,North,Ludhiana,Electronics,Smartphone,3,59808.51,0.34,118420.84979999998,13600.78,53.15,Emi,3,False,Delivered,4
ORD-01806,2022-03-10,CUST55100,Rohan Rao,44,Male,West,Pune,Electronics,Laptop,8,33693.65,0.27,196770.916,26410.1,80.85,Emi,4,False,Delivered,4
ORD-01817,2022-03-15,CUST33739,Vikram Iyer,33,Other,North,Chandigarh,Books,Textbook,10,1209.42,0.39,7377.462,4575.74,31.85,Credit Card,3,False,Delivered,6
ORD-02608,2023-02-06,CUST97191,Rahul Kapoor,27,Male,South,Chennai,Clothing,Saree,7,3168.59,0.27,16191.4949,4441.73,88.78,Upi,3,False,Delivered,9
ORD-03745,2024-06-20,CUST90657,Nisha Rao,3,Male,East,Kolkata,Books,Self-Help Book,7,1488.69,0.23,8024.0391,5456.52,50.25,Cash On Delivery,5,False,Shipped,8
ORD-00825,2021-01-13,CUST51985,Sunita Rao,27,Female,North,Amritsar,Clothing,Kurta,4,2117.62,0.34,5590.516799999999,1716.37,33.13,Credit Card,5,False,Delivered,7
ORD-02399,2022-11-04,CUST55942,Meera Singh,46,Other,South,Kochi,Electronics,Headphones,8,45292.92,0.39,221029.4496,23511.04,58.92,Credit Card,4,False,Delivered,6
ORD-00991,2021-03-28,CUST03567,Shreya Chatterjee,17,Female,North,Amritsar,Clothing,Jacket,4,2764.14,0.15,9398.076,3035.34,56.28,Upi,1,False,Delivered,7
ORD-03915,2024-08-19,CUST79020,Priya Verma,35,Female,West,Ahmedabad,Clothing,Jacket,1,2372.34,0.22,1850.4252000000001,745.68,55.26,Upi,3,True,Returned,3
ORD-00937,2021-02-28,CUST46314,Nikhil Gupta,39,Other,West,Ahmedabad,Furniture,Bed Frame,5,20432.76,0.34,67428.10799999998,12694.42,49.26,Upi,4,False,Shipped,7
ORD-01069,2021-04-29,CUST92885,Nisha Kapoor,32,Female,South,Chennai,Electronics,Tablet,9,18229.89,0.19,132895.89810000002,22099.86,42.76,Emi,2,True,Returned,2
ORD-03613,2024-04-22,CUST46029,Shreya Sharma,24,Other,East,Bhubaneswar,Beauty,Lipstick,10,1772.45,0.25,13293.375,8733.22,67.29,Upi,5,False,Delivered,5
ORD-03744,2024-06-19,CUST99332,Priya Shah,31,Male,West,Ahmedabad,Sports,Football,10,2344.7,0.37,14771.61,8412.79,44.13,Debit Card,3,False,Delivered,1
ORD-01018,2021-04-04,CUST44454,Arjun Mehta,32,Other,Central,Bhopal,Beauty,Face Cream,4,1615.32,0.23,4975.1856,2423.94,39.79,Debit Card,3,False,Delivered,8
ORD-02461,2022-12-03,CUST40699,Aarav Iyer,39,Female,North,Delhi,Furniture,Wardrobe,10,8976.94,0.1,80792.46,14335.73,53.25,Upi,5,False,Delivered,3
ORD-03162,2023-10-01,CUST64139,Aarav Reddy,45,Other,West,Ahmedabad,Clothing,Saree,4,3292.57,0.28,9482.6016,3813.16,38.43,Upi,2,True,Returned,2
ORD-00408,2020-06-25,CUST53614,Aditya Bhat,25,Other,North,Chandigarh,Clothing,Saree,1,338.51,0.27,247.11229999999998,73.93,31.18,Upi,4,False,Delivered,9
ORD-03774,2024-06-30,CUST67934,Shreya Verma,13,Male,South,Kochi,Electronics,Smartphone,7,65719.06,0.19,372627.0702,73500.33,74.03,Cash On Delivery,4,False,Delivered,5
ORD-03936,2024-08-26,CUST41339,Nikhil Reddy,34,Other,North,Amritsar,Beauty,Face Cream,10,1495.3,0.02,14653.94,8864.04,49.29,Net Banking,5,False,Delivered,3
ORD-00332,2020-05-24,CUST41074,Vikram Kumar,15,Female,East,Guwahati,Groceries,Flour,9,156.95,0.25,1059.4125,125.48,101.17,Debit Card,3,False,Delivered,7
ORD-03979,2024-09-11,CUST11949,Rohan Iyer,31,Female,Central,Bhopal,Books,Biography,10,1101.37,0.36,7048.767999999999,4181.57,53.45,Emi,5,False,Delivered,10
ORD-02583,2023-01-28,CUST12302,Ananya Bose,36,Other,East,Bhubaneswar,Clothing,Kurta,2,3753.91,0.2,6006.256,1157.2,78.02,Upi,5,False,Delivered,4
ORD-00168,2020-03-15,CUST93790,Nisha Singh,33,Female,Central,Indore,Clothing,Jeans,2,344.95,0.01,683.001,315.71,45.42,Upi,3,False,Delivered,3
ORD-03195,2023-10-14,CUST34227,Karan Verma,31,Female,South,Hyderabad,Beauty,Sunscreen,10,1369.42,0.0,13694.2,6057.11,77.84,Net Banking,1,False,Cancelled,1
ORD-03568,2024-03-29,CUST25934,Ananya Patel,23,Other,North,Chandigarh,Beauty,Hair Oil,1,1431.02,0.25,1073.2649999999999,657.95,43.1,Debit Card,2,False,Cancelled,7
ORD-03574,2024-04-01,CUST89268,Sanjay Bose,30,Other,North,Ludhiana,Furniture,Wardrobe,6,17399.76,0.22,81430.8768,33401.93,68.4,Upi,4,False,Delivered,6
ORD-00297,2020-05-10,CUST79842,Aditya Sharma,26,Other,West,Mumbai,Sports,Yoga Mat,7,2073.13,0.36,9287.6224,1902.76,39.27,Upi,3,True,Returned,2
ORD-01214,2021-07-02,CUST35473,Rahul Iyer,26,Male,North,Amritsar,Sports,Cycle,3,9622.05,0.13,25113.550499999998,7201.38,38.22,Credit Card,1,False,Delivered,6
ORD-00576,2020-09-15,CUST60901,Amit Mishra,38,Male,North,Delhi,Furniture,Bookshelf,10,2950.98,0.23,22722.546,3847.48,63.474999999999994,Credit Card,3,False,Delivered,9
ORD-00320,2020-05-20,CUST42313,Karan Das,34,Other,North,Chandigarh,Furniture,Chair,1,5675.07,0.05,5391.3165,1926.22,53.4,Credit Card,1,True,Returned,4
ORD-04068,2024-10-29,CUST38940,Aditya Kumar,35,Male,Central,Nagpur,Furniture,Desk,1,15458.12,0.11,13757.7268,3718.13,49.57,Emi,2,True,Returned,5
ORD-00831,2021-01-15,CUST89108,Ananya Kumar,41,Other,North,Ludhiana,Clothing,Dress,3,1065.38,0.01,3164.1786,658.85,38.14,Debit Card,2,False,Delivered,3
ORD-00663,2020-10-28,CUST83467,Shreya Rao,41,Other,West,Pune,Groceries,Dal (1Kg),1,462.13,0.38,286.5206,21.71,65.96,Emi,3,True,Returned,10
ORD-01197,2021-06-23,CUST79216,Arjun Mehta,25,Female,South,Bangalore,Clothing,Jeans,2,1500.45,0.33,2010.6029999999998,625.12,70.56,Emi,1,False,Delivered,9
ORD-03301,2023-11-29,CUST23165,Rohan Kumar,35,Female,West,Pune,Furniture,Chair,6,9674.09,0.13,50498.7498,10521.95,82.91,Credit Card,5,False,Delivered,4
ORD-01301,2021-08-10,CUST03306,Meera Iyer,34,Female,West,Pune,Clothing,Dress,6,851.31,0.03,4954.624199999999,2057.43,55.78,Cash On Delivery,3,False,Delivered,1
ORD-02652,2023-02-21,CUST68660,Nisha Kumar,33,Other,North,Chandigarh,Electronics,Headphones,1,23168.24,0.12,20388.0512,1911.92,65.2,Credit Card,2,False,Cancelled,2
ORD-03334,2023-12-13,CUST68810,Karan Bose,37,Male,North,Ludhiana,Books,Comic Book,2,478.86,0.24,727.8672,256.04,27.77,Credit Card,5,True,Returned,2
ORD-03776,2024-07-01,CUST73430,Sanjay Nair,33,Female,South,Hyderabad,Electronics,Laptop,7,51364.38,0.29,255280.96859999996,43544.12,63.03,Credit Card,4,True,Returned,5
ORD-00536,2020-08-24,CUST36425,Nikhil Bose,20,Female,North,Ludhiana,Clothing,Jacket,10,3376.68,0.25,25325.1,7511.03,52.49,Emi,2,False,Delivered,6
ORD-02061,2022-06-28,CUST88965,Nisha Nair,28,Male,East,Patna,Sports,Dumbbells,10,6754.43,0.27,49307.339,13614.67,90.67,Upi,2,True,Returned,5
ORD-01588,2021-12-10,CUST52878,Karan Das,25,Female,East,Patna,Furniture,Bookshelf,1,22660.17,0.02,22206.966599999996,4052.14,91.15,Cash On Delivery,4,False,Pending,10
ORD-00333,2020-05-24,CUST88068,Priya Kumar,28,Male,South,Chennai,Groceries,Tea,10,162.52,0.09,1478.932,150.49,86.74,Net Banking,5,False,Delivered,10
ORD-02953,2023-07-03,CUST69533,Amit Kumar,31,Other,Central,Raipur,Clothing,Jeans,1,362.3,0.37,228.249,152.66,52.96,Credit Card,4,False,Delivered,3
ORD-01264,2021-07-24,CUST96144,Rohan Singh,3,F,North,Chandigarh,Sports,Cricket Bat,5,4265.04,0.06,20045.688,5110.16,40.03,Net Banking,4,False,Delivered,6
ORD-02904,2023-06-08,CUST88828,Pooja Reddy,41,Female,North,Amritsar,Groceries,Sugar,9,193.51,0.35,1132.0335,255.36,60.83,Debit Card,5,False,Shipped,3
ORD-02919,2023-06-16,CUST99491,Deepa Shah,48,Other,West,Ahmedabad,Beauty,Sunscreen,10,1834.25,0.11,16324.825,12598.93,80.64,Upi,1,False,Delivered,8
ORD-01655,2022-01-08,CUST92097,Ritu Das,6,Male,South,Bangalore,Clothing,Jacket,4,2590.7,0.01,10259.171999999999,3097.74,67.93,Net Banking,4,False,Delivered,9
ORD-02612,2023-02-08,CUST04336,Vikram Rao,46,Other,East,Kolkata,Furniture,Desk,0,25731.5,0.15,0.0,6532.8,67.79,Upi,2,False,Delivered,2
ORD-00938,2021-02-28,CUST93635,Ritu Nair,38,Female,East,Bhubaneswar,Beauty,Hair Oil,3,892.77,0.28,1928.3832,830.67,58.34,Net Banking,2,False,Pending,7
ORD-03313,2023-12-04,CUST96995,Aarav Sharma,34,Female,South,Kochi,Electronics,Laptop,5,9244.78,0.33,30970.013,3683.19,66.35,Credit Card,3,False,Delivered,7
ORD-04097,2024-11-13,CUST91716,Priya Reddy,38,Female,North,Chandigarh,Clothing,Kurta,4,485.84,0.21,1535.2544,454.16,69.77,Emi,3,False,Shipped,1
ORD-02965,2023-07-07,CUST90321,Karan Bose,23,Female,South,Kochi,Books,Biography,3,224.89,0.0,674.67,458.02,65.2,Upi,4,False,Cancelled,6
ORD-00521,2020-08-18,CUST03527,Arjun Rao,16,Male,East,Bhubaneswar,Clothing,Saree,8,3254.74,0.38,16143.5104,5544.03,75.02,Credit Card,2,True,Returned,4
ORD-02257,2022-09-10,CUST98457,Nikhil Nair,45,Other,North,Ludhiana,Electronics,Tablet,4,37633.82,0.33,100858.63759999999,14972.92,53.12,Upi,4,False,Delivered,2
ORD-00561,2020-09-06,CUST12729,Amit Kumar,36,Male,East,Guwahati,Books,Comic Book,8,224.05,0.35,1165.0600000000002,454.3,63.62,Cash On Delivery,3,False,Delivered,6
ORD-02512,2022-12-26,CUST90307,Nisha Mehta,33,Female,North,Delhi,Clothing,Jacket,4,1099.84,0.38,2727.6031999999996,890.82,49.1,Debit Card,1,False,Cancelled,8
ORD-00961,2021-03-13,CUST15494,Aarav Nair,33,Male,East,Bhubaneswar,Groceries,Sugar,1,314.79,0.34,207.76139999999998,12.49,85.01,Upi,2,False,Delivered,2
ORD-01161,2021-06-04,CUST99492,Deepa Das,22,M,West,Surat,Groceries,Cooking Oil,4,246.85,0.34,651.6839999999999,66.87,76.63,Cash On Delivery,3,True,Returned,3
ORD-02518,2022-12-29,CUST08264,Shreya Rao,44,Male,South,Kochi,Books,Fiction Novel,3,893.48,0.25,2010.33,529.43,71.12,Upi,3,False,Delivered,8
ORD-01776,2022-02-27,CUST91761,Priya Patel,27,Female,East,Bhubaneswar,Sports,Dumbbells,10,5565.04,0.32,37842.272,7825.8,71.62,Credit Card,4,False,Delivered,3
ORD-02954,2023-07-03,CUST48148,Sunita Joshi,37,Other,West,Ahmedabad,Books,Fiction Novel,4,258.16,0.2,826.1120000000001,452.37,71.77,Net Banking,5,True,Returned,7
ORD-01442,2021-10-13,CUST07818,Rahul Mehta,49,Female,West,Surat,Books,Cook Book,10,1078.36,0.39,6577.995999999999,2043.67,59.94,Credit Card,1,False,Delivered,2
ORD-02480,2022-12-12,CUST00142,Arjun Sharma,24,Female,South,Kochi,Groceries,Sugar,5,256.82,0.05,1219.8949999999998,102.49,85.67,Upi,5,False,Pending,6
ORD-01332,2021-08-20,CUST68136,Sunita Verma,26,Female,East,Guwahati,Beauty,Lipstick,9,296.29,0.39,1626.6321,1395.29,84.16,Debit Card,4,False,Delivered,10
ORD-02126,2022-07-24,CUST82300,Aditya Verma,54,Other,West,Pune,Beauty,Sunscreen,2,1392.89,0.22,2172.9084000000003,1551.48,64.72,Upi,3,False,Cancelled,3
ORD-00017,2020-01-07,CUST24691,Pooja Reddy,40,Female,West,Ahmedabad,Furniture,Desk,5,5040.09,0.17,20916.373499999998,4616.87,51.71,Upi,3,False,Delivered,9
ORD-03471,2024-02-15,CUST34890,Sanjay Kapoor,64,Other,South,Kochi,Clothing,Saree,10,649.39,0.08,5974.388,1461.59,89.12,Net Banking,5,False,Delivered,1
ORD-01132,2021-05-25,CUST78632,Pooja Kumar,42,Other,Central,Indore,Furniture,Bed Frame,1,28223.81,0.01,27941.571900000003,10977.5,68.34,Net Banking,4,False,Delivered,8
ORD-04116,2024-11-26,CUST40250,Karan Joshi,42,Female,Central,Indore,Beauty,Lipstick,4,2248.41,0.29,6385.484399999999,3980.78,20.27,Emi,3,False,Cancelled,1
ORD-00658,2020-10-22,CUST16403,Ananya Sharma,22,Other,South,Chennai,Groceries,Flour,7,388.2,0.05,2581.5299999999997,175.74,74.16,Emi,2,False,Pending,4
ORD-01656,2022-01-08,CUST94727,Karan Singh,30,Female,East,Guwahati,Clothing,Dress,5,2059.67,0.04,9886.416,5107.08,80.05,Credit Card,4,False,Delivered,3
ORD-03442,2024-02-01,CUST90404,Pooja Das,38,Male,South,Chennai,Furniture,Chair,3,23851.04,0.2,57242.496,20111.35,64.77,Cash On Delivery,5,False,Delivered,4
ORD-03180,2023-10-07,CUST65855,Deepa Sharma,28,Other,South,Chennai,Beauty,Hair Oil,8,1575.79,0.24,9580.8032,4246.21,73.87,Cash On Delivery,4,False,Delivered,4
ORD-00393,2020-06-17,CUST84712,Arjun Mishra,27,Female,West,Surat,Clothing,Saree,1,1409.39,0.1,1268.451,761.88,58.09,Upi,3,False,Delivered,3
ORD-01296,2021-08-07,CUST28222,Nisha Pillai,27,Female,West,Surat,Electronics,Laptop,3,54652.78,0.01,162318.7566,11105.11,56.52,Debit Card,1,False,Delivered,9
ORD-00844,2021-01-20,CUST33448,Rahul Joshi,48,Other,South,Hyderabad,Clothing,Saree,2,2685.53,0.16,4511.6904,1147.86,69.17,Cash On Delivery,2,True,Returned,6
ORD-01428,2021-10-06,CUST77645,Ananya Bhat,35,Female,West,Surat,Books,Fiction Novel,10,268.47,0.24,2040.3720000000003,598.81,69.44,Credit Card,5,False,Delivered,6
ORD-01590,2021-12-10,CUST86639,Sanjay Bose,32,Male,West,Mumbai,Beauty,Face Cream,7,1768.37,0.03,12007.2323,3260.02,49.67,Emi,2,True,Returned,2
ORD-03472,2024-02-15,CUST99763,Meera Kumar,14,Female,South,Kochi,Beauty,Sunscreen,6,2380.95,0.37,8999.991,3205.02,104.41,Upi,5,False,Cancelled,8
ORD-00181,2020-03-20,CUST09112,Sanjay Gupta,47,Other,Central,Nagpur,Beauty,Sunscreen,10,1799.76,0.15,15297.96,5681.65,56.65,Credit Card,4,False,Delivered,1
ORD-01632,2021-12-28,CUST95874,Aditya Bhat,41,Female,East,Bhubaneswar,Sports,Football,8,6352.95,0.12,44724.768,5551.7,90.42,Net Banking,1,True,Returned,9
ORD-01293,2021-08-06,CUST71906,Nikhil Iyer,39,Other,North,Chandigarh,Beauty,Face Cream,2,853.19,0.29,1211.5298,518.13,54.57,Net Banking,3,False,Delivered,6
ORD-02271,2022-09-14,CUST64969,Amit Gupta,37,Other,East,Kolkata,Electronics,Headphones,7,44012.8,0.02,301927.808,49485.75,89.27,Cash On Delivery,1,False,Delivered,7
ORD-03525,2024-03-11,CUST05396,Rahul Mehta,42,Other,South,Hyderabad,Groceries,Flour,2,389.26,0.24,591.6752,80.46,71.53,Debit Card,4,False,Delivered,3
ORD-03683,2024-05-18,CUST23854,Karan Nair,42,Female,North,Delhi,Sports,Dumbbells,1,9307.03,0.19,7538.694300000001,3331.01,47.05,Emi,2,False,Delivered,1
ORD-00555,2020-09-03,CUST68739,Deepa Chatterjee,27,Other,West,Surat,Electronics,Camera,5,56264.15,0.28,202550.94,23405.15,58.56,Credit Card,4,False,Delivered,8
ORD-03016,2023-07-30,CUST64559,Kavya Joshi,25,Male,South,Hyderabad,Books,Textbook,7,654.28,0.3,3205.9719999999998,1478.39,57.8,Emi,3,False,Delivered,6
ORD-02284,2022-09-19,CUST37893,Deepa Rao,30,Male,East,Patna,Electronics,Camera,8,32204.55,0.02,252483.672,37369.29,86.45,Upi,3,False,Delivered,6
ORD-03157,2023-09-29,CUST79492,Sanjay Bhat,24,Male,North,Ludhiana,Sports,Tennis Racket,1,13020.42,0.2,10416.336000000001,3020.91,61.72,Emi,2,False,Delivered,1
ORD-03392,2024-01-06,CUST98375,Nikhil Kapoor,43,Male,East,Patna,Electronics,Smartwatch,10,61190.11,0.19,495639.891,61885.87,74.94,Debit Card,1,True,Returned,1
ORD-02810,2023-05-03,CUST60489,Karan Das,27,Other,South,Kochi,Clothing,T-Shirt,2,1416.76,0.08,2606.8384,1544.37,52.35,Net Banking,4,False,Delivered,6
ORD-00993,2021-03-28,CUST44486,Rahul Kapoor,47,Other,West,Surat,Books,Self-Help Book,1,246.87,0.39,150.5907,63.7,81.45,Debit Card,1,False,Delivered,6
ORD-03359,2023-12-24,CUST32879,Deepa Shah,49,Male,East,Guwahati,Beauty,Face Cream,10,1236.98,0.08,11380.216,3251.41,62.69,Upi,2,False,Cancelled,9
ORD-02602,2023-02-04,CUST51085,Deepa Reddy,30,Male,South,Chennai,Sports,Cycle,8,11980.53,0.03,92968.9128,25026.93,61.24,Credit Card,2,False,Delivered,3
ORD-00171,2020-03-15,CUST76866,Rohan Pillai,42,F,Central,Indore,Sports,Tennis Racket,7,3287.47,0.13,20020.6923,5046.53,38.67,Emi,3,False,Delivered,7
ORD-00687,2020-11-07,CUST92441,Nikhil Kumar,41,Female,North,Delhi,Electronics,Headphones,2,33488.83,0.15,56931.011,5482.23,46.65,Emi,2,False,Delivered,6
ORD-02294,2022-09-22,CUST45988,Sanjay Das,33,Male,North,Amritsar,Beauty,Hair Oil,7,437.18,0.02,2999.0548000000003,1697.95,54.03,Cash On Delivery,2,False,Delivered,8
ORD-02358,2022-10-16,CUST18994,Priya Rao,34,Other,South,Bangalore,Books,Self-Help Book,7,1297.73,0.09,8266.5401,3189.67,93.17,Upi,3,False,Delivered,5
ORD-03764,2024-06-27,CUST98746,Deepa Bhat,8,Female,South,Hyderabad,Electronics,Smartwatch,7,76987.29,0.37,339513.94889999996,84490.85,41.74,Net Banking,1,False,Delivered,1
ORD-03720,2024-06-10,CUST38522,Nikhil Gupta,33,M,South,Bangalore,Beauty,Shampoo,8,548.42,0.06,4124.118399999999,4783.7,67.67,Debit Card,3,False,Cancelled,4
ORD-03005,2023-07-24,CUST48500,Sunita Mehta,30,Other,East,Bhubaneswar,Books,Fiction Novel,7,748.66,0.03,5083.4014,2220.64,86.38,Upi,4,False,Delivered,7
ORD-03696,2024-05-24,CUST19992,Kavya Reddy,22,Other,North,Amritsar,Furniture,Desk,1,24499.78,0.05,23274.790999999997,9078.79,41.62,Cash On Delivery,3,False,Delivered,8
ORD-00720,2020-11-25,CUST10417,Ananya Verma,61,Male,North,Delhi,Groceries,Tea,8,463.67,0.39,2262.7096,107.01,45.72,Net Banking,3,False,Delivered,10
ORD-00526,2020-08-20,CUST44854,Aditya Sharma,26,Other,Central,Indore,Books,Cook Book,3,1190.85,0.12,3143.8439999999996,1665.32,77.79,Credit Card,3,False,Delivered,3
ORD-00670,2020-10-30,CUST29205,Nisha Sharma,18,Female,Central,Nagpur,Furniture,Bookshelf,9,33383.42,0.18,246369.6396,79526.38,58.3,Upi,2,False,Delivered,3
ORD-03328,2023-12-11,CUST92130,Nisha Pillai,19,Other,North,Ludhiana,Clothing,Jacket,2,350.76,0.26,519.1247999999999,113.04,72.77,Credit Card,2,False,Cancelled,9
ORD-02597,2023-02-03,CUST48131,Arjun Kumar,34,Other,Central,Nagpur,Clothing,Dress,5,3467.44,0.22,13523.016000000001,4362.76,70.28,Credit Card,1,False,Delivered,1
ORD-00999,2021-03-30,CUST40323,Rohan Rao,39,Male,South,Kochi,Groceries,Sugar,3,105.18,0.02,309.2292,31.12,57.45,Net Banking,5,False,Delivered,8
ORD-03827,2024-07-22,CUST03364,Arjun Gupta,44,Male,North,Amritsar,Beauty,Shampoo,4,467.13,0.35,1214.538,857.43,18.28,Upi,4,False,Shipped,3
ORD-03474,2024-02-17,CUST68381,Deepa Joshi,36,Male,South,Chennai,Sports,Cricket Bat,8,10455.97,0.38,51861.6112,11501.7,55.15,Credit Card,2,False,Delivered,10
ORD-02421,2022-11-12,CUST94458,Ritu Pillai,42,Male,South,Hyderabad,Electronics,Smartphone,4,76493.84,0.09,278437.5776,29631.74,60.2,Cash On Delivery,4,False,Delivered,3
ORD-00054,2020-01-21,CUST65539,Meera Patel,37,Other,East,Guwahati,Furniture,Chair,5,27804.49,0.3,97315.715,24198.91,77.82,Upi,3,False,Delivered,4
ORD-02745,2023-04-03,CUST89552,Sanjay Mishra,51,Male,West,Ahmedabad,Furniture,Wardrobe,7,9306.42,0.37,41041.3122,15497.67,63.06,Debit Card,4,True,Returned,4
ORD-03803,2024-07-11,CUST18219,Pooja Singh,40,Other,South,Kochi,Electronics,Smartwatch,5,14932.93,0.35,48532.0225,5613.46,85.87,Upi,2,False,Delivered,9
ORD-01825,2022-03-17,CUST98135,Aarav Mehta,17,Other,South,Bangalore,Groceries,Dal (1Kg),2,57.7,0.13,100.39800000000001,5.26,69.54,Cash On Delivery,4,False,Pending,4
ORD-03007,2023-07-25,CUST57212,Amit Sharma,51,Male,West,Surat,Sports,Football,0,590.97,0.32,0.0,132.99,70.58,Credit Card,3,False,Delivered,4
ORD-02587,2023-01-30,CUST42705,Rahul Das,39,Other,East,Guwahati,Groceries,Sugar,6,253.83,0.19,1233.6138,92.56,70.48,Upi,2,False,Shipped,1
ORD-03614,2024-04-22,CUST04682,Vikram Patel,38,Female,South,Chennai,Clothing,T-Shirt,3,1489.86,0.2,3575.664,2296.34,74.38,Cash On Delivery,1,False,Cancelled,10
ORD-03494,2024-02-27,CUST06002,Nisha Gupta,41,Other,South,Kochi,Books,Fiction Novel,6,1461.81,0.04,8420.0256,3389.16,67.03,Debit Card,3,False,Delivered,4
ORD-03984,2024-09-12,CUST54260,Ananya Singh,10,Other,East,Patna,Sports,Football,9,2515.48,0.28,16300.310399999998,4682.26,80.27,Emi,5,False,Shipped,1
ORD-01832,2022-03-24,CUST40044,Meera Bhat,25,Female,Central,Indore,Sports,Yoga Mat,5,2358.95,0.27,8610.1675,1971.24,32.52,Cash On Delivery,3,False,Pending,9
ORD-03161,2023-09-30,CUST77629,Shreya Iyer,36,Other,South,Kochi,Groceries,Sugar,2,384.04,0.03,745.0376,70.23,67.84,Upi,2,False,Delivered,5
ORD-01193,2021-06-20,CUST13957,Aditya Das,28,Female,East,Guwahati,Furniture,Bed Frame,10,8582.4,0.22,66942.72,29287.56,68.43,Emi,4,False,Delivered,8
ORD-04108,2024-11-18,CUST02996,Sunita Mehta,42,Male,South,Chennai,Clothing,Jacket,0,3079.53,0.11,0.0,987.61,68.17,Credit Card,5,False,Cancelled,1
ORD-02875,2023-06-01,CUST97371,Sunita Chatterjee,50,Other,South,Bangalore,Books,Textbook,1,430.84,0.37,271.4292,212.94,47.32,Upi,2,False,Delivered,7
ORD-01889,2022-04-15,CUST95351,Amit Bhat,40,Male,North,Amritsar,Sports,Yoga Mat,5,7694.53,0.2,30778.120000000003,7429.11,45.05,Net Banking,2,True,Returned,2
ORD-03814,2024-07-18,CUST84704,Nikhil Kumar,60,Other,South,Kochi,Books,Biography,9,1373.0,0.06,11615.58,4726.75,32.78,Cash On Delivery,5,False,Delivered,8
ORD-03899,2024-08-14,CUST68293,Deepa Singh,42,Other,East,Guwahati,Furniture,Desk,8,32976.81,0.11,234794.8872,104290.26,89.17,Debit Card,4,True,Returned,2
ORD-04063,2024-10-28,CUST86629,Priya Bhat,8,Female,South,Chennai,Furniture,Bed Frame,8,24455.4,0.02,191730.336,70450.23,72.02,Emi,2,False,Delivered,5
ORD-02859,2023-05-28,CUST98103,Nisha Reddy,30,Female,Central,Nagpur,Sports,Cycle,7,5477.01,0.23,29521.0839,10592.45,58.19,Emi,1,False,Delivered,1
ORD-03258,2023-11-06,CUST96311,Ritu Chatterjee,35,Other,North,Chandigarh,Furniture,Desk,2,19200.92,0.3,26881.287999999997,9828.67,57.73,Cash On Delivery,1,False,Delivered,4
ORD-03938,2024-08-26,CUST11052,Rahul Gupta,42,F,Central,Nagpur,Furniture,Wardrobe,4,16102.25,0.05,61188.549999999996,31612.91,51.44,Net Banking,3,False,Delivered,3
ORD-01276,2021-07-29,CUST57127,Sunita Joshi,30,Female,East,Bhubaneswar,Books,Fiction Novel,5,1321.61,0.39,4030.9104999999995,1989.53,80.34,Upi,2,False,Cancelled,1
ORD-00739,2020-12-03,CUST79943,Meera Kapoor,49,Male,North,Ludhiana,Clothing,Saree,5,836.99,0.39,2552.8194999999996,686.79,30.4,Emi,2,False,Delivered,8
ORD-00992,2021-03-28,CUST50288,Sanjay Kumar,29,Female,Central,Indore,Clothing,Jeans,10,2005.76,0.22,15644.928,5111.22,51.92,Debit Card,3,False,Delivered,10
ORD-03996,2024-09-21,CUST21024,Karan Iyer,33,Other,West,Pune,Electronics,Camera,2,79639.72,0.34,105124.43039999998,11600.84,87.92,Net Banking,3,False,Delivered,4
ORD-01177,2021-06-10,CUST30988,Nikhil Kumar,18,Male,South,Chennai,Clothing,T-Shirt,1,1289.4,0.33,863.898,406.18,102.55,Upi,3,False,Delivered,6
ORD-00048,2020-01-19,CUST66040,Amit Chatterjee,39,Female,West,Surat,Furniture,Wardrobe,2,27360.86,0.37,34474.683600000004,6855.56,58.81,Upi,4,False,Cancelled,4
ORD-00606,2020-09-26,CUST28576,Rohan Singh,41,F,South,Bangalore,Books,Cook Book,7,1438.1,0.3,7046.689999999999,3006.9,76.06,Credit Card,3,False,Delivered,3
ORD-03939,2024-08-26,CUST03602,Aarav Bose,15,Male,South,Kochi,Furniture,Bookshelf,2,29932.19,0.0,59864.38,32124.06,76.91,Net Banking,2,True,Returned,10
ORD-03994,2024-09-20,CUST52703,Nisha Iyer,36,Other,East,Patna,Beauty,Sunscreen,3,1494.83,0.26,3318.5226,2210.93,96.38,Net Banking,1,False,Delivered,8
ORD-00673,2020-10-31,CUST95082,Pooja Pillai,47,Female,South,Kochi,Furniture,Bookshelf,6,14372.23,0.35,56051.69700000001,9362.87,62.14,Cash On Delivery,1,False,Cancelled,1
ORD-00488,2020-08-03,CUST37691,Vikram Iyer,6,F,West,Pune,Groceries,Dal (1Kg),5,237.36,0.18,973.1760000000003,69.95,52.18,Emi,3,False,Delivered,9
ORD-00300,2020-05-10,CUST03819,Aarav Sharma,33,Male,South,Hyderabad,Groceries,Dal (1Kg),10,107.2,0.33,718.2399999999999,68.75,76.37,Upi,3,True,Returned,5
ORD-02840,2023-05-21,CUST58515,Sunita Chatterjee,56,F,North,Ludhiana,Beauty,Sunscreen,3,2042.61,0.3,4289.481,1964.0,43.44,Credit Card,4,True,Returned,7
ORD-03537,2024-03-16,CUST44168,Sunita Shah,27,Male,North,Ludhiana,Sports,Football,3,7222.19,0.14,18633.2502,4462.69,53.66,Upi,4,True,Returned,10
ORD-02383,2022-10-28,CUST86276,Aarav Chatterjee,33,Female,North,Chandigarh,Beauty,Sunscreen,5,240.15,0.22,936.585,433.08,72.99,Cash On Delivery,3,False,Delivered,2
ORD-01930,2022-05-03,CUST18686,Nisha Nair,31,Male,West,Pune,Electronics,Smartwatch,6,38455.1,0.3,161511.41999999998,31419.38,73.75,Credit Card,3,False,Delivered,10
ORD-03183,2023-10-08,CUST13349,Rohan Pillai,32,Other,South,Bangalore,Furniture,Bookshelf,5,12843.58,0.22,50089.962,11377.39,67.77,Debit Card,5,True,Returned,4
ORD-02855,2023-05-28,CUST40126,Vikram Bhat,35,Male,South,Hyderabad,Books,Comic Book,7,1017.23,0.04,6835.7856,5245.65,86.02,Debit Card,5,False,Delivered,3
ORD-03256,2023-11-06,CUST28145,Kavya Nair,56,Other,East,Bhubaneswar,Groceries,Flour,10,220.19,0.34,1453.254,111.88,89.4,Emi,5,False,Delivered,9
ORD-00107,2020-02-10,CUST65665,Aarav Reddy,42,Male,North,Chandigarh,Books,Fiction Novel,6,1324.58,0.04,7629.5808,2151.68,32.81,Net Banking,1,False,Delivered,5
ORD-00607,2020-09-28,CUST28390,Nikhil Bose,26,Other,North,Delhi,Beauty,Face Cream,8,2212.58,0.27,12921.4672,8573.91,56.29,Upi,3,False,Delivered,1
ORD-02533,2023-01-04,CUST12043,Vikram Patel,35,Female,West,Mumbai,Beauty,Lipstick,6,2135.86,0.17,10636.5828,5319.35,62.28,Upi,2,False,Delivered,8
ORD-01222,2021-07-06,CUST75358,Ritu Kapoor,48,Female,West,Pune,Groceries,Flour,0,207.03,0.1,0.0,17.95,59.41,Net Banking,3,False,Delivered,3
ORD-03974,2024-09-10,CUST86540,Pooja Singh,38,Female,South,Hyderabad,Clothing,Saree,2,3110.73,0.31,4292.8074,2678.85,48.57,Cash On Delivery,2,False,Delivered,3
ORD-03165,2023-10-01,CUST41533,Sunita Iyer,40,M,East,Guwahati,Clothing,Saree,9,2536.02,0.14,19628.7948,5628.93,110.12,Net Banking,3,False,Delivered,8
ORD-00079,2020-01-29,CUST80503,Sunita Bhat,32,Other,Central,Raipur,Books,Biography,10,1068.22,0.28,7691.184,1959.21,71.19,Net Banking,5,False,Delivered,10
ORD-00032,2020-01-12,CUST11636,Deepa Rao,33,F,South,Chennai,Clothing,Jacket,5,982.12,0.14,4223.116,1479.25,87.03,Debit Card,1,False,Cancelled,6
ORD-02726,2023-03-28,CUST09504,Sunita Kumar,34,Other,West,Mumbai,Groceries,Dal (1Kg),6,66.94,0.24,305.2464,44.13,58.7,Cash On Delivery,2,True,Returned,8
ORD-03946,2024-08-28,CUST42531,Deepa Das,43,M,West,Pune,Furniture,Bookshelf,5,10461.44,0.36,33476.608,9996.02,42.47,Debit Card,3,False,Delivered,8
ORD-02717,2023-03-23,CUST63078,Arjun Mehta,43,Other,North,Delhi,Furniture,Sofa,10,19976.93,0.0,199769.3,74873.4,56.52,Upi,4,False,Delivered,6
ORD-01735,2022-02-09,CUST25514,Nikhil Bhat,49,Male,North,Ludhiana,Electronics,Headphones,6,56561.21,0.28,244344.4272,29151.1,44.91,Emi,3,False,Pending,6
ORD-00390,2020-06-15,CUST27791,Karan Patel,36,Male,West,Ahmedabad,Electronics,Headphones,0,75995.31,0.07,0.0,12634.7,57.66,Net Banking,2,False,Delivered,6
ORD-02136,2022-07-27,CUST11127,Karan Singh,20,Female,East,Kolkata,Furniture,Bed Frame,2,31495.21,0.33,42203.581399999995,24291.07,75.12,Cash On Delivery,2,False,Delivered,2
ORD-00045,2020-01-18,CUST28149,Amit Nair,35,Male,West,Ahmedabad,Beauty,Sunscreen,4,1072.98,0.33,2875.5863999999997,728.67,54.1,Net Banking,2,False,Delivered,8
ORD-01988,2022-05-28,CUST56529,Sunita Bose,29,Other,Central,Bhopal,Sports,Yoga Mat,3,1982.04,0.26,4400.1287999999995,1776.74,74.51,Net Banking,1,True,Returned,2
ORD-01960,2022-05-16,CUST87825,Karan Kumar,35,Female,South,Chennai,Groceries,Tea,4,88.31,0.38,219.0088,28.01,51.4,Emi,3,True,Returned,5
ORD-02327,2022-10-07,CUST19975,Priya Kumar,23,Other,Central,Raipur,Furniture,Chair,8,14019.33,0.14,96452.9904,25883.45,54.76,Cash On Delivery,5,False,Cancelled,4
ORD-03030,2023-08-04,CUST86844,Pooja Iyer,28,Male,Central,Indore,Clothing,Saree,9,3487.12,0.33,21027.333599999998,10643.66,62.57,Cash On Delivery,4,False,Delivered,7
ORD-03531,2024-03-14,CUST79922,Arjun Joshi,25,Other,Central,Raipur,Beauty,Shampoo,7,140.28,0.09,893.5836,498.94,53.41,Debit Card,1,False,Shipped,3
ORD-00708,2020-11-19,CUST56942,Deepa Kumar,40,Other,West,Ahmedabad,Books,Biography,2,1299.05,0.27,1896.6129999999998,514.4,72.21,Net Banking,4,False,Delivered,10
ORD-00811,2021-01-07,CUST59025,Ananya Bose,35,F,West,Pune,Sports,Cricket Bat,9,14339.86,0.04,123896.3904,27378.18,59.88,Cash On Delivery,5,False,Delivered,7
ORD-02632,2023-02-15,CUST24212,Nikhil Joshi,44,Male,Central,Indore,Books,Biography,0,488.16,0.06,0.0,197.75,62.93,Emi,2,False,Delivered,7
ORD-03666,2024-05-13,CUST44030,Aditya Sharma,19,Female,North,Amritsar,Clothing,Dress,1,1396.08,0.02,1368.1583999999998,826.31,32.4,Credit Card,2,False,Delivered,4
ORD-03215,2023-10-22,CUST12249,Vikram Bhat,21,Male,North,Delhi,Sports,Football,7,3704.66,0.33,17374.855399999997,3880.05,61.03,Emi,3,False,Delivered,10
ORD-03132,2023-09-15,CUST70495,Rahul Reddy,40,Other,Central,Bhopal,Books,Self-Help Book,3,662.97,0.22,1551.3498000000002,682.08,60.4,Upi,3,False,Delivered,8
ORD-02586,2023-01-29,CUST42525,Kavya Patel,25,Female,West,Ahmedabad,Beauty,Shampoo,0,633.38,0.04,0.0,306.98,63.48,Emi,4,False,Delivered,7
ORD-04103,2024-11-16,CUST86891,Sanjay Mehta,53,Female,North,Delhi,Sports,Tennis Racket,6,6418.63,0.12,33890.3664,6743.34,60.52,Credit Card,3,False,Delivered,5
ORD-03116,2023-09-08,CUST84463,Arjun Chatterjee,14,Male,Central,Raipur,Groceries,Sugar,2,120.67,0.0,241.34,18.16,59.48,Cash On Delivery,5,False,Delivered,10
ORD-00851,2021-01-23,CUST39419,Aditya Nair,48,Female,South,Kochi,Furniture,Bookshelf,1,6917.97,0.23,5326.8369,1571.77,96.28,Emi,5,False,Delivered,5
ORD-01297,2021-08-08,CUST93424,Aditya Kapoor,33,Male,South,Kochi,Clothing,Dress,9,1576.8,0.31,9791.927999999998,7027.01,63.25,Upi,2,False,Delivered,6
ORD-04065,2024-10-28,CUST38659,Aditya Kapoor,45,Female,East,Patna,Electronics,Camera,1,60978.4,0.18,50002.28800000001,4430.27,89.37,Cash On Delivery,3,False,Delivered,6
ORD-01732,2022-02-08,CUST51801,Shreya Gupta,18,Male,South,Bangalore,Books,Fiction Novel,0,709.64,0.16,0.0,141347.64,82.77,Debit Card,2,True,Returned,2
ORD-00258,2020-04-23,CUST53446,Pooja Patel,25,Male,East,Kolkata,Books,Fiction Novel,8,885.34,0.0,7082.72,4410.62,92.67,Emi,3,False,Delivered,10
ORD-03737,2024-06-17,CUST37666,Ananya Shah,39,Other,West,Pune,Beauty,Perfume,1,1139.19,0.02,1116.4062000000001,958.64,47.9,Emi,2,False,Delivered,6
ORD-03105,2023-09-04,CUST41278,Amit Singh,4,Female,West,Surat,Clothing,T-Shirt,10,3436.98,0.13,29901.726000000002,12821.7,64.09,Net Banking,4,False,Delivered,8
ORD-02816,2023-05-08,CUST17433,Aarav Reddy,32,Female,North,Chandigarh,Furniture,Desk,9,16799.04,0.32,102810.1248,38942.27,38.06,Net Banking,1,True,Returned,6
ORD-01067,2021-04-27,CUST21073,Ananya Gupta,28,Female,Central,Nagpur,Electronics,Headphones,8,55099.88,0.08,405535.1168,62826.35,64.28,Upi,5,False,Cancelled,2
ORD-01706,2022-01-30,CUST04976,Meera Kumar,49,Male,East,Guwahati,Books,Fiction Novel,7,367.79,0.06,2420.0582,811.84,81.31,Cash On Delivery,3,False,Shipped,8
ORD-02419,2022-11-11,CUST71186,Ananya Chatterjee,30,Male,Central,Nagpur,Sports,Cycle,2,9107.15,0.1,16392.87,3305.13,61.84,Cash On Delivery,1,False,Delivered,1
ORD-01646,2022-01-04,CUST16475,Nisha Reddy,37,Male,Central,Nagpur,Beauty,Face Cream,8,2293.23,0.01,18162.3816,7902.58,42.27,Emi,3,False,Delivered,2
ORD-02927,2023-06-20,CUST53444,Nisha Mehta,38,Female,West,Mumbai,Sports,Tennis Racket,10,12849.18,0.17,106648.194,55613.66,50.59,Upi,1,True,Returned,6
ORD-00703,2020-11-15,CUST23905,Vikram Joshi,27,Female,West,Ahmedabad,Beauty,Face Cream,8,577.09,0.31,3185.5368,752.28,44.38,Emi,3,False,Delivered,3
ORD-00719,2020-11-24,CUST77326,Deepa Sharma,41,Female,North,Delhi,Furniture,Wardrobe,5,13802.21,0.01,68320.9395,11156.02,53.42,Net Banking,4,False,Delivered,2
ORD-02689,2023-03-13,CUST30478,Shreya Kapoor,39,Female,West,Ahmedabad,Sports,Dumbbells,5,7209.98,0.1,32444.909999999996,6266.72,101.5,Net Banking,3,False,Delivered,8
ORD-03636,2024-04-30,CUST94587,Vikram Singh,5,Male,South,Chennai,Electronics,Laptop,8,29438.87,0.27,171923.00079999998,17629.48,66.34,Emi,2,False,Delivered,10
ORD-04174,2024-12-19,CUST60428,Deepa Pillai,17,Other,South,Kochi,Furniture,Bed Frame,5,22094.81,0.05,104950.3475,32975.78,89.18,Net Banking,3,False,Delivered,3
ORD-03076,2023-08-21,CUST49954,Shreya Iyer,37,Other,West,Ahmedabad,Sports,Yoga Mat,8,11625.18,0.01,92071.4256,30345.04,35.4,Cash On Delivery,1,True,Returned,10
ORD-02882,2023-06-03,CUST50309,Deepa Joshi,32,Male,Central,Indore,Beauty,Lipstick,6,458.32,0.39,1677.4512,1655.48,66.8,Upi,5,False,Delivered,4
ORD-04023,2024-10-11,CUST25803,Pooja Patel,30,Other,South,Chennai,Electronics,Headphones,9,59350.94,0.39,325836.66059999994,49023.97,67.32,Credit Card,2,False,Pending,3
ORD-03957,2024-09-03,CUST42062,Pooja Joshi,33,Other,Central,Bhopal,Groceries,Flour,3,428.57,0.38,797.1402,97.77,52.97,Emi,4,False,Cancelled,6
ORD-03482,2024-02-22,CUST84959,Pooja Verma,24,Other,Central,Nagpur,Clothing,Saree,8,1195.52,0.0,9564.16,4209.57,36.91,Upi,3,False,Delivered,9
ORD-03460,2024-02-09,CUST25321,Rahul Pillai,32,Other,Central,Indore,Clothing,Kurta,7,1122.22,0.17,6520.098199999999,2557.08,47.28,Cash On Delivery,5,False,Delivered,8
ORD-02189,2022-08-14,CUST72195,Rahul Shah,39,Male,East,Guwahati,Beauty,Lipstick,6,553.63,0.36,2125.9392,684.81,53.3,Debit Card,5,False,Shipped,4
ORD-00231,2020-04-11,CUST27455,Ritu Bose,29,Female,East,Kolkata,Books,Self-Help Book,3,859.03,0.07,2396.6937,1479.26,81.27,Upi,4,False,Delivered,7
ORD-03591,2024-04-10,CUST08962,Vikram Pillai,48,Other,North,Ludhiana,Groceries,Cooking Oil,4,266.5,0.2,852.8000000000001,67.67,73.91,Net Banking,4,True,Returned,8
ORD-00954,2021-03-10,CUST75813,Aditya Singh,21,M,South,Chennai,Furniture,Chair,5,10002.31,0.4,30006.929999999997,7265.89,45.96,Cash On Delivery,1,False,Pending,6
ORD-02240,2022-09-04,CUST70797,Sunita Bhat,20,Female,North,Delhi,Furniture,Sofa,3,18846.39,0.36,36185.0688,11313.95,56.75,Cash On Delivery,5,False,Delivered,4
ORD-03889,2024-08-10,CUST81355,Rahul Singh,25,Male,West,Pune,Clothing,Kurta,3,2244.17,0.28,4847.4072,2388.36,62.4,Credit Card,2,False,Delivered,3
ORD-01543,2021-11-22,CUST69055,Amit Pillai,37,Female,Central,Indore,Clothing,T-Shirt,2,2623.58,0.37,3305.7108,713.47,62.67,Credit Card,1,True,Returned,3
ORD-01216,2021-07-03,CUST87398,Rahul Rao,24,Other,North,Ludhiana,Books,Textbook,7,902.94,0.07,5878.139399999999,4021.37,58.45,Debit Card,4,False,Delivered,4
ORD-02143,2022-07-30,CUST46675,Pooja Rao,12,Male,Central,Bhopal,Electronics,Headphones,10,30900.53,0.18,253384.34600000002,37366.2,64.67,Emi,1,True,Returned,6
ORD-01621,2021-12-26,CUST91294,Karan Kumar,32,Female,South,Bangalore,Books,Self-Help Book,8,1023.77,0.35,5323.604,1605.93,33.93,Credit Card,2,False,Cancelled,4
ORD-04182,2024-12-24,CUST64358,Deepa Chatterjee,38,Other,North,Ludhiana,Groceries,Flour,9,65.35,0.0,588.15,52.12,35.68,Net Banking,5,False,Delivered,6
ORD-00437,2020-07-10,CUST55232,Rahul Nair,4,Male,South,Hyderabad,Beauty,Shampoo,5,1799.48,0.27,6568.102,3429.6,68.34,Upi,3,False,Delivered,2
ORD-01604,2021-12-16,CUST18532,Deepa Kumar,33,Other,South,Kochi,Clothing,Jacket,6,2208.63,0.22,10336.388400000002,2656.63,50.49,Credit Card,3,False,Delivered,1
ORD-00821,2021-01-11,CUST07868,Aarav Pillai,34,Other,North,Chandigarh,Groceries,Flour,4,249.86,0.17,829.5352,50.92,67.97,Credit Card,5,False,Delivered,3
ORD-03794,2024-07-07,CUST94259,Ritu Patel,45,Other,East,Patna,Beauty,Sunscreen,5,1542.35,0.39,4704.1675,2791.48,68.0,Upi,3,False,Delivered,6
ORD-00282,2020-05-05,CUST51993,Ritu Kapoor,53,Other,East,Bhubaneswar,Beauty,Hair Oil,3,842.68,0.35,1643.226,716.54,89.81,Upi,4,False,Delivered,10
ORD-01249,2021-07-17,CUST24069,Vikram Chatterjee,58,Female,North,Ludhiana,Sports,Dumbbells,10,4548.04,0.13,39567.948000000004,14354.18,56.47,Upi,2,False,Delivered,10
ORD-01494,2021-11-02,CUST49312,Shreya Das,34,Other,North,Amritsar,Sports,Cycle,6,4549.08,0.16,22927.3632,2811.21,61.26,Cash On Delivery,2,False,Shipped,9
ORD-03255,2023-11-06,CUST68003,Pooja Nair,38,Other,North,Amritsar,Electronics,Smartphone,7,45852.67,0.17,266404.01269999996,30112.39,26.23,Emi,3,False,Delivered,6
ORD-03287,2023-11-19,CUST45543,Arjun Gupta,5,Male,North,Amritsar,Groceries,Dal (1Kg),1,430.64,0.35,279.916,25.24,54.23,Credit Card,2,False,Delivered,4
ORD-02372,2022-10-22,CUST49286,Shreya Chatterjee,34,Female,Central,Bhopal,Sports,Yoga Mat,6,9589.48,0.15,48906.348,11292.58,25.65,Emi,3,True,Returned,2
ORD-01210,2021-06-30,CUST18457,Rohan Das,35,Female,Central,Raipur,Furniture,Wardrobe,3,21424.67,0.06,60417.56939999999,26411.55,50.15,Debit Card,4,False,Delivered,6
ORD-03956,2024-09-03,CUST78830,Ritu Singh,36,Female,West,Ahmedabad,Furniture,Sofa,10,3353.32,0.24,25485.232000000004,8625.62,64.38,Credit Card,4,False,Delivered,1
ORD-01136,2021-05-27,CUST75145,Nisha Das,29,Female,West,Mumbai,Beauty,Sunscreen,4,801.79,0.15,2726.086,1505.99,60.89,Debit Card,5,False,Delivered,5
ORD-03515,2024-03-08,CUST85880,Aditya Chatterjee,38,Female,Central,Nagpur,Beauty,Lipstick,9,1996.05,0.0,17964.45,12158.15,78.33,Debit Card,4,False,Delivered,9
ORD-00302,2020-05-11,CUST45098,Ritu Singh,34,Female,Central,Nagpur,Electronics,Smartphone,3,7852.34,0.26,17432.1948,1987.72,55.88,Emi,3,False,Delivered,3
ORD-03127,2023-09-11,CUST95818,Meera Nair,37,Other,South,Hyderabad,Electronics,Tablet,2,73717.77,0.14,126794.5644,16844.1,84.06,Credit Card,4,False,Delivered,7
ORD-03245,2023-11-02,CUST51623,Deepa Mehta,57,Male,West,Ahmedabad,Books,Textbook,8,784.92,0.2,5023.488,1812.28,66.51,Net Banking,2,False,Shipped,5
ORD-02263,2022-09-11,CUST80227,Karan Joshi,37,Male,North,Amritsar,Groceries,Dal (1Kg),3,466.4,0.19,1133.3519999999999,83.86,52.43,Emi,5,False,Delivered,10
ORD-02724,2023-03-27,CUST36410,Deepa Rao,37,Male,South,Kochi,Electronics,Laptop,2,35502.95,0.33,47573.952999999994,8566.02,90.85,Credit Card,3,False,Delivered,9
ORD-04027,2024-10-14,CUST22444,Meera Iyer,41,Female,North,Chandigarh,Clothing,Kurta,5,720.42,0.21,2845.659,988.15,51.08,Upi,1,True,Returned,8
ORD-00081,2020-01-29,CUST60867,Deepa Sharma,34,Male,Central,Indore,Electronics,Laptop,9,61637.72,0.29,393865.03079999995,29985.13,20.79,Emi,4,False,Cancelled,5
ORD-00884,2021-02-03,CUST13555,Aarav Kapoor,54,Other,North,Delhi,Furniture,Bed Frame,6,32916.71,0.08,181700.2392,48719.54,48.18,Debit Card,5,False,Delivered,3
ORD-03308,2023-12-01,CUST41593,Sanjay Bose,24,Other,Central,Raipur,Furniture,Chair,10,23621.89,0.03,229132.33299999998,56375.97,73.91,Upi,2,False,Delivered,2
ORD-03542,2024-03-19,CUST99848,Nisha Chatterjee,15,Other,North,Delhi,Books,Fiction Novel,1,886.23,0.09,806.4693000000001,479.18,71.07,Credit Card,2,False,Delivered,2
ORD-00980,2021-03-22,CUST55402,Arjun Patel,43,Female,East,Guwahati,Sports,Yoga Mat,4,9423.81,0.4,22617.143999999997,3961.16,92.67,Emi,5,False,Delivered,1
ORD-02627,2023-02-14,CUST23490,Meera Reddy,29,Male,North,Delhi,Sports,Dumbbells,5,11924.73,0.29,42332.79149999999,7762.52,63.8,Upi,2,False,Delivered,9
ORD-02553,2023-01-12,CUST10304,Pooja Reddy,53,Female,North,Amritsar,Groceries,Tea,1,114.17,0.1,102.753,8.1,44.85,Emi,4,False,Delivered,9
ORD-00216,2020-04-04,CUST86362,Rahul Bose,44,Male,West,Surat,Clothing,Jacket,1,1784.28,0.07,1659.3803999999998,543.72,26.17,Debit Card,3,False,Delivered,10
ORD-03247,2023-11-04,CUST92610,Rahul Chatterjee,36,Other,North,Delhi,Beauty,Perfume,7,2068.81,0.28,10426.8024,3524.81,40.22,Credit Card,2,False,Shipped,5
ORD-00839,2021-01-19,CUST85913,Pooja Pillai,31,Male,South,Chennai,Furniture,Bookshelf,6,2676.31,0.08,14773.231200000002,3229.7,70.15,Net Banking,1,False,Shipped,10
ORD-03985,2024-09-14,CUST56825,Nisha Das,41,Other,South,Hyderabad,Electronics,Camera,1,39155.85,0.34,25842.860999999997,4110.35,83.36,Credit Card,4,True,Returned,9
ORD-01915,2022-04-27,CUST50959,Rahul Kapoor,35,Male,North,Chandigarh,Sports,Dumbbells,8,13974.28,0.21,88317.4496,26988.18,63.87,Upi,4,False,Pending,3
ORD-01687,2022-01-22,CUST88552,Vikram Singh,48,Male,West,Mumbai,Beauty,Face Cream,9,2217.86,0.24,15170.162400000001,6314.77,50.57,Net Banking,3,False,Delivered,3
ORD-01530,2021-11-18,CUST71272,Shreya Verma,10,Female,Central,Indore,Books,Biography,10,585.04,0.23,4504.808,1772.37,44.39,Credit Card,2,False,Delivered,10
ORD-00635,2020-10-11,CUST99442,Priya Singh,15,Male,Central,Raipur,Beauty,Lipstick,5,453.47,0.26,1677.8390000000002,704.58,30.43,Net Banking,1,False,Delivered,6
ORD-03013,2023-07-28,CUST43350,Karan Bose,47,Male,North,Delhi,Books,Fiction Novel,1,657.4,0.0,657.4,432.13,66.82,Upi,5,False,Delivered,8
ORD-03561,2024-03-27,CUST09606,Karan Kapoor,26,Female,West,Pune,Sports,Tennis Racket,1,13730.08,0.33,9199.1536,2595.3,49.66,Upi,2,True,Returned,5
ORD-03475,2024-02-17,CUST36492,Arjun Chatterjee,51,Other,Central,Nagpur,Electronics,Camera,3,18251.7,0.04,52564.896,7183.26,47.7,Emi,3,False,Delivered,10
ORD-03639,2024-04-30,CUST46406,Ananya Das,44,Male,West,Mumbai,Beauty,Shampoo,1,1276.89,0.14,1098.1254000000001,753.07,91.51,Upi,2,False,Delivered,1
ORD-04067,2024-10-29,CUST49069,Ritu Iyer,43,Female,North,Amritsar,Clothing,Jacket,2,899.53,0.23,1385.2762,523.65,68.44,Cash On Delivery,5,False,Shipped,10
ORD-01539,2021-11-20,CUST68441,Aditya Shah,52,Male,South,Hyderabad,Books,Comic Book,2,1067.13,0.35,1387.2690000000002,481.98,91.57,Debit Card,2,False,Delivered,10
ORD-01254,2021-07-19,CUST21375,Aditya Joshi,38,Female,East,Guwahati,Electronics,Camera,10,14508.42,0.2,116067.36000000002,19642.09,83.47,Cash On Delivery,1,False,Delivered,8
ORD-00426,2020-07-08,CUST45896,Shreya Chatterjee,29,Male,Central,Bhopal,Beauty,Sunscreen,9,267.99,0.08,2218.9572,1181.37,39.67,Net Banking,1,False,Cancelled,4
ORD-03000,2023-07-23,CUST14868,Shreya Joshi,32,Other,South,Chennai,Sports,Cycle,7,12914.01,0.22,70510.4946,24152.84,53.5,Emi,4,False,Delivered,7
ORD-04007,2024-09-27,CUST26263,Arjun Singh,34,Male,South,Hyderabad,Books,Self-Help Book,4,1464.19,0.04,5622.4896,3076.89,76.93,Emi,4,False,Delivered,8
ORD-00230,2020-04-10,CUST62810,Meera Kumar,31,Female,North,Delhi,Sports,Football,6,13425.83,0.09,73305.0318,14180.23,54.3,Net Banking,5,False,Delivered,8
ORD-02318,2022-10-04,CUST67509,Vikram Pillai,32,Male,South,Hyderabad,Furniture,Bed Frame,3,18611.53,0.04,53601.206399999995,13887.81,99.49,Debit Card,3,False,Delivered,4
ORD-04055,2024-10-25,CUST17101,Nikhil Bhat,30,Female,South,Kochi,Electronics,Smartwatch,9,7482.02,0.01,66664.7982,9278.45,68.05,Debit Card,3,True,Returned,10
ORD-03090,2023-08-28,CUST80368,Sunita Das,63,Male,Central,Indore,Sports,Dumbbells,8,12368.25,0.22,77177.88,19645.66,21.52,Cash On Delivery,3,False,Delivered,1
ORD-02152,2022-08-02,CUST59332,Nikhil Chatterjee,33,Female,East,Patna,Beauty,Hair Oil,8,1706.51,0.0,13652.08,6411.9,85.58,Cash On Delivery,3,False,Delivered,2
ORD-01327,2021-08-18,CUST26929,Rohan Kapoor,25,Female,East,Guwahati,Books,Textbook,6,729.34,0.04,4200.9983999999995,2786.64,104.25,Net Banking,5,False,Delivered,3
ORD-01206,2021-06-29,CUST64199,Rahul Chatterjee,34,Female,North,Chandigarh,Sports,Dumbbells,7,10917.25,0.27,55787.1475,15066.86,40.78,Cash On Delivery,3,False,Delivered,6
ORD-03569,2024-03-29,CUST54474,Nisha Das,38,Male,South,Kochi,Electronics,Camera,3,12872.17,0.07,35913.3543,5535.12,64.47,Debit Card,2,True,Returned,1
ORD-00877,2021-02-01,CUST26337,Aarav Bhat,32,Male,West,Mumbai,Groceries,Dal (1Kg),1,50.26,0.13,43.7262,1.56,76.23,Debit Card,1,False,Delivered,7
ORD-00475,2020-07-28,CUST88974,Arjun Reddy,48,Other,East,Patna,Clothing,Saree,6,3799.36,0.28,16413.2352,5911.72,88.51,Net Banking,3,False,Shipped,5
ORD-01480,2021-10-26,CUST85847,Ananya Das,47,Male,North,Ludhiana,Clothing,Jacket,7,1774.08,0.21,9810.6624,3210.86,46.79,Net Banking,1,False,Delivered,3
ORD-01053,2021-04-21,CUST27057,Arjun Pillai,58,Other,West,Mumbai,Furniture,Wardrobe,3,10104.68,0.39,18491.5644,6667.44,61.07,Net Banking,5,True,Returned,10
ORD-00570,2020-09-10,CUST24704,Kavya Iyer,47,Other,South,Chennai,Sports,Cricket Bat,1,13770.41,0.07,12806.4813,2621.88,56.12,Upi,1,False,Cancelled,7
ORD-00106,2020-02-10,CUST55820,Deepa Reddy,24,Other,West,Pune,Books,Comic Book,1,747.6,0.35,485.94000000000005,188.11,49.6,Debit Card,1,False,Delivered,9
ORD-03436,2024-01-29,CUST95683,Nikhil Kapoor,42,Other,North,Amritsar,Electronics,Laptop,1,74101.95,0.38,45943.208999999995,5536.43,47.69,Emi,3,False,Pending,7
ORD-00254,2020-04-22,CUST17284,Nikhil Bhat,44,Other,West,Surat,Groceries,Rice (5Kg),4,270.71,0.07,1007.0411999999999,117.56,77.76,Net Banking,2,False,Shipped,3
ORD-01972,2022-05-21,CUST38989,Shreya Pillai,47,Female,West,Pune,Groceries,Rice (5Kg),2,209.57,0.4,251.48399999999998,24.52,47.01,Emi,3,False,Delivered,8
ORD-01423,2021-10-03,CUST36676,Aditya Kapoor,35,Male,North,Ludhiana,Groceries,Dal (1Kg),6,204.17,0.32,833.0135999999999,59.99,27.12,Debit Card,4,False,Delivered,1
ORD-01287,2021-08-03,CUST98013,Shreya Bose,52,Male,Central,Indore,Beauty,Lipstick,2,725.19,0.38,899.2356000000001,607.3,27.53,Upi,2,False,Shipped,10
ORD-02196,2022-08-15,CUST89124,Ananya Sharma,18,Other,North,Amritsar,Beauty,Sunscreen,1,1639.28,0.06,1540.9232,1129.16,33.72,Credit Card,5,False,Delivered,7
ORD-03148,2023-09-27,CUST35235,Meera Shah,39,Female,West,Surat,Sports,Cricket Bat,0,5613.08,0.01,0.0,1789.36,81.58,Upi,2,False,Cancelled,3
ORD-01764,2022-02-19,CUST85243,Meera Mehta,34,Male,North,Delhi,Groceries,Tea,10,459.8,0.32,3126.64,314.0,45.01,Upi,1,False,Delivered,6
ORD-02436,2022-11-22,CUST21059,Sanjay Gupta,31,Other,South,Bangalore,Groceries,Flour,9,51.92,0.31,322.4232,26.11,58.05,Debit Card,2,False,Delivered,8
ORD-01313,2021-08-13,CUST70748,Ananya Kumar,46,Male,Central,Bhopal,Electronics,Laptop,10,25085.8,0.25,188143.5,24463.52,67.24,Upi,3,False,Pending,4
ORD-03681,2024-05-17,CUST54460,Karan Mishra,35,Other,South,Bangalore,Clothing,Jacket,2,2532.85,0.05,4812.415,2112.78,67.93,Upi,5,False,Delivered,2
ORD-03671,2024-05-14,CUST25446,Meera Joshi,40,Other,North,Amritsar,Beauty,Perfume,9,1744.29,0.18,12872.860200000001,8141.08,64.2,Debit Card,5,False,Cancelled,4
ORD-02673,2023-03-02,CUST85212,Ananya Bhat,36,Female,South,Kochi,Furniture,Chair,7,4557.27,0.2,25520.712000000003,9092.43,65.62,Upi,3,False,Delivered,10
ORD-02405,2022-11-05,CUST00698,Nikhil Joshi,46,Female,Central,Raipur,Beauty,Face Cream,10,1470.73,0.21,11618.767,5328.61,34.42,Upi,5,False,Delivered,8
ORD-00391,2020-06-15,CUST29649,Rahul Kapoor,42,Female,Central,Bhopal,Sports,Yoga Mat,3,13341.26,0.15,34020.212999999996,11505.37,59.51,Net Banking,5,False,Delivered,1
ORD-02449,2022-11-28,CUST58842,Aarav Iyer,16,Male,West,Ahmedabad,Electronics,Smartwatch,4,78431.71,0.06,294903.2296,29588.2,70.58,Upi,1,False,Shipped,10
ORD-03813,2024-07-17,CUST58830,Rahul Reddy,18,Other,South,Hyderabad,Sports,Tennis Racket,0,2795.92,0.32,0.0,697.8,71.72,Cash On Delivery,2,False,Delivered,7
ORD-03835,2024-07-25,CUST19222,Nikhil Reddy,59,Other,Central,Indore,Beauty,Sunscreen,4,575.06,0.02,2254.2351999999996,1608.33,74.42,Debit Card,2,False,Cancelled,7
ORD-00007,2020-01-02,CUST36722,Pooja Nair,40,Male,West,Mumbai,Clothing,Saree,8,3870.61,0.06,29106.9872,9142.0,72.61,Net Banking,1,True,Returned,2
ORD-02298,2022-09-24,CUST36266,Ritu Verma,31,Other,East,Guwahati,Sports,Yoga Mat,10,4545.91,0.01,45004.509,13195.84,71.77,Emi,3,False,Delivered,9
ORD-03553,2024-03-23,CUST14583,Arjun Joshi,38,Female,West,Mumbai,Electronics,Tablet,2,50847.56,0.29,72203.5352,11766.04,62.35,Debit Card,5,False,Delivered,3
ORD-00661,2020-10-27,CUST14505,Vikram Chatterjee,15,Male,West,Surat,Beauty,Shampoo,3,1818.6,0.34,3600.827999999999,1203.53,54.2,Net Banking,5,False,Delivered,8
ORD-03950,2024-08-31,CUST58511,Ananya Pillai,59,Female,Central,Indore,Furniture,Wardrobe,10,4875.22,0.39,29738.842,15655.19,54.49,Upi,1,False,Delivered,10
ORD-02353,2022-10-13,CUST90384,Arjun Verma,36,Female,Central,Nagpur,Furniture,Wardrobe,2,24650.72,0.23,37962.1088,8642.75,35.1,Debit Card,5,False,Delivered,2
ORD-00185,2020-03-23,CUST40829,Nikhil Bhat,37,F,Central,Nagpur,Sports,Football,8,7246.65,0.34,38262.31199999999,7525.66,68.12,Net Banking,2,True,Returned,1
ORD-02549,2023-01-12,CUST27551,Deepa Chatterjee,48,Female,South,Bangalore,Sports,Cycle,4,13669.75,0.17,45383.57,8792.51,72.71,Net Banking,3,True,Returned,10
ORD-02351,2022-10-13,CUST84589,Ritu Joshi,55,Other,Central,Bhopal,Electronics,Tablet,10,13324.53,0.06,125250.58200000001,14023.48,55.67,Upi,5,False,Delivered,4
ORD-01202,2021-06-26,CUST40333,Sunita Verma,39,Female,East,Patna,Electronics,Smartwatch,9,72194.4,0.15,552287.1599999999,113907.22,83.94,Credit Card,3,False,Delivered,5
ORD-03380,2024-01-02,CUST31806,Sanjay Bose,35,Other,East,Kolkata,Electronics,Smartphone,2,12932.65,0.1,23278.77,2257.37,92.17,Emi,3,True,Returned,2
ORD-00274,2020-05-01,CUST60735,Aditya Reddy,35,Male,West,Surat,Clothing,Kurta,4,729.42,0.07,2713.4423999999995,1162.92,76.61,Emi,4,False,Delivered,3
ORD-01689,2022-01-23,CUST51141,Kavya Verma,28,Female,West,Mumbai,Furniture,Wardrobe,4,9575.92,0.13,33324.2016,8465.15,71.9,Upi,1,False,Delivered,5
ORD-01424,2021-10-03,CUST12417,Sanjay Kumar,54,Other,Central,Bhopal,Clothing,Dress,2,3491.48,0.16,5865.6864,1061.09,82.05,Debit Card,2,False,Delivered,9
ORD-02753,2023-04-06,CUST30170,Vikram Iyer,47,Other,North,Chandigarh,Furniture,Bookshelf,7,10705.21,0.35,48708.705500000004,14354.3,39.52,Upi,3,False,Delivered,6
ORD-02165,2022-08-06,CUST76665,Meera Kumar,41,Other,South,Kochi,Clothing,T-Shirt,3,3296.83,0.21,7813.4871,3249.52,63.52,Cash On Delivery,3,False,Pending,8
ORD-01284,2021-08-01,CUST80616,Nisha Gupta,50,Other,South,Hyderabad,Sports,Cricket Bat,9,10928.77,0.26,72785.6082,13807.62,73.25,Emi,3,False,Delivered,2
ORD-02416,2022-11-09,CUST19301,Sanjay Shah,35,M,East,Patna,Sports,Tennis Racket,1,11954.34,0.15,10161.189,2396.12,82.67,Net Banking,5,False,Delivered,6
ORD-01768,2022-02-22,CUST56693,Amit Bhat,50,Male,Central,Indore,Clothing,T-Shirt,7,3304.59,0.12,20356.274400000002,8409.65,54.71,Debit Card,2,False,Delivered,9
ORD-02936,2023-06-28,CUST18941,Ananya Mishra,30,Female,South,Chennai,Groceries,Cooking Oil,9,452.13,0.25,3051.8775,248.08,97.53,Debit Card,1,True,Returned,9
ORD-03817,2024-07-19,CUST73190,Ananya Rao,55,Male,West,Mumbai,Electronics,Tablet,3,56831.24,0.19,138099.9132,35537.62,65.07,Net Banking,1,False,Delivered,6
ORD-00828,2021-01-14,CUST36600,Karan Iyer,16,Male,South,Kochi,Groceries,Sugar,6,322.95,0.32,1317.6359999999997,97.61,72.44,Credit Card,2,False,Delivered,6
ORD-02169,2022-08-09,CUST26086,Aarav Verma,45,Male,West,Ahmedabad,Clothing,Jeans,3,3376.07,0.07,9419.2353,5495.51,69.6,Emi,5,False,Delivered,3
ORD-02309,2022-09-30,CUST06929,Priya Verma,24,Other,Central,Raipur,Furniture,Desk,3,34037.07,0.1,91900.08899999999,26885.75,49.16,Upi,2,False,Delivered,8
ORD-00981,2021-03-22,CUST13256,Pooja Kumar,30,Male,Central,Indore,Sports,Cricket Bat,1,12561.13,0.13,10928.183099999998,2498.78,68.19,Debit Card,3,False,Delivered,7
ORD-03778,2024-07-02,CUST84717,Amit Reddy,25,Other,South,Hyderabad,Furniture,Sofa,4,28275.08,0.24,85956.24320000001,53042.72,97.32,Cash On Delivery,2,False,Delivered,2
ORD-04186,2024-12-25,CUST56795,Meera Das,26,Other,North,Amritsar,Sports,Tennis Racket,1,5533.14,0.17,4592.5062,628.33,62.44,Emi,4,False,Cancelled,6
ORD-02967,2023-07-08,CUST52334,Nisha Patel,33,Male,South,Hyderabad,Electronics,Camera,2,56614.17,0.28,81524.40479999999,23219.18,57.08,Credit Card,1,False,Cancelled,10
ORD-02790,2023-04-22,CUST65266,Arjun Mishra,54,Female,West,Mumbai,Clothing,T-Shirt,8,567.17,0.08,4174.3712,1397.16,86.75,Upi,4,False,Shipped,9
ORD-00721,2020-11-25,CUST21865,Deepa Patel,38,Female,Central,Indore,Clothing,T-Shirt,3,388.2,0.11,1036.494,291.01,45.27,Upi,4,False,Delivered,10
ORD-00469,2020-07-26,CUST18174,Meera Reddy,36,Male,North,Amritsar,Groceries,Sugar,7,118.71,0.24,631.5372,48.6,62.14,Upi,5,False,Delivered,1
ORD-01859,2022-04-01,CUST93119,Nisha Joshi,46,Female,West,Ahmedabad,Groceries,Cooking Oil,4,330.31,0.23,1017.3548000000001,143.62,54.53,Upi,2,False,Delivered,9
ORD-02093,2022-07-09,CUST94639,Arjun Singh,33,Male,Central,Raipur,Groceries,Sugar,8,369.94,0.26,2190.0448,224.86,71.66,Emi,2,False,Delivered,5
ORD-01778,2022-02-28,CUST75473,Nisha Kapoor,41,Other,East,Patna,Books,Textbook,8,1067.22,0.26,6317.9424,2138.94,104.44,Debit Card,4,False,Cancelled,4
ORD-03046,2023-08-10,CUST98613,Sanjay Mehta,23,Male,East,Guwahati,Furniture,Desk,7,15156.04,0.15,90178.438,33669.82,85.32,Debit Card,5,False,Delivered,5
ORD-03705,2024-05-28,CUST12809,Ritu Reddy,17,Male,North,Delhi,Beauty,Perfume,6,1898.74,0.34,7519.010399999999,5251.12,29.46,Credit Card,3,False,Delivered,10
ORD-01987,2022-05-28,CUST54169,Meera Pillai,23,Male,West,Mumbai,Electronics,Headphones,6,5871.14,0.18,28886.008800000007,4755.5,68.01,Debit Card,2,False,Delivered,5
ORD-00235,2020-04-12,CUST75902,Kavya Das,1,Female,South,Hyderabad,Furniture,Sofa,9,5556.57,0.0,50009.13,17305.03,66.44,Credit Card,4,False,Delivered,10
ORD-01405,2021-09-25,CUST15111,Sunita Patel,43,Other,Central,Bhopal,Clothing,Dress,10,3186.14,0.28,22940.208,6072.78,50.45,Upi,1,False,Cancelled,9
ORD-03850,2024-07-29,CUST65624,Arjun Das,38,Female,East,Patna,Sports,Yoga Mat,3,6269.53,0.24,14294.528400000001,4768.11,85.33,Net Banking,4,False,Delivered,9
ORD-00199,2020-03-29,CUST55694,Aarav Bhat,39,Female,North,Chandigarh,Sports,Dumbbells,2,2591.38,0.13,4509.001200000001,758.43,65.22,Debit Card,3,False,Delivered,6
ORD-03865,2024-08-05,CUST15771,Ananya Sharma,30,Male,North,Amritsar,Clothing,Jacket,8,621.6,0.38,3083.136,1949.33,65.22,Debit Card,5,False,Delivered,3
ORD-02095,2022-07-10,CUST53657,Meera Nair,0,Other,West,Surat,Electronics,Smartphone,1,48337.97,0.32,32869.819599999995,5471.73,70.75,Cash On Delivery,3,False,Cancelled,2
ORD-01643,2022-01-01,CUST47779,Vikram Iyer,16,Other,East,Guwahati,Clothing,Jacket,2,2623.07,0.38,3252.6068,1450.69,53.01,Emi,2,False,Delivered,5
ORD-03810,2024-07-14,CUST08609,Arjun Rao,23,Female,West,Mumbai,Electronics,Smartphone,10,57591.46,0.13,501045.702,88464.11,76.68,Emi,2,True,Returned,6
ORD-00775,2020-12-18,CUST05760,Deepa Verma,34,Other,North,Chandigarh,Books,Textbook,3,446.15,0.33,896.7614999999997,239.69,53.12,Debit Card,3,False,Shipped,3
ORD-01098,2021-05-11,CUST73609,Nisha Das,38,Other,Central,Bhopal,Electronics,Tablet,3,54861.77,0.25,123438.9825,19461.73,30.94,Cash On Delivery,5,False,Cancelled,2
ORD-02186,2022-08-14,CUST37457,Pooja Singh,35,Other,Central,Raipur,Beauty,Sunscreen,1,2306.84,0.07,2145.3612,1403.38,57.67,Credit Card,5,False,Delivered,10
ORD-02455,2022-11-30,CUST78730,Ananya Shah,30,Male,North,Delhi,Beauty,Perfume,9,489.2,0.11,3918.492,1799.02,53.71,Emi,5,False,Delivered,1
ORD-01364,2021-09-05,CUST64778,Nisha Bose,26,Female,North,Delhi,Groceries,Dal (1Kg),1,110.62,0.3,77.434,6.99,52.75,Emi,3,True,Returned,9
ORD-00694,2020-11-10,CUST85469,Pooja Bose,40,Other,Central,Bhopal,Sports,Dumbbells,3,1501.94,0.1,4055.238,579.92,43.07,Net Banking,4,False,Delivered,5
ORD-03055,2023-08-14,CUST44516,Ananya Iyer,30,Male,East,Guwahati,Groceries,Rice (5Kg),1,228.52,0.09,207.9532,24.8,61.3,Cash On Delivery,1,False,Delivered,6
ORD-00043,2020-01-17,CUST34094,Ananya Pillai,34,Other,East,Guwahati,Furniture,Chair,9,20878.86,0.0,187909.74,46428.4,74.6,Credit Card,2,False,Cancelled,4
ORD-03051,2023-08-12,CUST77025,Pooja Chatterjee,18,Female,West,Mumbai,Sports,Football,9,10111.78,0.32,61884.0936,20724.63,28.35,Credit Card,4,True,Returned,1
ORD-01095,2021-05-08,CUST71557,Nikhil Sharma,17,Other,Central,Bhopal,Beauty,Hair Oil,1,860.28,0.25,645.21,407.45,84.23,Debit Card,2,False,Delivered,9
ORD-01448,2021-10-17,CUST01241,Ritu Singh,21,Male,South,Hyderabad,Electronics,Smartwatch,7,71550.38,0.26,370630.9684,28214.57,95.86,Debit Card,3,False,Shipped,8
ORD-03120,2023-09-09,CUST93065,Rohan Bhat,42,Female,Central,Bhopal,Books,Textbook,8,919.94,0.39,4489.3072,2359.89,74.61,Credit Card,3,False,Shipped,9
ORD-00249,2020-04-20,CUST09291,Arjun Mehta,46,F,West,Mumbai,Books,Biography,6,877.7,0.34,3475.692,1107.53,53.93,Credit Card,4,False,Cancelled,1
ORD-00709,2020-11-19,CUST65141,Pooja Patel,9,Female,North,Amritsar,Clothing,Kurta,7,1944.27,0.09,12384.9999,3099.18,41.07,Emi,4,True,Returned,9
ORD-01180,2021-06-14,CUST50029,Aditya Nair,47,Male,East,Kolkata,Sports,Yoga Mat,10,11322.84,0.32,76995.31199999999,16342.96,65.25,Net Banking,5,False,Delivered,8
ORD-03451,2024-02-05,CUST41962,Meera Verma,25,Other,West,Ahmedabad,Electronics,Headphones,6,29123.87,0.27,127562.5506,18816.93,65.28,Credit Card,1,True,Returned,3
ORD-01450,2021-10-18,CUST04445,Rahul Shah,55,Other,North,Amritsar,Beauty,Shampoo,8,2387.85,0.03,18529.716,9892.56,51.89,Cash On Delivery,4,False,Cancelled,1
ORD-03628,2024-04-26,CUST29710,Aarav Mehta,30,Male,North,Chandigarh,Furniture,Desk,7,3546.07,0.36,15886.393600000001,7503.38,51.04,Debit Card,4,False,Delivered,9
ORD-02448,2022-11-28,CUST48568,Priya Chatterjee,37,Other,South,Hyderabad,Books,Biography,1,1315.36,0.14,1131.2096,365.81,67.33,Cash On Delivery,4,True,Returned,2
ORD-00224,2020-04-07,CUST28783,Rahul Rao,25,Female,West,Ahmedabad,Groceries,Cooking Oil,2,62.44,0.3,87.416,8.37,56.9,Credit Card,5,True,Returned,7
ORD-03193,2023-10-14,CUST32406,Deepa Singh,34,Other,West,Pune,Beauty,Perfume,7,2256.81,0.2,12638.136,8944.51,59.68,Upi,4,False,Delivered,10
ORD-00690,2020-11-08,CUST28753,Priya Verma,34,Other,West,Ahmedabad,Sports,Cycle,4,12892.31,0.01,51053.5476,7568.86,62.34,Upi,3,False,Delivered,3
ORD-00665,2020-10-28,CUST66018,Aditya Joshi,29,Female,North,Amritsar,Groceries,Cooking Oil,8,421.35,0.33,2258.4359999999997,143.5,62.73,Upi,1,True,Returned,7
ORD-03860,2024-08-04,CUST32006,Priya Bose,16,Male,North,Chandigarh,Groceries,Dal (1Kg),5,390.62,0.13,1699.197,149.41,72.2,Upi,5,False,Delivered,5
ORD-01877,2022-04-07,CUST48958,Ritu Sharma,39,Male,South,Bangalore,Books,Fiction Novel,1,801.96,0.04,769.8816,461.7,65.93,Cash On Delivery,5,False,Delivered,2
ORD-03189,2023-10-11,CUST05334,Shreya Joshi,31,Male,North,Ludhiana,Books,Biography,9,991.57,0.36,5711.443200000001,2354.05,85.05,Debit Card,1,False,Delivered,4
ORD-01437,2021-10-09,CUST07360,Meera Kapoor,34,Other,West,Pune,Books,Biography,10,1010.53,0.01,10004.247,4504.03,38.09,Credit Card,3,False,Pending,1
ORD-03003,2023-07-24,CUST08739,Meera Kapoor,34,Other,South,Chennai,Electronics,Headphones,10,76450.07,0.02,749210.6860000001,198109.98,72.05,Net Banking,2,False,Delivered,3
ORD-03345,2023-12-18,CUST37057,Kavya Kapoor,53,Female,North,Amritsar,Electronics,Headphones,1,23254.63,0.01,23022.0837,2165.17,35.38,Debit Card,5,False,Delivered,7
ORD-04129,2024-11-30,CUST74208,Kavya Bose,12,Male,North,Delhi,Electronics,Laptop,2,20309.39,0.15,34525.962999999996,3438.98,38.43,Debit Card,2,False,Delivered,4
ORD-03173,2023-10-04,CUST89046,Shreya Mishra,44,Female,West,Pune,Sports,Football,4,12573.57,0.38,31182.4536,8492.72,47.0,Credit Card,3,False,Delivered,4
ORD-00429,2020-07-08,CUST64265,Ritu Iyer,43,Other,North,Chandigarh,Beauty,Hair Oil,10,353.1,0.0,3531.0,2002.38,60.45,Debit Card,2,False,Delivered,8
ORD-03332,2023-12-12,CUST93234,Aditya Patel,20,Female,Central,Bhopal,Electronics,Laptop,9,19431.42,0.0,174882.77999999997,17340.49,58.66,Upi,2,False,Shipped,9
ORD-02074,2022-07-04,CUST45847,Ananya Bose,53,Other,East,Guwahati,Groceries,Cooking Oil,1,365.27,0.16,306.8268,27.14,70.65,Net Banking,4,False,Cancelled,2
ORD-02787,2023-04-21,CUST78026,Amit Nair,31,Female,Central,Raipur,Electronics,Tablet,3,57936.22,0.01,172070.5734,40002.8,70.99,Net Banking,1,True,Returned,6
ORD-02623,2023-02-12,CUST26102,Vikram Rao,24,F,West,Surat,Groceries,Rice (5Kg),9,278.27,0.36,1602.8352,147.02,66.79,Upi,4,True,Returned,3
ORD-02140,2022-07-28,CUST21643,Shreya Mehta,26,Female,North,Amritsar,Books,Fiction Novel,6,868.63,0.18,4273.6596,3070.0,44.25,Net Banking,4,False,Shipped,7
ORD-01017,2021-04-04,CUST14507,Meera Mishra,39,Female,East,Patna,Books,Self-Help Book,2,742.65,0.39,906.0329999999999,548.78,71.69,Upi,4,False,Delivered,7
ORD-01728,2022-02-08,CUST08152,Arjun Pillai,14,Female,East,Kolkata,Beauty,Sunscreen,5,2361.07,0.36,7555.424,2671.52,102.42,Credit Card,4,False,Delivered,1
ORD-02277,2022-09-16,CUST41635,Priya Pillai,22,Female,North,Amritsar,Electronics,Laptop,4,63972.59,0.28,184241.0592,16914.36,37.35,Upi,1,False,Cancelled,7
ORD-03550,2024-03-22,CUST71158,Ananya Bose,10,Other,North,Amritsar,Books,Textbook,4,306.02,0.39,746.6887999999999,419.1,74.93,Debit Card,3,False,Delivered,9
ORD-02675,2023-03-02,CUST02795,Karan Mehta,36,Other,South,Bangalore,Groceries,Cooking Oil,9,57.61,0.29,368.1279,35.51,88.76,Emi,1,False,Delivered,4
ORD-01124,2021-05-23,CUST87218,Vikram Patel,34,Other,Central,Indore,Furniture,Desk,1,21498.18,0.38,13328.8716,4432.74,52.5,Debit Card,1,False,Cancelled,1
ORD-02920,2023-06-16,CUST13418,Aarav Pillai,26,Other,South,Kochi,Books,Self-Help Book,6,254.61,0.35,992.979,563.7,74.55,Upi,4,False,Cancelled,7
ORD-03057,2023-08-16,CUST99865,Nikhil Reddy,23,Other,East,Patna,Electronics,Laptop,10,67990.05,0.1,611910.4500000001,103582.22,91.72,Upi,3,False,Delivered,8
ORD-00598,2020-09-24,CUST89742,Vikram Sharma,29,Female,East,Guwahati,Books,Biography,4,1449.53,0.39,3536.8532,1101.47,58.44,Upi,3,False,Delivered,7
ORD-01726,2022-02-07,CUST66954,Kavya Singh,28,Female,East,Kolkata,Furniture,Bed Frame,3,22715.24,0.26,50427.832800000004,14935.41,83.56,Upi,4,False,Delivered,8
ORD-03498,2024-02-29,CUST03536,Karan Das,55,Male,West,Pune,Beauty,Face Cream,1,356.08,0.16,299.1072,113.23,49.34,Upi,3,False,Delivered,8
ORD-00588,2020-09-19,CUST24071,Pooja Joshi,40,Male,West,Ahmedabad,Beauty,Shampoo,3,2164.72,0.31,4480.970399999999,2019.53,42.56,Cash On Delivery,1,False,Shipped,7
ORD-00667,2020-10-29,CUST93755,Amit Nair,47,Female,South,Kochi,Beauty,Shampoo,8,155.44,0.23,957.5104,419.32,56.84,Debit Card,4,False,Delivered,7
ORD-00018,2020-01-07,CUST36404,Pooja Iyer,13,Other,West,Pune,Electronics,Laptop,9,77654.78,0.22,545136.5556000001,51058.62,52.7,Credit Card,2,False,Cancelled,10
ORD-02708,2023-03-20,CUST34073,Amit Sharma,27,Male,South,Chennai,Books,Textbook,3,435.38,0.27,953.4821999999999,374.01,46.53,Net Banking,1,False,Delivered,10
ORD-01956,2022-05-15,CUST35857,Nisha Patel,48,Other,East,Kolkata,Beauty,Face Cream,2,722.06,0.2,1155.296,471.88,87.98,Net Banking,5,False,Shipped,3
ORD-01255,2021-07-19,CUST86441,Kavya Patel,36,Male,North,Amritsar,Electronics,Smartphone,1,60275.27,0.06,56658.75379999999,8194.66,64.8,Net Banking,4,False,Pending,1
ORD-03575,2024-04-02,CUST61605,Kavya Reddy,46,Female,East,Guwahati,Sports,Yoga Mat,7,13076.37,0.06,86042.51460000001,34072.35,89.88,Credit Card,5,False,Delivered,8
ORD-03837,2024-07-26,CUST54910,Rahul Bhat,29,Female,East,Patna,Sports,Tennis Racket,1,14799.57,0.31,10211.7033,2577.83,93.94,Net Banking,1,False,Cancelled,4
ORD-02205,2022-08-19,CUST91054,Shreya Chatterjee,14,Other,North,Ludhiana,Beauty,Face Cream,4,894.71,0.06,3364.1096,2107.23,40.06,Debit Card,1,True,Returned,3
ORD-01498,2021-11-03,CUST49593,Arjun Kapoor,29,Male,North,Delhi,Beauty,Hair Oil,1,1351.86,0.02,1324.8228,308.39,59.52,Credit Card,4,False,Delivered,8
ORD-01344,2021-08-27,CUST50875,Aditya Sharma,24,Male,West,Surat,Sports,Tennis Racket,3,13785.98,0.06,38876.4636,9994.78,77.7,Cash On Delivery,5,False,Delivered,8
ORD-01770,2022-02-23,CUST16064,Ananya Pillai,53,Other,West,Surat,Furniture,Bookshelf,2,26063.7,0.01,51606.126000000004,15320.6,52.28,Cash On Delivery,3,False,Delivered,2
ORD-02414,2022-11-09,CUST28757,Meera Kapoor,43,Other,Central,Bhopal,Books,Textbook,6,1444.95,0.19,7022.457000000001,2352.2,58.8,Upi,3,False,Delivered,4
ORD-00646,2020-10-15,CUST29116,Shreya Gupta,30,Male,East,Guwahati,Sports,Football,7,14669.86,0.03,99608.3494,19639.12,61.0,Emi,5,False,Delivered,2
ORD-00457,2020-07-20,CUST62741,Meera Pillai,39,M,West,Pune,Books,Comic Book,6,214.61,0.1,1158.894,803.75,59.79,Net Banking,1,True,Returned,5
ORD-02034,2022-06-15,CUST52824,Sanjay Rao,45,Male,East,Bhubaneswar,Clothing,Kurta,3,3907.45,0.07,10901.785499999998,7720.27,94.28,Emi,4,False,Delivered,5
ORD-01319,2021-08-15,CUST97277,Pooja Pillai,31,Other,East,Guwahati,Groceries,Sugar,1,446.2,0.12,392.656,36.33,85.34,Cash On Delivery,4,False,Delivered,7
ORD-03381,2024-01-02,CUST00337,Aditya Mishra,44,Other,South,Kochi,Sports,Cycle,2,2101.38,0.37,2647.7388,543.2,90.14,Credit Card,1,True,Returned,6
ORD-00813,2021-01-08,CUST99023,Nikhil Nair,29,Female,North,Amritsar,Furniture,Bookshelf,3,6110.59,0.37,11549.0151,2197.3,23.22,Net Banking,3,False,Delivered,9
ORD-00309,2020-05-14,CUST17538,Amit Verma,27,Female,North,Delhi,Books,Textbook,1,255.93,0.37,161.23590000000002,73.83,46.7,Cash On Delivery,5,False,Cancelled,10
ORD-01007,2021-04-01,CUST38810,Pooja Patel,9,Male,North,Amritsar,Beauty,Perfume,5,1211.87,0.13,5271.634499999999,3005.89,58.29,Cash On Delivery,4,False,Delivered,2
ORD-03273,2023-11-15,CUST10941,Karan Shah,38,Female,North,Delhi,Furniture,Wardrobe,5,10929.41,0.11,48635.874500000005,13560.07,34.1,Upi,4,False,Cancelled,10
ORD-04066,2024-10-28,CUST43387,Rahul Das,19,Female,East,Guwahati,Beauty,Hair Oil,4,2333.0,0.37,5879.16,1874.65,119.62,Credit Card,3,False,Delivered,3
ORD-04013,2024-09-30,CUST80488,Ananya Chatterjee,18,Male,South,Hyderabad,Groceries,Rice (5Kg),4,497.25,0.32,1352.52,168.64,81.5,Credit Card,1,False,Pending,3
ORD-01218,2021-07-04,CUST69231,Pooja Bose,40,Male,North,Amritsar,Beauty,Perfume,2,2060.77,0.24,3132.3704,1268.67,69.45,Emi,2,False,Delivered,2
ORD-03199,2023-10-16,CUST93632,Rohan Bose,61,Female,West,Pune,Beauty,Shampoo,8,1354.9,0.31,7479.048,4918.95,41.01,Upi,3,False,Delivered,1
ORD-03446,2024-02-03,CUST54039,Vikram Shah,48,Male,North,Ludhiana,Furniture,Desk,7,34101.69,0.16,200517.93720000001,50413.18,63.76,Credit Card,1,False,Delivered,5
ORD-04162,2024-12-11,CUST14967,Kavya Kumar,15,Other,North,Delhi,Groceries,Sugar,10,273.14,0.28,1966.6079999999997,100.08,54.94,Emi,4,False,Delivered,5
ORD-01886,2022-04-12,CUST07676,Pooja Sharma,39,Other,West,Pune,Sports,Dumbbells,3,3135.03,0.09,8558.6319,2694.43,82.19,Debit Card,1,True,Returned,3
ORD-03026,2023-08-04,CUST65223,Karan Bose,52,Male,West,Mumbai,Clothing,Jacket,5,1505.76,0.17,6248.9039999999995,3763.52,52.62,Cash On Delivery,3,False,Pending,6
ORD-02957,2023-07-04,CUST77083,Priya Chatterjee,60,Female,East,Patna,Groceries,Tea,9,462.67,0.04,3997.4687999999996,574.64,60.51,Debit Card,2,False,Delivered,8
ORD-01238,2021-07-12,CUST00512,Karan Pillai,31,Other,Central,Raipur,Sports,Football,4,10424.37,0.04,40029.5808,13787.38,52.02,Upi,3,False,Delivered,1
ORD-01226,2021-07-07,CUST93943,Aditya Kumar,51,Female,West,Mumbai,Furniture,Desk,3,7678.25,0.06,21652.664999999997,9162.54,49.32,Credit Card,3,False,Pending,4
ORD-00920,2021-02-21,CUST85930,Pooja Shah,33,Other,East,Guwahati,Clothing,Dress,1,1520.56,0.38,942.7471999999999,372.68,82.69,Cash On Delivery,3,True,Returned,8
ORD-01929,2022-05-02,CUST34607,Amit Das,15,Other,East,Guwahati,Furniture,Bed Frame,3,20759.26,0.28,44840.001599999996,13716.94,81.77,Net Banking,3,False,Delivered,10
ORD-01619,2021-12-25,CUST88221,Sunita Verma,36,Other,North,Chandigarh,Groceries,Dal (1Kg),3,113.16,0.0,339.48,19.47,50.52,Cash On Delivery,3,False,Delivered,3
ORD-00085,2020-02-03,CUST18248,Ananya Mehta,48,Other,East,Patna,Sports,Football,2,4104.31,0.08,7551.930400000001,1384.77,72.46,Emi,1,False,Delivered,6
ORD-02824,2023-05-12,CUST94776,Ananya Mishra,41,Other,North,Delhi,Clothing,Jacket,6,1809.68,0.31,7492.075199999999,4684.85,37.16,Cash On Delivery,1,False,Delivered,4
ORD-00674,2020-10-31,CUST87680,Meera Kapoor,9,Other,North,Amritsar,Furniture,Bookshelf,3,22435.51,0.11,59902.8117,14691.15,19.24,Debit Card,5,False,Delivered,5
ORD-03338,2023-12-14,CUST84437,Karan Chatterjee,34,Male,South,Bangalore,Clothing,T-Shirt,5,416.65,0.01,2062.4175,825.09,59.89,Emi,5,False,Delivered,5
ORD-04084,2024-11-07,CUST03465,Deepa Mehta,39,Female,West,Mumbai,Clothing,Dress,9,3359.16,0.06,28418.493599999998,7947.77,64.84,Upi,5,False,Delivered,6
ORD-02733,2023-03-30,CUST12771,Meera Singh,40,Female,West,Surat,Books,Textbook,5,971.23,0.35,3156.4975,1442.59,59.73,Cash On Delivery,1,False,Delivered,4
ORD-01089,2021-05-07,CUST29692,Priya Mehta,36,Female,East,Guwahati,Furniture,Bookshelf,5,4812.43,0.27,17565.3695,6783.1,109.38,Cash On Delivery,4,False,Delivered,4
ORD-00620,2020-10-04,CUST68733,Amit Patel,55,Male,South,Hyderabad,Groceries,Dal (1Kg),9,410.87,0.09,3365.0253000000002,346.09,74.58,Debit Card,5,True,Returned,6
ORD-03140,2023-09-19,CUST76392,Rohan Kapoor,14,Other,South,Bangalore,Furniture,Desk,9,18114.9,0.35,105972.16500000001,44210.57,60.14,Debit Card,3,False,Cancelled,10
ORD-02960,2023-07-06,CUST73492,Ritu Patel,35,F,South,Chennai,Groceries,Dal (1Kg),8,421.42,0.14,2899.3696,467.76,84.51,Cash On Delivery,3,False,Shipped,8
ORD-01215,2021-07-03,CUST92946,Aarav Mehta,38,Male,East,Bhubaneswar,Beauty,Shampoo,5,205.05,0.37,645.9075,336.22,58.05,Debit Card,1,True,Returned,10
ORD-01703,2022-01-30,CUST78614,Arjun Iyer,47,Female,West,Pune,Clothing,Dress,4,1960.32,0.03,7606.0416,2732.62,65.85,Debit Card,2,False,Delivered,1
ORD-02066,2022-06-30,CUST80371,Pooja Pillai,22,Male,West,Pune,Groceries,Cooking Oil,4,291.88,0.37,735.5376,79.28,60.21,Emi,2,True,Returned,1
ORD-00784,2020-12-22,CUST57890,Ritu Das,21,Other,Central,Bhopal,Books,Textbook,3,1412.16,0.0,4236.4800000000005,1429.35,53.18,Debit Card,2,True,Returned,1
ORD-03278,2023-11-17,CUST28845,Rohan Singh,36,Other,Central,Indore,Groceries,Cooking Oil,3,362.83,0.33,729.2882999999999,51.58,40.17,Credit Card,2,False,Delivered,3
ORD-02693,2023-03-14,CUST31367,Sunita Pillai,57,Female,East,Kolkata,Groceries,Sugar,3,451.94,0.07,1260.9125999999999,132.82,72.18,Debit Card,2,False,Shipped,8
ORD-02996,2023-07-21,CUST44301,Kavya Iyer,44,Other,Central,Raipur,Clothing,Kurta,6,2551.46,0.28,11022.3072,5763.29,52.45,Credit Card,1,False,Delivered,8
ORD-01580,2021-12-07,CUST43143,Sanjay Bose,46,Female,South,Kochi,Sports,Cycle,3,11079.73,0.28,23932.216800000002,3946.3,44.65,Debit Card,1,False,Delivered,5
ORD-03204,2023-10-18,CUST20726,Pooja Rao,30,Male,West,Mumbai,Electronics,Laptop,1,48359.17,0.06,45457.61979999999,6586.38,81.7,Net Banking,3,False,Delivered,9
ORD-02530,2023-01-03,CUST03671,Rohan Mehta,21,F,North,Chandigarh,Clothing,Jacket,8,3811.17,0.0,30489.36,11463.62,63.21,Cash On Delivery,2,False,Delivered,5
ORD-02995,2023-07-20,CUST01120,Nikhil Sharma,19,Female,South,Hyderabad,Beauty,Shampoo,1,581.9,0.39,354.959,321.44,61.08,Cash On Delivery,5,False,Delivered,2
ORD-02396,2022-11-02,CUST15736,Deepa Kapoor,33,Other,East,Bhubaneswar,Furniture,Chair,3,4404.99,0.04,12686.3712,2903.13,93.9,Debit Card,3,False,Shipped,5
ORD-00625,2020-10-07,CUST00251,Aditya Nair,14,Male,Central,Raipur,Groceries,Tea,7,478.47,0.19,2712.9249,144.22,78.9,Upi,3,False,Delivered,8
ORD-01366,2021-09-07,CUST19666,Amit Sharma,21,Other,West,Ahmedabad,Electronics,Headphones,10,69111.01,0.18,566710.282,80887.73,59.74,Upi,1,False,Delivered,2
ORD-02221,2022-08-27,CUST03778,Sanjay Gupta,39,Male,South,Chennai,Clothing,Dress,2,2544.65,0.09,4631.263,1652.06,68.22,Debit Card,3,False,Delivered,3
ORD-02182,2022-08-13,CUST10127,Sunita Pillai,39,Other,East,Guwahati,Electronics,Laptop,9,56874.87,0.3,358311.681,58158.93,63.71,Net Banking,4,True,Returned,2
ORD-02494,2022-12-18,CUST57358,Sanjay Pillai,11,Male,Central,Bhopal,Electronics,Smartphone,5,75416.45,0.26,279040.865,34252.66,50.75,Credit Card,3,False,Delivered,5
ORD-03684,2024-05-18,CUST27580,Ananya Shah,37,Female,West,Mumbai,Groceries,Flour,9,362.34,0.16,2739.2904,319.47,62.52,Debit Card,3,False,Delivered,5
ORD-02893,2023-06-06,CUST15263,Arjun Mehta,36,Female,South,Hyderabad,Electronics,Tablet,9,39846.87,0.24,272552.5908,43093.98,51.7,Upi,4,False,Delivered,3
ORD-03643,2024-05-03,CUST93078,Rohan Nair,47,F,West,Surat,Books,Fiction Novel,7,377.0,0.23,2032.03,1638.79,55.63,Emi,5,False,Delivered,7
ORD-00355,2020-06-02,CUST29275,Sunita Nair,28,Other,South,Chennai,Groceries,Cooking Oil,6,457.1,0.17,2276.358,394.03,69.69,Upi,2,False,Delivered,8
ORD-02634,2023-02-15,CUST87463,Aditya Kapoor,18,Female,South,Kochi,Clothing,Kurta,9,630.67,0.34,3746.1797999999994,1593.87,69.77,Emi,3,False,Delivered,6
ORD-01268,2021-07-26,CUST13250,Ritu Mehta,33,F,East,Kolkata,Beauty,Shampoo,10,1776.76,0.09,16168.516,7186.83,76.78,Emi,5,False,Cancelled,8
ORD-03154,2023-09-29,CUST59117,Nisha Joshi,42,F,West,Surat,Groceries,Cooking Oil,8,424.28,0.38,2104.4287999999997,178.57,64.6,Upi,3,False,Delivered,4
ORD-00459,2020-07-20,CUST05833,Pooja Mehta,28,Male,East,Bhubaneswar,Sports,Yoga Mat,7,10622.1,0.23,57253.119,14967.8,76.84,Cash On Delivery,3,False,Delivered,10
ORD-00009,2020-01-02,CUST92855,Rahul Chatterjee,57,Female,Central,Indore,Electronics,Smartphone,7,7248.51,0.04,48709.987199999996,2520.31,54.45,Cash On Delivery,1,False,Cancelled,3
ORD-02167,2022-08-08,CUST40588,Nisha Reddy,12,Other,East,Guwahati,Sports,Cycle,1,14470.85,0.3,10129.595,2928.52,80.56,Cash On Delivery,1,False,Delivered,10
ORD-03848,2024-07-29,CUST92309,Aditya Shah,35,Male,South,Bangalore,Beauty,Perfume,2,423.08,0.25,634.62,513.6,65.64,Cash On Delivery,5,False,Delivered,6
ORD-02898,2023-06-06,CUST27445,Rohan Joshi,26,Male,South,Kochi,Furniture,Desk,3,28004.75,0.31,57969.8325,29532.44,43.07,Net Banking,2,False,Delivered,6
ORD-03727,2024-06-13,CUST15010,Ananya Rao,18,Other,Central,Raipur,Beauty,Face Cream,0,2311.74,0.4,0.0,685.77,57.12,Debit Card,2,False,Delivered,8
ORD-01542,2021-11-21,CUST20530,Kavya Sharma,20,Other,West,Pune,Groceries,Tea,9,291.31,0.13,2280.9573,153.84,74.73,Emi,3,True,Returned,2
ORD-02431,2022-11-17,CUST33602,Ananya Chatterjee,31,Male,West,Mumbai,Clothing,Dress,9,2890.57,0.09,23673.768300000003,10028.13,70.61,Emi,1,False,Shipped,9
ORD-00716,2020-11-23,CUST94113,Priya Pillai,19,Other,Central,Raipur,Electronics,Headphones,1,40524.35,0.12,35661.428,3365.1,36.23,Upi,3,True,Returned,3
ORD-00444,2020-07-14,CUST81670,Sunita Joshi,31,Male,Central,Bhopal,Books,Fiction Novel,4,1113.43,0.15,3785.6620000000003,2141.31,34.15,Emi,1,False,Delivered,7
ORD-02815,2023-05-08,CUST75268,Karan Rao,30,Other,West,Pune,Sports,Yoga Mat,3,6620.8,0.27,14499.552000000001,3790.08,89.03,Emi,4,False,Delivered,8
ORD-04069,2024-10-29,CUST61722,Karan Joshi,54,Other,Central,Nagpur,Electronics,Smartwatch,2,11751.86,0.26,17392.752800000002,2001.28,73.23,Net Banking,4,False,Delivered,5
ORD-03630,2024-04-28,CUST62637,Aditya Gupta,27,Male,East,Kolkata,Groceries,Sugar,1,373.86,0.25,280.395,34.77,90.23,Net Banking,4,False,Shipped,1
ORD-02063,2022-06-29,CUST13406,Rahul Kumar,18,Male,South,Hyderabad,Groceries,Cooking Oil,4,122.82,0.04,471.62879999999996,47.66,66.72,Net Banking,5,False,Delivered,10
ORD-00192,2020-03-27,CUST62597,Ritu Mishra,51,Male,South,Chennai,Electronics,Camera,5,25706.78,0.0,128533.9,12672.89,90.75,Emi,2,True,Returned,8
ORD-02097,2022-07-11,CUST68451,Priya Nair,31,Female,West,Mumbai,Electronics,Tablet,8,38458.65,0.01,304592.50800000003,61743.21,78.22,Upi,3,True,Returned,6
ORD-00425,2020-07-06,CUST69172,Pooja Sharma,30,Female,West,Mumbai,Electronics,Camera,6,65523.97,0.22,306652.17960000003,39810.19,79.0,Cash On Delivery,1,False,Delivered,7
ORD-01073,2021-04-29,CUST74821,Deepa Nair,24,Other,West,Mumbai,Clothing,Jeans,5,1564.77,0.08,7197.942000000001,2408.11,46.89,Upi,2,False,Delivered,4
ORD-01644,2022-01-02,CUST20877,Vikram Gupta,36,Male,North,Delhi,Electronics,Camera,6,72040.03,0.01,427917.7782,39292.14,53.76,Cash On Delivery,5,False,Shipped,9
ORD-01390,2021-09-20,CUST50244,Shreya Bose,45,Other,North,Ludhiana,Electronics,Smartwatch,6,15447.02,0.04,88974.83519999999,5842.37,80.21,Cash On Delivery,3,False,Pending,5
ORD-00182,2020-03-21,CUST63049,Arjun Reddy,61,M,East,Kolkata,Sports,Yoga Mat,9,2019.71,0.21,14360.1381,3698.35,55.65,Upi,2,False,Delivered,3
ORD-01681,2022-01-20,CUST96522,Karan Gupta,56,Other,West,Ahmedabad,Furniture,Sofa,2,27991.06,0.24,42546.4112,12370.47,77.48,Emi,2,True,Returned,6
ORD-02568,2023-01-20,CUST63565,Vikram Mehta,24,Other,Central,Nagpur,Books,Comic Book,9,493.03,0.21,3505.4433,1860.71,83.24,Debit Card,3,False,Delivered,8
ORD-03369,2023-12-29,CUST12624,Sunita Chatterjee,25,Male,North,Delhi,Furniture,Sofa,10,26482.96,0.39,161546.05599999998,39420.71,31.73,Cash On Delivery,1,False,Delivered,9
ORD-00788,2020-12-25,CUST62453,Pooja Joshi,26,Female,West,Mumbai,Groceries,Rice (5Kg),7,79.95,0.03,542.8605,30.99,45.31,Emi,2,False,Shipped,2
ORD-01351,2021-08-31,CUST05251,Kavya Singh,31,Female,North,Chandigarh,Furniture,Chair,2,11559.97,0.37,14565.562199999998,6537.8,64.47,Credit Card,5,False,Delivered,6
ORD-01491,2021-10-31,CUST70333,Sunita Bose,43,Male,North,Chandigarh,Beauty,Sunscreen,8,902.95,0.02,7079.128000000001,3273.83,49.46,Debit Card,5,False,Delivered,4
ORD-03649,2024-05-04,CUST00250,Arjun Kapoor,33,Other,East,Patna,Clothing,Dress,0,3459.1,0.09,0.0,2101.1,59.55,Debit Card,4,False,Delivered,7
ORD-01601,2021-12-15,CUST25228,Meera Kumar,45,Female,Central,Raipur,Beauty,Sunscreen,8,1478.6,0.07,11000.783999999998,3617.51,72.32,Upi,2,False,Delivered,8
ORD-04168,2024-12-15,CUST39751,Meera Iyer,34,Female,West,Ahmedabad,Sports,Tennis Racket,2,10972.39,0.3,15361.345999999998,2981.58,43.93,Emi,2,False,Delivered,10
ORD-02540,2023-01-08,CUST48928,Aditya Shah,14,Female,North,Amritsar,Books,Textbook,5,1137.99,0.18,4665.759,1103.46,47.49,Credit Card,3,False,Delivered,6
ORD-04193,2024-12-28,CUST18192,Nikhil Bose,25,F,East,Patna,Beauty,Perfume,5,724.63,0.1,3260.835,1918.69,48.49,Credit Card,5,False,Delivered,6
ORD-02432,2022-11-18,CUST26395,Amit Kumar,33,Other,Central,Nagpur,Clothing,T-Shirt,4,2693.03,0.24,8186.811200000001,2808.17,71.64,Debit Card,3,False,Delivered,6
ORD-00059,2020-01-22,CUST44752,Rahul Chatterjee,17,Male,East,Kolkata,Furniture,Sofa,8,16934.64,0.35,88060.128,16163.86,73.23,Debit Card,5,True,Returned,4
ORD-00523,2020-08-19,CUST62159,Priya Verma,24,Female,North,Delhi,Groceries,Flour,9,418.36,0.05,3576.978,273.7,69.24,Net Banking,3,False,Delivered,7
ORD-01901,2022-04-20,CUST72800,Vikram Rao,46,Other,East,Kolkata,Books,Biography,2,231.44,0.36,296.2432,155.21,103.55,Emi,3,False,Cancelled,8
ORD-04180,2024-12-22,CUST01003,Priya Pillai,28,Female,Central,Bhopal,Groceries,Sugar,10,194.61,0.27,1420.653,143.25,23.86,Emi,2,False,Delivered,5
ORD-02827,2023-05-14,CUST71925,Deepa Shah,32,Female,West,Ahmedabad,Beauty,Perfume,3,975.85,0.14,2517.693,2179.66,87.45,Credit Card,2,False,Shipped,10
ORD-03493,2024-02-27,CUST44061,Kavya Rao,29,Female,West,Ahmedabad,Beauty,Lipstick,1,848.25,0.04,814.3199999999999,422.93,74.23,Cash On Delivery,5,False,Delivered,9
ORD-03484,2024-02-23,CUST42985,Rohan Chatterjee,35,Female,Central,Nagpur,Electronics,Camera,9,70923.4,0.34,421284.9959999999,52952.38,42.34,Upi,2,False,Delivered,3
ORD-00123,2020-02-16,CUST54173,Meera Chatterjee,58,Other,West,Ahmedabad,Groceries,Sugar,1,373.23,0.32,253.79639999999998,19.53,44.95,Emi,3,False,Delivered,6
ORD-01002,2021-03-30,CUST22154,Ananya Patel,19,Female,West,Mumbai,Books,Self-Help Book,6,1364.16,0.39,4992.8256,1835.6,62.5,Upi,4,False,Pending,2
ORD-00917,2021-02-17,CUST45413,Aditya Singh,14,Female,North,Chandigarh,Sports,Cricket Bat,10,10161.64,0.01,100600.23599999999,14067.58,19.18,Emi,5,False,Delivered,9
ORD-00527,2020-08-20,CUST81582,Karan Pillai,46,Male,East,Bhubaneswar,Electronics,Tablet,1,39870.46,0.14,34288.5956,4768.46,76.58,Debit Card,4,False,Delivered,1
ORD-02423,2022-11-14,CUST98860,Nikhil Nair,16,Female,South,Kochi,Clothing,T-Shirt,6,3572.55,0.0,21435.300000000003,4881.96,72.4,Net Banking,2,False,Delivered,7
ORD-02002,2022-06-02,CUST93495,Karan Mehta,24,Other,Central,Nagpur,Electronics,Smartphone,4,79903.31,0.19,258886.7244,46291.37,49.66,Credit Card,2,False,Delivered,9
ORD-01547,2021-11-25,CUST82417,Deepa Reddy,32,Female,South,Chennai,Beauty,Hair Oil,8,1747.96,0.04,13424.3328,5549.08,70.95,Upi,5,False,Delivered,9
ORD-02671,2023-03-01,CUST19942,Deepa Joshi,29,Other,West,Mumbai,Books,Cook Book,7,286.55,0.19,1624.7385000000002,943.5,60.27,Cash On Delivery,1,False,Shipped,1
ORD-01137,2021-05-28,CUST09710,Nikhil Reddy,24,Other,Central,Raipur,Clothing,Dress,10,3901.77,0.23,30043.628999999997,11924.12,26.2,Credit Card,3,False,Delivered,3
ORD-03878,2024-08-08,CUST09035,Priya Mehta,35,Male,North,Chandigarh,Furniture,Desk,3,19778.53,0.22,46281.7602,15015.41,30.24,Upi,3,False,Delivered,5
ORD-00279,2020-05-03,CUST43418,Priya Gupta,47,M,East,Kolkata,Clothing,Saree,5,1209.84,0.26,4476.407999999999,1839.27,70.07,Credit Card,1,False,Delivered,7
ORD-02890,2023-06-05,CUST22330,Aarav Sharma,61,Female,East,Guwahati,Beauty,Face Cream,1,830.66,0.15,706.0609999999999,465.76,56.2,Cash On Delivery,5,False,Shipped,10
ORD-00738,2020-12-03,CUST90925,Amit Iyer,45,M,Central,Indore,Sports,Cricket Bat,2,2618.63,0.37,3299.4738,381.86,63.43,Emi,1,False,Delivered,10
ORD-03295,2023-11-25,CUST19218,Aditya Verma,41,Female,North,Amritsar,Sports,Cricket Bat,5,7855.23,0.26,29064.350999999995,5747.72,37.97,Credit Card,1,True,Returned,2
ORD-02609,2023-02-06,CUST96498,Meera Kapoor,34,Female,South,Chennai,Clothing,Kurta,1,398.12,0.2,318.49600000000004,160.84,61.44,Debit Card,5,False,Delivered,6
ORD-00295,2020-05-09,CUST86265,Nikhil Verma,30,Male,East,Kolkata,Books,Cook Book,6,717.06,0.14,3700.0296,993.44,65.95,Emi,3,False,Delivered,4
ORD-01660,2022-01-10,CUST07883,Aditya Joshi,35,Female,Central,Nagpur,Sports,Yoga Mat,3,14314.59,0.28,30919.5144,6700.1,49.08,Debit Card,2,True,Returned,7
ORD-02120,2022-07-22,CUST74638,Rohan Verma,40,Male,East,Guwahati,Groceries,Flour,8,473.04,0.33,2535.4944,301.36,76.1,Cash On Delivery,5,False,Delivered,9
ORD-01718,2022-02-02,CUST91928,Vikram Kapoor,39,Male,West,Surat,Sports,Football,7,6522.84,0.09,41550.49080000001,7201.91,45.29,Emi,3,True,Returned,3
ORD-01183,2021-06-15,CUST36587,Amit Rao,9,Male,East,Kolkata,Furniture,Desk,2,27005.32,0.13,46989.2568,21121.9,60.02,Credit Card,3,False,Delivered,6
ORD-00548,2020-08-30,CUST25946,Aarav Gupta,27,Female,Central,Indore,Groceries,Cooking Oil,1,387.88,0.39,236.6068,15.64,65.68,Credit Card,4,False,Delivered,7
ORD-00004,2020-01-01,CUST59539,Aarav Rao,43,M,Central,Raipur,Beauty,Shampoo,1,2179.09,0.26,1612.5266000000001,548.45,71.0,Debit Card,5,False,Pending,9
ORD-00979,2021-03-22,CUST08503,Sanjay Iyer,48,Other,South,Bangalore,Beauty,Perfume,5,357.2,0.25,1339.5,473.38,95.58,Upi,3,False,Delivered,8
ORD-01144,2021-05-30,CUST45935,Aarav Kumar,15,Other,East,Patna,Sports,Football,9,12309.47,0.39,67578.99029999999,23774.29,64.35,Emi,5,False,Delivered,4
ORD-04114,2024-11-25,CUST90879,Aarav Pillai,38,Other,West,Pune,Clothing,Jacket,8,2242.21,0.08,16502.6656,5745.26,58.08,Upi,3,False,Cancelled,5
ORD-01574,2021-12-04,CUST51745,Sanjay Mishra,34,Other,West,Surat,Sports,Tennis Racket,10,8246.76,0.29,58551.996,10000.85,76.69,Net Banking,3,False,Delivered,3
ORD-02571,2023-01-25,CUST27786,Nikhil Shah,27,Male,Central,Nagpur,Groceries,Tea,2,419.88,0.03,814.5672,57.86,49.02,Cash On Delivery,2,False,Shipped,7
ORD-00836,2021-01-17,CUST64754,Pooja Reddy,52,Other,West,Pune,Sports,Football,4,9859.42,0.1,35493.912000000004,8214.61,75.89,Net Banking,5,False,Delivered,7
ORD-00612,2020-09-30,CUST14600,Sanjay Kumar,46,Other,West,Surat,Sports,Dumbbells,2,1417.62,0.33,1899.6107999999997,404.4,38.22,Upi,1,False,Delivered,4
ORD-02525,2023-01-01,CUST46864,Aditya Patel,26,Female,Central,Raipur,Clothing,Jeans,8,2369.91,0.35,12323.532,4497.08,59.82,Debit Card,1,False,Delivered,10
ORD-02913,2023-06-12,CUST21693,Deepa Kumar,43,Other,North,Ludhiana,Beauty,Perfume,4,623.3,0.32,1695.3759999999997,1736.95,52.12,Upi,2,False,Delivered,3
ORD-01141,2021-05-29,CUST04487,Meera Verma,34,Female,West,Ahmedabad,Books,Biography,7,846.48,0.2,4740.2880000000005,2975.81,30.99,Credit Card,3,False,Delivered,1
ORD-01022,2021-04-07,CUST91541,Aarav Sharma,23,Other,Central,Indore,Clothing,Jacket,9,2816.32,0.13,22051.7856,5473.17,58.3,Debit Card,3,False,Cancelled,3
ORD-03638,2024-04-30,CUST06952,Deepa Pillai,42,Other,South,Bangalore,Furniture,Bookshelf,4,15880.17,0.08,58439.0256,34839.09,69.26,Debit Card,4,False,Delivered,4
ORD-03505,2024-03-03,CUST59852,Nikhil Das,25,Male,Central,Indore,Groceries,Tea,7,126.08,0.08,811.9552,81.39,55.37,Credit Card,2,False,Delivered,9
ORD-02440,2022-11-24,CUST91846,Karan Nair,48,Other,North,Amritsar,Sports,Tennis Racket,2,1682.52,0.04,3230.4384,650.21,69.29,Debit Card,2,False,Delivered,2
ORD-01819,2022-03-15,CUST63222,Priya Reddy,39,Female,East,Bhubaneswar,Furniture,Desk,3,5315.14,0.2,12756.336000000003,5876.17,97.08,Credit Card,5,False,Delivered,6
ORD-02785,2023-04-20,CUST80688,Rahul Gupta,17,Female,North,Delhi,Sports,Dumbbells,4,14577.36,0.33,39067.324799999995,7342.63,51.26,Credit Card,4,False,Delivered,6
ORD-03793,2024-07-06,CUST34536,Priya Nair,27,Female,South,Hyderabad,Beauty,Sunscreen,7,1042.17,0.38,4523.0178000000005,3363.37,71.04,Emi,5,False,Pending,5
ORD-02711,2023-03-22,CUST25704,Kavya Iyer,0,Female,South,Kochi,Beauty,Face Cream,10,1958.8,0.39,11948.68,7311.62,56.07,Upi,5,False,Delivered,7
ORD-03507,2024-03-04,CUST15344,Deepa Singh,53,Male,West,Surat,Clothing,Dress,7,2771.26,0.15,16488.997,8460.21,35.65,Credit Card,5,False,Delivered,7
ORD-02636,2023-02-15,CUST87391,Meera Das,26,Other,North,Ludhiana,Beauty,Hair Oil,3,1142.82,0.23,2639.9142,1291.21,53.34,Cash On Delivery,5,True,Returned,9
ORD-03103,2023-09-03,CUST01278,Aarav Verma,18,Other,East,Patna,Beauty,Lipstick,6,993.05,0.01,5898.717,2268.41,82.4,Upi,5,False,Delivered,1
ORD-03650,2024-05-04,CUST58829,Sanjay Kapoor,57,F,Central,Bhopal,Books,Fiction Novel,8,1190.92,0.22,7431.340800000001,5817.67,76.18,Upi,3,True,Returned,1
ORD-01571,2021-12-03,CUST56653,Nisha Sharma,30,Male,Central,Raipur,Clothing,T-Shirt,8,3931.3,0.21,24845.816000000003,5566.53,73.66,Upi,3,True,Returned,6
ORD-00063,2020-01-23,CUST82089,Ritu Gupta,20,Female,West,Mumbai,Books,Self-Help Book,4,1208.46,0.01,4785.5016000000005,1192.21,60.86,Credit Card,3,False,Delivered,10
ORD-02696,2023-03-14,CUST64855,Sunita Shah,46,Other,West,Ahmedabad,Books,Comic Book,2,1077.11,0.3,1507.9539999999997,727.8,61.35,Upi,5,False,Delivered,6
ORD-00714,2020-11-23,CUST61590,Amit Reddy,47,Other,South,Kochi,Groceries,Rice (5Kg),7,368.78,0.12,2271.6848,127.54,66.03,Upi,4,False,Delivered,9
ORD-00753,2020-12-07,CUST57450,Kavya Sharma,31,Male,North,Delhi,Beauty,Face Cream,8,1138.01,0.11,8102.6312,1289.66,49.38,Net Banking,2,False,Delivered,2
ORD-01223,2021-07-06,CUST92686,Sanjay Bose,39,Female,South,Chennai,Furniture,Bookshelf,7,20357.47,0.03,138227.2213,45868.32,75.4,Credit Card,4,False,Delivered,9
ORD-03378,2023-12-31,CUST54270,Arjun Sharma,40,Male,South,Hyderabad,Furniture,Wardrobe,9,13849.98,0.25,93487.36499999999,23060.68,47.19,Upi,2,False,Delivered,5
ORD-00809,2021-01-05,CUST99388,Ritu Kapoor,33,Male,South,Chennai,Clothing,Jeans,0,3280.13,0.03,0.0,921794.6,83.69,Emi,1,True,Returned,7
ORD-02106,2022-07-16,CUST15065,Amit Verma,36,Female,Central,Nagpur,Sports,Cricket Bat,6,7187.46,0.27,31481.074800000002,7760.51,48.71,Emi,3,False,Delivered,5
ORD-01928,2022-05-02,CUST06307,Ananya Reddy,56,Male,South,Bangalore,Sports,Cycle,1,9069.14,0.29,6439.089399999999,1861.72,32.62,Debit Card,4,False,Pending,5
ORD-01189,2021-06-19,CUST03077,Amit Pillai,34,F,Central,Nagpur,Groceries,Tea,10,203.58,0.01,2015.4420000000002,255.25,18.95,Debit Card,3,False,Delivered,6
ORD-01971,2022-05-21,CUST35736,Pooja Verma,28,Other,Central,Nagpur,Furniture,Chair,10,28073.85,0.05,266701.575,108417.14,54.05,Emi,1,False,Delivered,8
ORD-03270,2023-11-14,CUST56619,Rohan Sharma,32,Male,East,Bhubaneswar,Clothing,Dress,5,1851.88,0.29,6574.174000000001,2703.37,85.66,Credit Card,3,True,Returned,2
ORD-01883,2022-04-10,CUST03672,Amit Shah,24,Male,West,Pune,Furniture,Bookshelf,9,11907.81,0.18,87879.6378,42582.04,73.86,Cash On Delivery,5,False,Delivered,10
ORD-01300,2021-08-10,CUST98101,Deepa Bose,30,Female,West,Pune,Groceries,Sugar,6,303.35,0.13,1583.487,144.04,55.2,Credit Card,1,True,Returned,3
ORD-01676,2022-01-18,CUST65261,Shreya Chatterjee,30,Other,Central,Indore,Furniture,Sofa,3,30465.56,0.24,69461.4768,16835.51,57.1,Cash On Delivery,5,False,Delivered,3
ORD-00987,2021-03-25,CUST04483,Priya Joshi,29,Male,Central,Nagpur,Furniture,Wardrobe,4,7372.62,0.11,26246.5272,11067.17,75.03,Emi,2,False,Delivered,9
ORD-00141,2020-02-25,CUST83686,Ananya Iyer,42,Other,East,Guwahati,Beauty,Face Cream,9,900.37,0.12,7130.9304,2823.39,81.17,Cash On Delivery,5,False,Delivered,2
ORD-01924,2022-04-30,CUST39294,Amit Reddy,30,Female,South,Chennai,Groceries,Sugar,1,306.96,0.37,193.38479999999998,24.24,44.4,Upi,1,False,Delivered,3
ORD-03134,2023-09-16,CUST94057,Kavya Bose,29,Male,South,Bangalore,Sports,Cycle,5,11278.57,0.2,45114.28,13004.09,76.71,Debit Card,2,False,Cancelled,4
ORD-01112,2021-05-16,CUST48929,Kavya Reddy,21,Other,West,Pune,Furniture,Sofa,10,29768.42,0.0,297684.19999999995,105876.32,66.42,Cash On Delivery,5,False,Delivered,8
ORD-00378,2020-06-10,CUST11134,Arjun Singh,34,Other,East,Guwahati,Electronics,Smartwatch,9,16985.93,0.0,152873.37,16161.85,75.65,Cash On Delivery,5,False,Shipped,9
ORD-01800,2022-03-08,CUST93477,Sunita Joshi,29,Female,South,Kochi,Books,Self-Help Book,1,1151.01,0.17,955.3382999999999,528.79,79.86,Net Banking,5,False,Delivered,1
ORD-01637,2021-12-30,CUST05372,Ritu Shah,18,Other,Central,Indore,Books,Comic Book,5,679.37,0.17,2819.3855,915.89,55.83,Emi,2,False,Delivered,8
ORD-04113,2024-11-22,CUST10274,Arjun Gupta,13,Other,Central,Bhopal,Groceries,Rice (5Kg),8,185.5,0.29,1053.6399999999999,79.89,48.43,Debit Card,5,False,Pending,6
ORD-00500,2020-08-07,CUST80941,Ananya Sharma,56,Male,South,Chennai,Sports,Yoga Mat,10,10625.78,0.17,88193.974,26797.52,51.49,Cash On Delivery,5,False,Delivered,8
ORD-02067,2022-07-01,CUST70593,Shreya Nair,34,Male,West,Surat,Electronics,Smartwatch,5,38796.6,0.21,153246.57,25458.48,62.35,Upi,4,False,Cancelled,8
ORD-01280,2021-07-31,CUST18652,Rahul Iyer,21,Other,Central,Nagpur,Clothing,Dress,2,3825.43,0.38,4743.5332,1454.06,57.72,Cash On Delivery,3,False,Delivered,2
ORD-00145,2020-02-28,CUST49284,Meera Bhat,25,Male,South,Kochi,Electronics,Camera,6,35454.89,0.15,180819.93899999998,19968.6,54.28,Credit Card,5,False,Delivered,1
ORD-03921,2024-08-20,CUST65997,Rahul Chatterjee,41,Other,East,Guwahati,Groceries,Tea,3,392.38,0.12,1035.8832,108.65,81.44,Cash On Delivery,4,False,Pending,5
ORD-02335,2022-10-09,CUST67913,Priya Shah,27,Female,West,Pune,Electronics,Laptop,3,79758.61,0.33,160314.8061,19212.28,56.24,Debit Card,1,False,Cancelled,2
ORD-00367,2020-06-06,CUST80217,Meera Mishra,53,Female,South,Chennai,Groceries,Cooking Oil,9,324.66,0.14,2512.8684,225.96,74.78,Debit Card,1,True,Returned,5
ORD-03343,2023-12-17,CUST67045,Amit Kapoor,54,Male,Central,Indore,Electronics,Tablet,5,39863.48,0.33,133542.658,11921.37,75.46,Cash On Delivery,4,False,Cancelled,10
ORD-01675,2022-01-18,CUST33813,Nikhil Reddy,36,Other,West,Pune,Beauty,Perfume,5,1392.93,0.4,4178.79,1461.67,71.76,Net Banking,3,False,Delivered,10
ORD-02430,2022-11-17,CUST93527,Deepa Verma,28,Other,South,Bangalore,Beauty,Sunscreen,9,113.69,0.22,798.1038000000001,335.72,40.1,Upi,5,True,Returned,7
ORD-02226,2022-08-29,CUST46124,Rahul Mehta,26,Male,North,Amritsar,Books,Cook Book,9,830.37,0.25,5604.9974999999995,3182.54,37.06,Cash On Delivery,2,False,Delivered,2
ORD-02599,2023-02-03,CUST92468,Sunita Nair,39,Female,East,Kolkata,Furniture,Desk,7,12553.02,0.22,68539.4892,19645.47,85.94,Emi,3,False,Delivered,1
ORD-04127,2024-11-30,CUST07792,Priya Joshi,34,Male,West,Surat,Beauty,Lipstick,4,1854.35,0.04,7120.704,3552.01,32.77,Net Banking,5,False,Delivered,2
ORD-00238,2020-04-14,CUST04066,Nisha Reddy,32,Other,North,Delhi,Sports,Football,10,14961.46,0.01,148118.45399999997,26205.1,35.42,Net Banking,2,False,Delivered,6
ORD-02334,2022-10-09,CUST20367,Karan Gupta,21,Other,South,Kochi,Sports,Cricket Bat,5,13397.51,0.34,44211.782999999996,7788.1,73.66,Net Banking,4,False,Delivered,5
ORD-02346,2022-10-11,CUST57309,Meera Bose,14,Female,North,Amritsar,Electronics,Camera,4,15142.49,0.12,53301.5648,5733.17,98.24,Emi,2,False,Pending,6
ORD-03762,2024-06-26,CUST95973,Nikhil Singh,36,Male,East,Bhubaneswar,Beauty,Face Cream,5,506.32,0.23,1949.3319999999999,1883.1,101.92,Cash On Delivery,3,False,Pending,8
ORD-02935,2023-06-28,CUST75718,Aarav Das,27,Female,North,Delhi,Sports,Dumbbells,1,8268.89,0.0,8268.89,3926.85,52.82,Emi,3,False,Delivered,7
ORD-01146,2021-05-30,CUST14306,Pooja Verma,32,F,Central,Bhopal,Clothing,Jeans,3,2929.95,0.06,8262.458999999999,4420.51,33.4,Cash On Delivery,2,False,Cancelled,10
ORD-03466,2024-02-10,CUST49074,Rohan Kumar,27,M,South,Chennai,Clothing,Dress,5,1140.39,0.08,5245.794000000001,2945.59,66.62,Debit Card,1,True,Returned,2
ORD-00306,2020-05-12,CUST49089,Meera Pillai,32,Male,North,Amritsar,Clothing,Dress,1,2507.91,0.29,1780.6160999999997,589.57,42.69,Emi,2,False,Delivered,3
ORD-04001,2024-09-23,CUST65012,Sanjay Bose,39,Male,South,Kochi,Clothing,Dress,6,633.62,0.11,3383.5308000000005,1771.15,66.09,Debit Card,2,False,Delivered,3
ORD-03305,2023-11-30,CUST44322,Rahul Joshi,59,Male,North,Amritsar,Electronics,Smartphone,9,45871.33,0.0,412841.97000000003,41287.55,42.69,Emi,1,False,Shipped,9
ORD-01454,2021-10-20,CUST23242,Meera Singh,43,Female,North,Ludhiana,Sports,Cricket Bat,3,6413.38,0.13,16738.9218,3690.83,28.34,Cash On Delivery,5,False,Shipped,2
ORD-04121,2024-11-27,CUST46430,Arjun Iyer,42,Male,East,Guwahati,Electronics,Laptop,7,26719.46,0.32,127184.62959999999,16743.79,87.4,Credit Card,1,False,Delivered,9
ORD-01496,2021-11-02,CUST57725,Kavya Nair,43,Other,North,Ludhiana,Beauty,Hair Oil,2,870.66,0.04,1671.6671999999999,696.19,29.61,Credit Card,1,True,Returned,10
ORD-00890,2021-02-04,CUST21364,Arjun Shah,33,Other,South,Hyderabad,Electronics,Tablet,1,41541.62,0.18,34064.1284,3792.31,88.25,Net Banking,2,False,Cancelled,6
ORD-03736,2024-06-17,CUST82654,Deepa Verma,28,Other,Central,Nagpur,Groceries,Dal (1Kg),5,303.44,0.06,1426.168,221.12,32.81,Upi,4,False,Delivered,9
ORD-02939,2023-06-28,CUST99269,Ananya Mishra,42,Other,North,Chandigarh,Electronics,Headphones,3,28197.79,0.16,71058.43079999999,17181.51,73.99,Credit Card,4,False,Shipped,1
ORD-01481,2021-10-27,CUST71792,Nikhil Kumar,34,Other,West,Ahmedabad,Clothing,Jeans,0,2473.16,0.34,0.0,545.85,67.96,Cash On Delivery,5,True,Returned,10
ORD-01427,2021-10-06,CUST62447,Aditya Mehta,25,Other,South,Kochi,Clothing,Kurta,3,1683.92,0.01,5001.2424,1700.69,84.8,Cash On Delivery,3,False,Pending,8
ORD-01514,2021-11-12,CUST41703,Ritu Nair,34,Female,East,Guwahati,Furniture,Chair,8,15110.2,0.07,112419.88799999999,18792.98,87.16,Upi,4,False,Delivered,6
ORD-00654,2020-10-21,CUST92572,Rohan Kapoor,36,Female,Central,Nagpur,Furniture,Wardrobe,6,29603.47,0.09,161634.9462,31425.24,72.71,Cash On Delivery,4,False,Delivered,2
ORD-01501,2021-11-04,CUST09268,Meera Iyer,47,Other,South,Chennai,Electronics,Camera,4,32627.08,0.15,110932.072,13307.57,72.28,Debit Card,3,True,Returned,8
ORD-00631,2020-10-10,CUST25609,Ananya Sharma,60,Male,North,Amritsar,Books,Biography,4,902.54,0.33,2418.8071999999997,751.4,75.5,Emi,1,False,Delivered,2
ORD-01235,2021-07-12,CUST68009,Karan Patel,30,Female,East,Kolkata,Groceries,Dal (1Kg),10,359.56,0.08,3307.952,416.18,62.31,Debit Card,1,True,Returned,9
ORD-03504,2024-03-03,CUST34451,Nikhil Iyer,31,Other,West,Mumbai,Sports,Dumbbells,7,1704.58,0.39,7278.5566,3143.81,60.24,Cash On Delivery,1,False,Delivered,4
ORD-04190,2024-12-26,CUST01943,Amit Reddy,21,Other,North,Ludhiana,Sports,Cricket Bat,6,5492.54,0.09,29989.2684,6104.49,71.5,Emi,5,False,Delivered,1
ORD-01579,2021-12-05,CUST34002,Shreya Das,12,Male,South,Chennai,Electronics,Tablet,5,64878.88,0.37,204368.47199999998,19600.91,55.95,Net Banking,1,False,Delivered,8
ORD-01804,2022-03-10,CUST98137,Amit Mishra,21,Female,North,Delhi,Books,Self-Help Book,1,268.61,0.02,263.2378,81.29,49.64,Emi,5,False,Delivered,1
ORD-03541,2024-03-19,CUST20196,Nikhil Patel,39,Female,Central,Raipur,Beauty,Sunscreen,5,2034.91,0.36,6511.712,2266.42,51.38,Cash On Delivery,3,False,Delivered,7
ORD-03750,2024-06-21,CUST58867,Meera Das,47,Other,Central,Raipur,Beauty,Sunscreen,9,2060.87,0.1,16693.047,10192.2,37.8,Cash On Delivery,4,False,Pending,4
ORD-01104,2021-05-13,CUST46318,Vikram Shah,21,Other,West,Surat,Electronics,Laptop,2,78594.04,0.05,149328.67599999998,25135.71,35.32,Credit Card,3,False,Delivered,8
ORD-00567,2020-09-09,CUST22945,Meera Kumar,52,Female,South,Kochi,Books,Fiction Novel,9,955.64,0.15,7310.646,2836.26,75.79,Credit Card,4,False,Pending,9
ORD-01662,2022-01-12,CUST29153,Deepa Iyer,26,Other,Central,Raipur,Beauty,Face Cream,6,779.63,0.18,3835.7796000000003,1544.23,28.85,Emi,2,True,Returned,9
ORD-03139,2023-09-18,CUST16592,Sunita Iyer,22,Other,West,Surat,Furniture,Bed Frame,6,8704.76,0.23,40215.9912,16266.5,67.26,Credit Card,1,False,Pending,9
ORD-03409,2024-01-17,CUST78204,Meera Patel,52,Female,Central,Nagpur,Electronics,Smartphone,10,9943.85,0.05,94466.575,11320.82,33.45,Upi,4,True,Returned,6
ORD-02418,2022-11-10,CUST18934,Sunita Kumar,14,Male,West,Pune,Sports,Football,2,1772.04,0.27,2587.1784,352.8,47.87,Cash On Delivery,2,False,Delivered,8
ORD-01612,2021-12-21,CUST27676,Meera Bose,33,Female,North,Chandigarh,Groceries,Sugar,6,377.46,0.31,1562.6843999999996,62.24,64.09,Net Banking,2,False,Shipped,5
ORD-03761,2024-06-25,CUST71732,Ritu Gupta,27,Female,South,Bangalore,Groceries,Cooking Oil,1,389.09,0.33,260.6903,33.54,93.62,Credit Card,5,False,Delivered,3
ORD-00569,2020-09-10,CUST30901,Ananya Kumar,49,Male,Central,Nagpur,Clothing,Dress,9,1086.28,0.01,9678.7548,2991.15,60.79,Upi,5,False,Shipped,5
ORD-02038,2022-06-17,CUST04354,Meera Verma,50,Other,East,Bhubaneswar,Beauty,Face Cream,2,884.91,0.29,1256.5721999999998,1116.42,82.19,Credit Card,2,False,Shipped,3
ORD-01570,2021-12-03,CUST84183,Amit Shah,21,Male,North,Amritsar,Electronics,Smartwatch,9,53847.63,0.31,334393.78229999996,37649.52,59.17,Upi,4,False,Delivered,2
ORD-03115,2023-09-08,CUST63946,Amit Sharma,45,Other,North,Ludhiana,Clothing,Kurta,6,828.79,0.19,4027.9194,1887.14,32.64,Emi,5,False,Cancelled,6
ORD-00826,2021-01-13,CUST30306,Amit Joshi,22,Other,South,Chennai,Beauty,Sunscreen,8,920.84,0.23,5672.374400000001,2543.38,46.86,Credit Card,5,False,Delivered,8
ORD-01160,2021-06-04,CUST00213,Shreya Chatterjee,24,Female,North,Ludhiana,Books,Cook Book,4,514.84,0.08,1894.6112000000003,1048.18,49.45,Debit Card,5,False,Delivered,7
ORD-04043,2024-10-20,CUST23084,Vikram Patel,28,Other,North,Ludhiana,Books,Textbook,2,1282.63,0.29,1821.3346000000001,782.47,19.68,Debit Card,4,False,Delivered,6
ORD-01352,2021-09-01,CUST17309,Sunita Singh,31,Female,East,Bhubaneswar,Books,Fiction Novel,1,1491.06,0.04,1431.4176,498.53,77.85,Debit Card,3,False,Delivered,10
ORD-00223,2020-04-07,CUST38820,Rahul Verma,34,Male,East,Guwahati,Sports,Cricket Bat,3,567.58,0.18,1396.2468000000003,417.04,71.54,Upi,5,False,Pending,7
ORD-01797,2022-03-07,CUST91049,Arjun Bhat,30,Female,Central,Nagpur,Electronics,Smartphone,7,56508.01,0.17,328311.5381,51195.31,55.94,Emi,1,False,Cancelled,5
ORD-01143,2021-05-30,CUST25482,Karan Reddy,44,Other,Central,Indore,Books,Textbook,9,1098.38,0.3,6919.794000000001,4025.08,53.61,Emi,4,False,Delivered,2
ORD-02090,2022-07-09,CUST03478,Sunita Mishra,33,Female,Central,Nagpur,Books,Comic Book,0,1491.38,0.11,0.0,838.22,72.14,Upi,5,False,Delivered,3
ORD-03176,2023-10-05,CUST24094,Amit Bose,42,Other,Central,Indore,Sports,Dumbbells,5,10121.78,0.14,43523.654,14209.66,67.27,Net Banking,1,False,Delivered,6
ORD-00965,2021-03-17,CUST01123,Sunita Das,37,Male,South,Kochi,Furniture,Bed Frame,4,14435.97,0.01,57166.441199999994,17618.77,57.05,Net Banking,3,False,Delivered,7
ORD-00900,2021-02-08,CUST52346,Shreya Gupta,39,Other,West,Ahmedabad,Electronics,Smartphone,3,76079.41,0.07,212261.5539,15094.0,31.95,Upi,2,True,Returned,8
ORD-00250,2020-04-20,CUST60360,Aditya Pillai,54,Female,Central,Indore,Beauty,Sunscreen,5,1643.32,0.11,7312.774,4000.95,84.55,Cash On Delivery,4,False,Delivered,4
ORD-01805,2022-03-10,CUST13304,Sanjay Nair,44,Other,South,Hyderabad,Sports,Cycle,3,10264.85,0.09,28023.040500000003,8490.63,39.51,Net Banking,5,False,Delivered,8
ORD-00462,2020-07-21,CUST21355,Rohan Singh,15,Male,North,Chandigarh,Furniture,Bookshelf,6,13817.71,0.04,79590.00959999999,19508.64,43.47,Net Banking,5,False,Delivered,3
ORD-03206,2023-10-19,CUST74267,Deepa Bhat,29,Male,Central,Raipur,Electronics,Tablet,1,75894.5,0.12,66787.16,8164.31,36.14,Upi,1,False,Delivered,5
ORD-03680,2024-05-16,CUST34978,Arjun Mishra,19,Female,North,Chandigarh,Groceries,Sugar,4,237.91,0.2,761.312,104.78,61.7,Credit Card,5,True,Returned,4
ORD-03072,2023-08-19,CUST71775,Aditya Joshi,25,Male,South,Hyderabad,Beauty,Hair Oil,6,1067.32,0.1,5763.528,3581.4,84.82,Emi,4,True,Returned,9
ORD-01964,2022-05-17,CUST41576,Vikram Das,38,Female,West,Pune,Books,Biography,10,550.81,0.07,5122.532999999999,3295.18,67.61,Cash On Delivery,4,False,Delivered,4
ORD-00889,2021-02-04,CUST13240,Arjun Das,41,Other,Central,Nagpur,Groceries,Sugar,2,184.78,0.02,362.1688,22.18,44.84,Debit Card,1,False,Delivered,9
ORD-00712,2020-11-22,CUST65830,Rohan Shah,7,Other,West,Pune,Sports,Tennis Racket,3,843.33,0.23,1948.0923000000003,371.2,44.35,Net Banking,5,False,Delivered,1
ORD-04009,2024-09-27,CUST19149,Meera Reddy,41,Other,South,Hyderabad,Furniture,Sofa,10,24673.9,0.26,182586.86,85641.84,82.09,Debit Card,3,False,Delivered,8
ORD-00492,2020-08-04,CUST93700,Deepa Chatterjee,26,Other,North,Amritsar,Sports,Football,7,8179.73,0.1,51532.299,13078.48,40.31,Credit Card,1,False,Delivered,1
ORD-00124,2020-02-16,CUST06506,Vikram Mishra,32,Female,West,Mumbai,Electronics,Tablet,10,53531.64,0.13,465725.26800000004,51938.51,58.35,Cash On Delivery,4,True,Returned,10
ORD-02333,2022-10-09,CUST56340,Pooja Mehta,26,Male,North,Amritsar,Books,Fiction Novel,2,1065.57,0.0,2131.14,1101.49,25.68,Emi,4,False,Delivered,6
ORD-00618,2020-10-03,CUST23090,Kavya Iyer,43,Other,West,Mumbai,Books,Fiction Novel,5,1447.22,0.08,6657.212,2794.08,69.42,Upi,5,False,Delivered,2
ORD-01562,2021-11-30,CUST52989,Meera Bose,37,Female,Central,Nagpur,Groceries,Tea,10,114.63,0.27,836.799,42.94,49.31,Emi,4,False,Delivered,8
ORD-03445,2024-02-03,CUST68712,Sunita Kapoor,10,Other,Central,Nagpur,Beauty,Sunscreen,4,2410.81,0.23,7425.2948,4194.49,53.44,Cash On Delivery,4,False,Delivered,5
ORD-01977,2022-05-23,CUST02433,Arjun Gupta,27,Other,North,Ludhiana,Furniture,Wardrobe,2,14453.77,0.22,22547.8812,8034.59,53.68,Upi,5,False,Delivered,9
ORD-00562,2020-09-06,CUST35414,Rohan Joshi,39,F,West,Surat,Beauty,Lipstick,6,1280.84,0.23,5917.480799999999,2678.22,72.99,Net Banking,3,False,Delivered,1
ORD-01698,2022-01-28,CUST81725,Nikhil Singh,29,Other,East,Bhubaneswar,Furniture,Sofa,4,30087.03,0.2,96278.496,20501.91,80.38,Debit Card,1,False,Delivered,7
ORD-00765,2020-12-13,CUST44683,Rohan Patel,26,Other,North,Chandigarh,Furniture,Bed Frame,1,19060.92,0.31,13152.034799999998,2392.71,30.32,Net Banking,2,False,Delivered,4
ORD-02155,2022-08-04,CUST14965,Rohan Pillai,36,Female,South,Chennai,Sports,Tennis Racket,5,10085.52,0.04,48410.49600000001,14440.37,73.11,Upi,2,True,Returned,5
ORD-00696,2020-11-12,CUST46839,Aditya Sharma,31,Other,Central,Bhopal,Sports,Dumbbells,8,12118.96,0.09,88226.0288,14318.27,77.48,Cash On Delivery,3,False,Delivered,10
ORD-01267,2021-07-26,CUST48930,Nikhil Nair,32,Other,South,Hyderabad,Beauty,Shampoo,2,434.45,0.32,590.852,264.34,66.45,Net Banking,4,True,Returned,3
ORD-01951,2022-05-11,CUST38752,Pooja Sharma,52,Female,South,Bangalore,Clothing,Jeans,5,3102.98,0.11,13808.261,8948.88,34.13,Upi,5,False,Delivered,8
ORD-02802,2023-04-30,CUST45496,Shreya Pillai,38,Other,South,Chennai,Beauty,Sunscreen,1,2094.7,0.36,1340.608,699.91,51.65,Credit Card,2,True,Returned,10
ORD-03202,2023-10-16,CUST22113,Sunita Chatterjee,44,Other,North,Chandigarh,Electronics,Smartphone,6,44612.23,0.05,254289.71099999998,30140.48,34.0,Cash On Delivery,3,False,Delivered,8
ORD-02299,2022-09-24,CUST52655,Ritu Verma,30,Female,South,Bangalore,Groceries,Rice (5Kg),3,236.04,0.01,701.0388,49.56,57.97,Credit Card,3,True,Returned,8
ORD-02203,2022-08-18,CUST79474,Ananya Rao,58,Female,South,Bangalore,Beauty,Lipstick,5,2364.24,0.37,7447.356,5022.54,82.56,Net Banking,3,False,Delivered,4
ORD-02020,2022-06-10,CUST31285,Ananya Patel,33,Other,West,Pune,Groceries,Flour,8,267.91,0.03,2078.9816,292.84,61.35,Cash On Delivery,2,False,Delivered,1
ORD-02729,2023-03-29,CUST02485,Ananya Bhat,45,Female,South,Hyderabad,Groceries,Sugar,8,85.59,0.25,513.54,41.46,75.34,Net Banking,4,False,Delivered,9
ORD-03881,2024-08-09,CUST11708,Arjun Sharma,37,Other,North,Amritsar,Sports,Football,9,6043.66,0.35,35355.411,12593.51,35.57,Debit Card,2,False,Cancelled,1
ORD-00358,2020-06-02,CUST25786,Nikhil Verma,33,Male,Central,Nagpur,Clothing,Kurta,9,1720.87,0.07,14403.681899999998,5490.24,62.42,Credit Card,1,False,Cancelled,8
ORD-02955,2023-07-04,CUST34816,Arjun Bhat,41,Other,East,Guwahati,Clothing,Saree,6,1234.86,0.13,6445.9692,4328.1,63.86,Emi,2,False,Delivered,6
ORD-03032,2023-08-05,CUST90825,Rahul Gupta,30,Other,South,Chennai,Groceries,Dal (1Kg),3,394.17,0.1,1064.259,91.2,58.94,Net Banking,5,False,Delivered,1
ORD-03487,2024-02-24,CUST26096,Shreya Shah,39,Other,West,Surat,Books,Comic Book,4,288.31,0.08,1060.9808,424.38,65.73,Net Banking,3,False,Delivered,7
ORD-03074,2023-08-20,CUST55244,Ananya Bose,24,M,North,Ludhiana,Clothing,T-Shirt,7,3670.29,0.27,18755.1819,9315.22,40.44,Upi,1,False,Cancelled,9
ORD-00311,2020-05-16,CUST95800,Priya Das,23,Female,East,Kolkata,Furniture,Desk,10,13553.87,0.13,117918.66900000001,32317.75,87.72,Cash On Delivery,3,False,Delivered,9
ORD-03580,2024-04-04,CUST38004,Aarav Nair,27,Other,South,Kochi,Clothing,Saree,9,2254.39,0.32,13796.866799999998,5765.83,101.76,Debit Card,4,True,Returned,8
ORD-01308,2021-08-11,CUST81370,Amit Sharma,39,Other,West,Pune,Clothing,Jeans,10,1816.68,0.15,15441.779999999999,7198.9,61.69,Credit Card,5,False,Cancelled,2
ORD-00128,2020-02-19,CUST31223,Vikram Chatterjee,26,Female,North,Ludhiana,Groceries,Flour,0,458.64,0.35,0.0,23.39,42.91,Cash On Delivery,5,False,Delivered,4
ORD-03477,2024-02-18,CUST49962,Priya Chatterjee,35,Other,North,Ludhiana,Electronics,Tablet,5,54916.9,0.4,164750.69999999998,24965.38,46.27,Credit Card,5,False,Shipped,8
ORD-01831,2022-03-24,CUST23447,Arjun Sharma,17,Male,Central,Nagpur,Clothing,Kurta,4,2766.72,0.34,7304.140799999998,3180.32,51.11,Net Banking,5,False,Delivered,7
ORD-03785,2024-07-04,CUST16284,Ananya Iyer,40,Female,East,Bhubaneswar,Groceries,Dal (1Kg),3,316.44,0.33,636.0443999999999,72.84,95.3,Debit Card,3,False,Delivered,1
ORD-00660,2020-10-24,CUST65041,Priya Rao,36,Female,South,Bangalore,Groceries,Dal (1Kg),5,425.46,0.08,1957.1159999999998,99.18,73.11,Upi,5,False,Delivered,9
ORD-02979,2023-07-14,CUST09411,Arjun Singh,39,Female,South,Chennai,Sports,Tennis Racket,4,1405.49,0.31,3879.1524,1445.6,69.73,Emi,3,False,Delivered,6
ORD-01674,2022-01-17,CUST09628,Sunita Mehta,38,Female,South,Hyderabad,Furniture,Bed Frame,9,18712.5,0.28,121257.0,31705.16,69.33,Cash On Delivery,4,False,Delivered,7
ORD-03129,2023-09-12,CUST31428,Karan Chatterjee,29,Other,West,Pune,Furniture,Bed Frame,6,5060.62,0.26,22469.1528,10234.55,79.73,Cash On Delivery,3,True,Returned,8
ORD-01531,2021-11-18,CUST67021,Kavya Pillai,44,Female,West,Surat,Furniture,Bed Frame,1,3623.08,0.17,3007.1564,856.29,74.4,Debit Card,2,False,Pending,3
ORD-02713,2023-03-22,CUST44605,Rohan Gupta,30,F,West,Surat,Furniture,Bed Frame,4,23122.77,0.34,61044.112799999995,25870.08,83.74,Emi,4,False,Delivered,1
ORD-03661,2024-05-10,CUST49064,Deepa Shah,30,Female,Central,Nagpur,Beauty,Hair Oil,8,1253.12,0.3,7017.471999999999,7180.54,32.68,Net Banking,3,False,Delivered,10
ORD-00044,2020-01-17,CUST88344,Arjun Nair,21,Other,West,Mumbai,Groceries,Cooking Oil,7,134.49,0.17,781.3869,54.43,58.18,Emi,1,True,Returned,9
ORD-02505,2022-12-23,CUST69354,Kavya Nair,38,Female,Central,Indore,Groceries,Dal (1Kg),10,358.19,0.01,3546.081,268.81,72.77,Emi,2,False,Cancelled,1
ORD-03756,2024-06-24,CUST46771,Karan Verma,46,Other,East,Kolkata,Sports,Dumbbells,2,4339.24,0.04,8331.3408,2162.54,103.91,Credit Card,5,False,Delivered,2
ORD-02262,2022-09-11,CUST07130,Shreya Iyer,20,Other,Central,Nagpur,Books,Fiction Novel,2,281.44,0.05,534.736,145.84,75.48,Cash On Delivery,2,False,Delivered,6
ORD-03459,2024-02-08,CUST64884,Meera Bose,5,Male,East,Bhubaneswar,Electronics,Camera,9,43024.67,0.36,247822.0992,27942.75,62.42,Debit Card,2,False,Delivered,8
ORD-04093,2024-11-10,CUST78809,Priya Reddy,38,Female,West,Ahmedabad,Sports,Dumbbells,10,4613.71,0.17,38293.793,8096.33,57.21,Credit Card,1,False,Delivered,8
ORD-01793,2022-03-05,CUST72099,Aarav Das,44,Female,West,Mumbai,Furniture,Wardrobe,10,30639.28,0.33,205283.17599999998,67740.72,51.84,Upi,1,False,Delivered,4
ORD-01741,2022-02-12,CUST77934,Rahul Singh,42,Other,North,Amritsar,Sports,Tennis Racket,8,3604.43,0.14,24798.4784,5019.11,45.29,Cash On Delivery,3,False,Delivered,1
ORD-04012,2024-09-29,CUST14684,Aditya Gupta,6,Other,Central,Nagpur,Sports,Tennis Racket,2,14686.72,0.25,22030.079999999998,7672.73,59.7,Net Banking,2,False,Delivered,8
ORD-02250,2022-09-08,CUST89025,Priya Kumar,46,Female,West,Mumbai,Clothing,Saree,2,3788.19,0.0,7576.38,2213.1,65.7,Net Banking,3,False,Pending,8
ORD-01419,2021-10-01,CUST19497,Vikram Mehta,8,Male,West,Ahmedabad,Sports,Football,9,14766.84,0.35,86386.014,16949.03,34.32,Upi,5,False,Delivered,10
ORD-01546,2021-11-23,CUST16135,Nikhil Singh,39,Female,Central,Indore,Furniture,Wardrobe,8,29381.66,0.22,183341.5584,32492.98,48.89,Upi,1,False,Delivered,3
ORD-02539,2023-01-07,CUST20162,Deepa Nair,32,Female,South,Bangalore,Groceries,Sugar,9,314.07,0.33,1893.8420999999998,125.71,61.79,Upi,1,False,Delivered,2
ORD-02364,2022-10-18,CUST13899,Rohan Mishra,40,Male,South,Hyderabad,Groceries,Cooking Oil,1,480.83,0.03,466.40509999999995,28.39,66.81,Emi,2,True,Returned,10
ORD-04188,2024-12-26,CUST03222,Pooja Bhat,34,Other,Central,Bhopal,Furniture,Chair,10,21965.61,0.25,164742.075,51299.09,54.26,Net Banking,1,True,Returned,10
ORD-01004,2021-03-31,CUST99373,Kavya Nair,67,Male,Central,Raipur,Groceries,Dal (1Kg),3,205.29,0.0,615.87,44.95,36.41,Net Banking,1,False,Delivered,6
ORD-04020,2024-10-07,CUST94098,Deepa Iyer,43,Other,South,Hyderabad,Books,Self-Help Book,7,1255.05,0.06,8258.229,4389.61,46.86,Debit Card,5,False,Cancelled,10
ORD-02496,2022-12-19,CUST46384,Pooja Pillai,27,Male,North,Chandigarh,Electronics,Tablet,9,35439.71,0.1,287061.651,27911.46,45.64,Net Banking,5,False,Shipped,6
ORD-01843,2022-03-26,CUST28515,Nikhil Singh,29,Male,East,Guwahati,Furniture,Bed Frame,2,7344.48,0.18,12044.9472,4347.31,74.59,Cash On Delivery,5,False,Delivered,4
ORD-03784,2024-07-04,CUST30184,Meera Bhat,36,Other,West,Pune,Clothing,Jacket,6,3443.27,0.34,13635.349199999997,6106.27,43.69,Emi,3,False,Delivered,4
ORD-03869,2024-08-05,CUST15668,Nisha Bhat,17,Male,East,Kolkata,Beauty,Hair Oil,3,1163.57,0.3,2443.497,1296.23,79.7,Credit Card,1,False,Delivered,7
ORD-03225,2023-10-26,CUST29656,Amit Bhat,30,Female,West,Mumbai,Clothing,Saree,8,763.91,0.37,3850.1063999999997,1673.43,53.43,Upi,3,False,Delivered,6
ORD-02042,2022-06-18,CUST37864,Sanjay Kapoor,49,Other,South,Hyderabad,Sports,Cycle,1,3118.43,0.23,2401.1911,1157.76,70.54,Credit Card,4,False,Delivered,3
ORD-01184,2021-06-16,CUST45729,Ananya Mishra,31,Female,East,Patna,Books,Biography,8,1312.46,0.07,9764.7024,6179.92,55.66,Emi,3,False,Delivered,7
ORD-00366,2020-06-05,CUST37493,Aditya Iyer,34,Male,South,Bangalore,Books,Self-Help Book,8,1191.17,0.39,5812.9096,3452.54,91.97,Net Banking,5,False,Shipped,2
ORD-01921,2022-04-29,CUST32688,Ananya Mehta,16,Male,East,Kolkata,Books,Textbook,7,331.77,0.38,1439.8817999999999,587.87,93.29,Credit Card,3,False,Delivered,2
ORD-04105,2024-11-17,CUST23063,Rohan Rao,33,Other,East,Patna,Sports,Tennis Racket,8,10030.91,0.02,78642.33439999999,15466.13,100.02,Emi,3,False,Delivered,3
ORD-02946,2023-06-30,CUST34949,Sunita Sharma,29,Other,East,Bhubaneswar,Books,Comic Book,0,1028.79,0.32,0.0,441.92,77.01,Credit Card,3,True,Returned,3
ORD-03807,2024-07-13,CUST40435,Aditya Singh,34,Male,East,Guwahati,Groceries,Cooking Oil,10,263.05,0.28,1893.96,252.71,60.29,Net Banking,4,False,Delivered,9
ORD-02692,2023-03-13,CUST16083,Aditya Singh,40,Female,East,Patna,Groceries,Dal (1Kg),5,83.39,0.13,362.74649999999997,48.88,72.28,Cash On Delivery,5,False,Delivered,8
ORD-01839,2022-03-26,CUST27694,Arjun Shah,21,Male,South,Kochi,Clothing,Jeans,3,3430.47,0.0,10291.41,4466.86,69.55,Emi,2,False,Delivered,1
ORD-01917,2022-04-28,CUST61040,Aditya Sharma,21,Male,West,Ahmedabad,Groceries,Flour,9,150.66,0.3,949.158,82.84,30.25,Emi,5,False,Delivered,4
ORD-01495,2021-11-02,CUST79339,Karan Nair,48,Other,South,Chennai,Furniture,Wardrobe,3,22015.61,0.33,44251.376099999994,5647.61,67.29,Credit Card,5,False,Delivered,9
ORD-01756,2022-02-17,CUST12665,Pooja Sharma,35,Other,Central,Raipur,Furniture,Bed Frame,1,28755.19,0.03,27892.5343,5824.34,35.93,Emi,4,False,Delivered,4
ORD-01151,2021-05-31,CUST42604,Arjun Joshi,45,Female,East,Patna,Clothing,Kurta,1,708.87,0.04,680.5151999999999,364.6,69.26,Emi,1,False,Delivered,6
ORD-02820,2023-05-09,CUST01567,Priya Verma,34,Male,East,Bhubaneswar,Sports,Football,5,635.13,0.28,2286.468,756.53,93.5,Debit Card,3,False,Delivered,8
ORD-01285,2021-08-02,CUST48631,Deepa Singh,31,Male,South,Chennai,Furniture,Sofa,10,14508.49,0.0,145084.9,50893.66,54.2,Emi,5,False,Delivered,9
ORD-04185,2024-12-25,CUST09877,Nisha Mehta,11,Male,South,Bangalore,Clothing,Kurta,6,914.9,0.29,3897.4739999999997,1511.38,91.61,Credit Card,5,False,Shipped,6
ORD-01599,2021-12-14,CUST93504,Rahul Kumar,40,Male,West,Surat,Groceries,Sugar,1,324.69,0.21,256.5051,15.34,67.29,Upi,4,True,Returned,6
ORD-03535,2024-03-15,CUST89629,Ananya Joshi,30,Other,South,Bangalore,Books,Biography,4,840.47,0.24,2555.0288,1532.51,78.49,Credit Card,3,False,Delivered,8
ORD-01314,2021-08-14,CUST47839,Rahul Patel,32,Other,North,Amritsar,Electronics,Laptop,5,69893.85,0.26,258607.245,30513.58,59.78,Cash On Delivery,1,False,Shipped,7
ORD-03944,2024-08-28,CUST94187,Shreya Iyer,43,Other,North,Delhi,Groceries,Rice (5Kg),6,294.0,0.01,1746.36,189.51,46.01,Credit Card,3,False,Delivered,10
ORD-01959,2022-05-16,CUST38124,Amit Sharma,48,Female,South,Hyderabad,Beauty,Shampoo,1,2120.93,0.22,1654.3254,882.31,64.27,Debit Card,5,False,Delivered,5
ORD-00483,2020-08-01,CUST65437,Deepa Verma,20,Female,Central,Bhopal,Beauty,Shampoo,7,1269.11,0.2,7107.016,3040.64,22.45,Net Banking,3,False,Delivered,5
ORD-02595,2023-02-01,CUST96722,Pooja Iyer,47,Other,West,Mumbai,Furniture,Sofa,4,23419.55,0.31,64637.95799999999,24893.16,60.16,Cash On Delivery,3,False,Shipped,10
ORD-02128,2022-07-24,CUST18334,Sanjay Kumar,3,Male,North,Chandigarh,Groceries,Cooking Oil,7,371.4,0.26,1923.8519999999999,304.02,51.93,Net Banking,1,True,Returned,6
ORD-03386,2024-01-04,CUST80775,Ritu Kumar,63,Female,Central,Nagpur,Beauty,Sunscreen,4,2223.64,0.15,7560.375999999999,3524.54,33.24,Emi,2,False,Delivered,9
ORD-02283,2022-09-19,CUST06888,Ananya Chatterjee,44,Male,South,Kochi,Clothing,Dress,8,598.22,0.37,3015.0288,1290.64,67.18,Upi,5,False,Delivered,7
ORD-03743,2024-06-19,CUST19488,Arjun Singh,39,M,South,Kochi,Books,Biography,10,483.9,0.06,4548.66,3499.59,70.77,Emi,3,False,Shipped,6
ORD-01955,2022-05-14,CUST76793,Arjun Iyer,28,Male,Central,Bhopal,Electronics,Smartwatch,4,17943.13,0.05,68183.894,10497.7,76.28,Debit Card,5,False,Delivered,6
ORD-00903,2021-02-09,CUST30562,Shreya Bose,46,Female,West,Mumbai,Groceries,Flour,6,442.45,0.28,1911.3839999999998,144.22,60.22,Emi,2,False,Cancelled,1
ORD-03047,2023-08-11,CUST16193,Kavya Kapoor,34,Other,North,Chandigarh,Sports,Tennis Racket,10,12222.2,0.28,87999.84,28537.32,26.86,Debit Card,5,False,Delivered,8
ORD-02998,2023-07-21,CUST44251,Amit Bose,38,Female,North,Delhi,Sports,Cycle,7,14576.84,0.04,97956.3648,34015.33,54.66,Credit Card,3,False,Shipped,4
ORD-01779,2022-02-28,CUST52985,Karan Mehta,12,Female,East,Patna,Furniture,Desk,6,9814.26,0.23,45341.881199999996,8877.95,54.67,Upi,1,True,Returned,8
ORD-00832,2021-01-15,CUST36178,Shreya Reddy,43,M,South,Bangalore,Furniture,Sofa,10,15368.38,0.3,107578.65999999999,25001.12,71.29,Upi,2,False,Delivered,6
ORD-02180,2022-08-13,CUST97256,Sanjay Sharma,50,Male,North,Ludhiana,Electronics,Laptop,6,6117.71,0.16,30833.2584,4428.08,28.16,Debit Card,3,False,Shipped,4
ORD-03884,2024-08-09,CUST63006,Karan Bose,36,Other,Central,Indore,Groceries,Flour,2,66.77,0.01,132.2046,11.57,50.95,Cash On Delivery,3,False,Delivered,8
ORD-00650,2020-10-17,CUST76163,Karan Reddy,34,Other,South,Hyderabad,Sports,Cricket Bat,6,8844.24,0.0,53065.44,12774.01,53.01,Credit Card,4,False,Delivered,1
ORD-00328,2020-05-22,CUST60147,Pooja Nair,33,Other,North,Amritsar,Electronics,Smartwatch,9,45918.69,0.29,293420.4291,29447.82,48.88,Net Banking,4,False,Delivered,6
ORD-02273,2022-09-15,CUST71816,Nisha Verma,36,Female,Central,Nagpur,Books,Textbook,9,1131.92,0.12,8964.806400000001,3680.22,39.84,Emi,3,False,Delivered,7
ORD-01865,2022-04-02,CUST36542,Sanjay Bhat,44,Female,North,Chandigarh,Electronics,Laptop,6,8309.27,0.28,35896.0464,6755.64,53.74,Debit Card,5,False,Delivered,8
ORD-03447,2024-02-04,CUST05925,Aditya Kapoor,53,Female,North,Amritsar,Clothing,Kurta,9,1260.16,0.29,8052.4224,1885.34,43.16,Debit Card,3,False,Delivered,3
ORD-01509,2021-11-09,CUST01750,Nikhil Pillai,49,Male,West,Mumbai,Beauty,Face Cream,2,1889.82,0.31,2607.9516,602.0,54.82,Emi,5,False,Delivered,6
ORD-00301,2020-05-11,CUST15889,Sunita Chatterjee,26,Female,Central,Raipur,Electronics,Headphones,8,40911.48,0.09,297835.57440000004,40799.74,67.15,Debit Card,1,False,Delivered,4
ORD-01048,2021-04-20,CUST60742,Aarav Nair,45,Other,North,Delhi,Sports,Yoga Mat,9,11805.28,0.27,77560.6896,29866.83,49.92,Cash On Delivery,1,False,Delivered,8
ORD-00261,2020-04-24,CUST73139,Ananya Iyer,34,Female,South,Chennai,Sports,Tennis Racket,2,3013.7,0.11,5364.3859999999995,1988.95,55.35,Upi,1,False,Delivered,10
ORD-02272,2022-09-14,CUST73221,Deepa Patel,28,Male,North,Chandigarh,Beauty,Sunscreen,10,537.83,0.23,4141.291,2340.29,51.8,Net Banking,5,False,Delivered,10
ORD-03533,2024-03-15,CUST80821,Nisha Pillai,27,Other,South,Hyderabad,Beauty,Lipstick,3,1642.41,0.08,4533.051600000001,2075.45,71.2,Upi,3,True,Returned,5
ORD-01080,2021-05-03,CUST75006,Aditya Mehta,38,Female,Central,Nagpur,Beauty,Sunscreen,9,1894.31,0.16,14320.9836,10031.98,58.22,Emi,4,False,Pending,4
ORD-00480,2020-07-31,CUST64893,Nikhil Kumar,41,Female,West,Surat,Beauty,Sunscreen,1,765.68,0.21,604.8872,338.31,66.83,Cash On Delivery,4,False,Delivered,1
ORD-03883,2024-08-09,CUST62193,Aarav Kumar,45,Female,Central,Raipur,Electronics,Smartwatch,9,15767.46,0.02,139068.99719999998,22958.1,44.62,Credit Card,3,True,Returned,6
ORD-01340,2021-08-24,CUST16922,Deepa Gupta,32,Female,South,Chennai,Beauty,Hair Oil,4,154.86,0.33,415.02479999999997,235.99,64.4,Debit Card,3,False,Delivered,6
ORD-02424,2022-11-14,CUST76878,Deepa Chatterjee,25,Other,South,Kochi,Clothing,Dress,7,1668.16,0.14,10042.3232,2178.68,85.58,Upi,3,False,Delivered,7
ORD-00513,2020-08-14,CUST92623,Deepa Kapoor,44,Male,North,Delhi,Clothing,Kurta,8,310.3,0.25,1861.8000000000002,737.69,67.74,Credit Card,2,False,Delivered,1
ORD-00871,2021-01-31,CUST03293,Nikhil Singh,56,Other,West,Ahmedabad,Clothing,Jeans,9,3487.25,0.28,22597.379999999997,4665.95,82.7,Cash On Delivery,3,False,Pending,1
ORD-03951,2024-08-31,CUST33825,Shreya Pillai,50,Other,South,Bangalore,Furniture,Bed Frame,10,26635.98,0.06,250378.21199999997,78146.62,68.75,Upi,3,False,Pending,1
ORD-02460,2022-12-03,CUST99353,Kavya Patel,53,Other,South,Kochi,Furniture,Sofa,8,18080.06,0.05,137408.456,35354.74,73.79,Credit Card,4,False,Pending,8
ORD-03672,2024-05-14,CUST50417,Ananya Pillai,31,Female,West,Surat,Groceries,Dal (1Kg),9,452.08,0.37,2563.2936,347.56,25.04,Emi,3,True,Returned,8
ORD-01900,2022-04-19,CUST41577,Aditya Pillai,44,Other,West,Ahmedabad,Electronics,Tablet,4,77381.07,0.18,253809.90960000004,37606.07,56.99,Net Banking,4,False,Delivered,6
ORD-01401,2021-09-24,CUST40146,Sanjay Mehta,22,Female,South,Bangalore,Beauty,Lipstick,6,669.59,0.13,3495.2598,1841.16,75.65,Net Banking,3,False,Delivered,9
ORD-02311,2022-10-01,CUST01001,Karan Sharma,44,Male,North,Amritsar,Furniture,Bed Frame,3,27210.05,0.19,66120.4215,17708.26,59.37,Net Banking,2,False,Delivered,3
ORD-02582,2023-01-27,CUST82185,Ananya Shah,5,Male,North,Ludhiana,Groceries,Dal (1Kg),7,339.27,0.26,1757.4186,86.12,73.68,Credit Card,1,False,Delivered,4
ORD-01062,2021-04-26,CUST17327,Deepa Patel,35,Female,Central,Indore,Beauty,Face Cream,7,2147.13,0.14,12925.7226,7449.79,44.3,Emi,1,True,Returned,6
ORD-03522,2024-03-10,CUST10582,Vikram Joshi,28,Other,North,Chandigarh,Clothing,Jeans,3,1169.59,0.08,3228.0683999999997,1679.66,39.22,Credit Card,3,False,Cancelled,9
ORD-03523,2024-03-10,CUST64913,Deepa Shah,25,Male,East,Bhubaneswar,Beauty,Lipstick,8,2047.88,0.33,10976.6368,7218.0,91.61,Upi,4,False,Delivered,7
ORD-02775,2023-04-16,CUST34245,Kavya Singh,24,Other,Central,Raipur,Groceries,Rice (5Kg),9,116.77,0.32,714.6324,79.45,52.95,Debit Card,3,False,Delivered,1
ORD-00802,2020-12-30,CUST38432,Rahul Joshi,23,Female,Central,Nagpur,Sports,Cricket Bat,3,642.91,0.33,1292.2490999999998,176.34,61.52,Debit Card,2,True,Returned,6
ORD-02178,2022-08-12,CUST85408,Nisha Chatterjee,64,Female,South,Bangalore,Books,Biography,5,923.72,0.19,3741.0660000000007,2749.25,63.68,Net Banking,2,True,Returned,1
ORD-01815,2022-03-15,CUST92618,Amit Pillai,44,Other,North,Chandigarh,Clothing,Saree,2,348.61,0.37,439.2486,156.44,76.85,Emi,3,False,Delivered,6
ORD-00510,2020-08-14,CUST90008,Deepa Nair,39,Other,North,Amritsar,Groceries,Dal (1Kg),7,406.08,0.37,1790.8128,109.82,1.6,Credit Card,5,False,Delivered,7
ORD-02457,2022-12-01,CUST32217,Rohan Reddy,24,Female,East,Patna,Sports,Yoga Mat,3,8281.49,0.28,17888.0184,4700.02,73.15,Upi,3,False,Delivered,2
ORD-03632,2024-04-28,CUST07289,Priya Gupta,26,Female,East,Patna,Groceries,Flour,2,180.86,0.04,347.25120000000004,40.04,88.04,Credit Card,4,False,Delivered,5
ORD-00725,2020-11-29,CUST53613,Sanjay Mishra,40,Male,West,Ahmedabad,Groceries,Rice (5Kg),7,486.89,0.23,2624.3371,122.41,56.74,Debit Card,5,False,Delivered,4
ORD-03726,2024-06-13,CUST30497,Aarav Rao,47,Other,South,Chennai,Beauty,Face Cream,4,1180.84,0.39,2881.2495999999996,3098.15,55.9,Emi,3,False,Delivered,6
ORD-01856,2022-03-31,CUST17816,Nisha Das,22,Other,East,Guwahati,Electronics,Laptop,9,51210.29,0.26,341060.5314,47793.41,80.02,Emi,3,False,Delivered,7
ORD-03831,2024-07-23,CUST20981,Pooja Gupta,37,Male,West,Ahmedabad,Sports,Cricket Bat,1,9065.16,0.15,7705.3859999999995,2690.0,73.71,Net Banking,4,False,Delivered,4
ORD-01745,2022-02-14,CUST00928,Arjun Shah,64,Other,Central,Bhopal,Furniture,Desk,9,20253.5,0.07,169521.79499999998,57254.45,53.7,Upi,3,False,Delivered,2
ORD-00067,2020-01-25,CUST86021,Vikram Rao,49,Female,Central,Nagpur,Beauty,Sunscreen,4,969.74,0.0,3878.96,1113.65,41.6,Upi,2,False,Delivered,6
ORD-00761,2020-12-11,CUST55772,Priya Reddy,27,Other,South,Kochi,Groceries,Flour,10,315.3,0.29,2238.63,111.69,63.67,Debit Card,2,False,Cancelled,3
ORD-01397,2021-09-22,CUST70416,Pooja Reddy,46,Other,Central,Bhopal,Books,Cook Book,3,1314.32,0.37,2484.0648,1110.89,44.79,Cash On Delivery,3,False,Pending,5
ORD-01622,2021-12-26,CUST32470,Deepa Rao,44,M,Central,Raipur,Clothing,Kurta,7,2270.0,0.09,14459.9,3221.05,55.24,Cash On Delivery,5,False,Delivered,8
ORD-00611,2020-09-29,CUST98921,Pooja Joshi,54,Male,South,Kochi,Furniture,Sofa,10,2744.45,0.38,17015.59,7107.97,63.51,Cash On Delivery,4,False,Delivered,1
ORD-00679,2020-11-03,CUST52083,Sunita Reddy,37,Other,East,Patna,Beauty,Perfume,9,1906.76,0.36,10982.937600000001,3960.36,91.4,Net Banking,4,False,Shipped,6
ORD-02788,2023-04-21,CUST95526,Karan Sharma,43,Male,North,Ludhiana,Sports,Yoga Mat,1,3242.71,0.34,2140.1886,605.12,37.04,Cash On Delivery,3,False,Delivered,2
ORD-00373,2020-06-08,CUST27217,Nisha Gupta,34,Male,Central,Raipur,Furniture,Desk,4,26538.28,0.28,76430.24639999999,35173.48,70.37,Upi,3,False,Delivered,5
ORD-02159,2022-08-04,CUST82127,Vikram Joshi,20,Female,West,Surat,Beauty,Shampoo,6,2223.4,0.39,8137.644000000001,4822.67,54.1,Upi,1,False,Delivered,1
ORD-02125,2022-07-24,CUST56134,Pooja Nair,33,Other,Central,Bhopal,Groceries,Dal (1Kg),4,63.82,0.37,160.8264,22.21,49.45,Upi,4,True,Returned,10
ORD-03360,2023-12-25,CUST69375,Pooja Verma,37,Male,East,Kolkata,Electronics,Headphones,3,24262.65,0.02,71332.191,9960.87,61.25,Net Banking,2,False,Delivered,10
ORD-02119,2022-07-22,CUST07014,Rohan Iyer,21,Other,Central,Raipur,Sports,Cycle,5,11099.1,0.05,52720.725,21389.61,42.92,Emi,2,False,Delivered,7
ORD-02350,2022-10-13,CUST49485,Sanjay Verma,47,Other,West,Surat,Groceries,Flour,2,463.54,0.14,797.2888,62.99,75.64,Net Banking,5,False,Delivered,2
ORD-01153,2021-06-01,CUST24181,Vikram Chatterjee,57,Other,North,Chandigarh,Furniture,Desk,7,16753.46,0.32,79746.4696,36178.46,49.72,Upi,1,False,Delivered,4
ORD-01716,2022-02-02,CUST37025,Nikhil Joshi,36,Other,North,Ludhiana,Sports,Cricket Bat,3,1355.28,0.1,3659.2560000000003,631.16,55.05,Debit Card,3,False,Delivered,3
ORD-03983,2024-09-12,CUST90035,Kavya Nair,34,Other,East,Patna,Electronics,Camera,1,52760.05,0.27,38514.8365,6374.3,69.78,Cash On Delivery,3,False,Delivered,5
ORD-00243,2020-04-16,CUST09436,Deepa Nair,30,Male,South,Hyderabad,Clothing,Dress,3,995.86,0.13,2599.1946,919.54,83.09,Debit Card,2,True,Returned,3
ORD-00215,2020-04-04,CUST24370,Priya Bhat,32,M,North,Amritsar,Groceries,Cooking Oil,4,274.86,0.34,725.6303999999999,64.05,67.36,Upi,2,False,Delivered,2
ORD-01261,2021-07-23,CUST72026,Aarav Bose,42,Other,East,Guwahati,Electronics,Smartwatch,0,69372.74,0.32,0.0,9165.4,102.31,Net Banking,3,False,Delivered,8
ORD-02213,2022-08-24,CUST26490,Arjun Bhat,28,Female,East,Guwahati,Electronics,Headphones,1,51058.89,0.38,31656.5118,5436.55,71.72,Net Banking,2,True,Returned,5
ORD-00453,2020-07-19,CUST16095,Sunita Das,14,Female,West,Ahmedabad,Clothing,T-Shirt,5,526.99,0.37,1660.0185,931.96,36.77,Debit Card,2,False,Delivered,5
ORD-03933,2024-08-25,CUST65920,Vikram Bose,30,Female,North,Amritsar,Furniture,Desk,5,5015.22,0.23,19308.597,9170.82,35.02,Emi,3,False,Delivered,10
ORD-02865,2023-05-30,CUST23967,Kavya Shah,19,Male,East,Patna,Electronics,Smartphone,1,11340.22,0.33,7597.947399999999,1893.42,112.08,Credit Card,3,False,Shipped,5
ORD-00424,2020-07-06,CUST80538,Rahul Kumar,50,Other,West,Surat,Beauty,Face Cream,8,122.16,0.04,938.1887999999999,624.96,78.74,Credit Card,1,False,Delivered,8
ORD-01795,2022-03-06,CUST84855,Vikram Reddy,37,Female,North,Chandigarh,Beauty,Shampoo,1,2287.88,0.13,1990.4556,984.29,61.0,Cash On Delivery,3,False,Delivered,10
ORD-02149,2022-08-01,CUST84198,Priya Pillai,15,Female,South,Hyderabad,Sports,Football,3,7029.88,0.0,21089.64,7677.44,83.89,Emi,2,False,Shipped,10
ORD-01333,2021-08-20,CUST98551,Aarav Verma,43,Female,East,Patna,Beauty,Face Cream,7,2072.71,0.36,9285.740800000001,4495.73,76.63,Upi,5,False,Delivered,9
ORD-02981,2023-07-15,CUST16972,Amit Singh,59,Other,East,Kolkata,Groceries,Dal (1Kg),1,420.19,0.04,403.38239999999996,70.71,40.34,Cash On Delivery,3,False,Delivered,4
ORD-02677,2023-03-04,CUST29585,Kavya Singh,28,Female,Central,Indore,Groceries,Tea,7,493.14,0.07,3210.3414,366.06,60.87,Net Banking,3,False,Shipped,2
ORD-01720,2022-02-05,CUST86385,Priya Pillai,25,Other,Central,Raipur,Sports,Dumbbells,5,5502.6,0.01,27237.87,8865.25,65.01,Cash On Delivery,4,False,Delivered,4
ORD-01918,2022-04-28,CUST04256,Ananya Bhat,35,Male,South,Bangalore,Electronics,Smartphone,6,39743.58,0.06,224153.7912,32188.69,78.1,Upi,5,False,Delivered,45
ORD-01679,2022-01-19,CUST27192,Karan Pillai,36,Female,South,Hyderabad,Books,Textbook,7,903.3,0.22,4932.018,1984.59,55.08,Upi,2,False,Delivered,3
ORD-00076,2020-01-29,CUST67944,Vikram Singh,13,Other,Central,Indore,Sports,Dumbbells,2,13459.3,0.24,20458.136,2829.0,42.24,Upi,1,False,Delivered,4
ORD-00684,2020-11-06,CUST61978,Sanjay Kumar,39,Other,Central,Indore,Beauty,Face Cream,3,1239.17,0.37,2342.0313,768.1,50.76,Upi,3,False,Delivered,5
ORD-01786,2022-03-03,CUST84190,Rohan Kapoor,26,Male,East,Bhubaneswar,Beauty,Shampoo,5,2389.78,0.27,8722.697,4445.3,88.28,Credit Card,1,False,Delivered,6
ORD-03011,2023-07-27,CUST93010,Deepa Singh,35,F,South,Hyderabad,Sports,Dumbbells,10,14369.58,0.19,116393.598,43778.31,70.01,Upi,2,False,Delivered,3
ORD-03226,2023-10-27,CUST57729,Pooja Bhat,47,Male,Central,Bhopal,Sports,Dumbbells,10,4956.92,0.26,36681.208,10028.06,55.21,Emi,2,False,Delivered,6
ORD-00935,2021-02-26,CUST09173,Shreya Kumar,32,Female,North,Amritsar,Furniture,Bed Frame,3,26021.42,0.06,73380.40439999998,15110.03,29.22,Credit Card,3,False,Delivered,1
ORD-01833,2022-03-24,CUST97409,Shreya Patel,27,Female,South,Hyderabad,Books,Biography,5,845.02,0.38,2619.5620000000004,1423.14,65.17,Emi,3,False,Delivered,7
ORD-02179,2022-08-13,CUST70183,Rahul Sharma,34,Male,South,Chennai,Clothing,Jeans,7,838.11,0.21,4634.7483,2068.64,74.48,Emi,4,False,Delivered,4
ORD-02086,2022-07-08,CUST76981,Vikram Sharma,32,Male,West,Ahmedabad,Furniture,Wardrobe,4,34455.3,0.15,117148.02,53474.69,73.85,Cash On Delivery,1,False,Delivered,8
ORD-01994,2022-05-30,CUST77542,Kavya Kumar,29,Female,North,Delhi,Beauty,Shampoo,1,737.47,0.08,678.4724000000001,502.12,86.32,Net Banking,3,False,Delivered,10
ORD-02640,2023-02-16,CUST79657,Vikram Nair,8,Male,South,Chennai,Clothing,Jeans,10,1075.33,0.06,10108.101999999999,3323.08,58.54,Emi,2,False,Delivered,1
ORD-00666,2020-10-28,CUST11287,Shreya Shah,26,Female,North,Delhi,Sports,Cycle,5,1900.51,0.24,7221.937999999999,1237.06,31.46,Credit Card,1,False,Delivered,10
ORD-01446,2021-10-15,CUST71072,Aarav Chatterjee,34,Male,West,Mumbai,Books,Biography,10,521.91,0.13,4540.616999999999,1720.46,41.86,Debit Card,2,False,Delivered,7
ORD-01573,2021-12-04,CUST89799,Priya Iyer,43,Male,East,Guwahati,Groceries,Tea,6,479.7,0.21,2273.778,138.58,81.02,Debit Card,1,False,Delivered,4
ORD-02177,2022-08-12,CUST13161,Sanjay Pillai,26,Male,Central,Nagpur,Sports,Tennis Racket,3,13900.23,0.06,39198.6486,12908.85,55.5,Credit Card,5,False,Delivered,3
ORD-01727,2022-02-08,CUST59056,Sanjay Chatterjee,48,Other,West,Pune,Groceries,Dal (1Kg),9,220.51,0.0,1984.59,156.87,75.94,Debit Card,1,True,Returned,2
ORD-01816,2022-03-15,CUST09358,Pooja Verma,47,Female,East,Kolkata,Clothing,Dress,0,2706.32,0.18,0.0,804.13,91.14,Credit Card,3,False,Shipped,7
ORD-01231,2021-07-10,CUST41296,Arjun Bhat,48,Female,South,Bangalore,Clothing,Saree,2,796.71,0.25,1195.065,494.29,79.43,Emi,1,False,Shipped,7
ORD-03928,2024-08-23,CUST93025,Vikram Pillai,34,Female,West,Surat,Books,Cook Book,9,545.35,0.1,4417.335000000001,2838.94,63.95,Debit Card,2,True,Returned,4
ORD-00949,2021-03-06,CUST62789,Nikhil Nair,22,Female,East,Guwahati,Sports,Football,1,12745.08,0.04,12235.2768,3273.37,95.74,Upi,3,True,Returned,1
ORD-02969,2023-07-08,CUST90919,Meera Pillai,39,Male,South,Chennai,Electronics,Tablet,10,75218.46,0.11,669444.2940000001,126516.22,87.54,Credit Card,5,False,Delivered,6
ORD-02219,2022-08-26,CUST79612,Meera Bose,55,Other,South,Kochi,Clothing,Dress,3,2275.89,0.37,4301.4321,2003.88,91.14,Credit Card,2,False,Pending,8
ORD-00356,2020-06-02,CUST08599,Priya Gupta,35,M,Central,Indore,Beauty,Sunscreen,9,1088.49,0.18,8033.056200000001,3831.73,58.48,Credit Card,1,False,Delivered,6
ORD-01691,2022-01-24,CUST25926,Sunita Joshi,47,Other,Central,Indore,Clothing,Jeans,9,2676.81,0.06,22645.8126,6907.31,80.49,Debit Card,1,False,Delivered,7
ORD-01320,2021-08-16,CUST49427,Nisha Bhat,27,Other,East,Bhubaneswar,Clothing,Saree,5,1016.27,0.31,3506.1315,996.28,80.84,Upi,3,False,Delivered,8
ORD-03846,2024-07-29,CUST69930,Vikram Kapoor,58,Male,South,Bangalore,Sports,Football,3,14603.58,0.26,32419.9476,10463.09,56.67,Credit Card,2,False,Delivered,7
ORD-02738,2023-03-31,CUST25037,Shreya Joshi,40,Other,North,Chandigarh,Electronics,Tablet,6,51056.11,0.12,269576.26080000005,46670.71,55.16,Upi,3,True,Returned,6
ORD-00448,2020-07-16,CUST82556,Kavya Verma,45,Other,Central,Raipur,Groceries,Tea,3,338.27,0.21,801.6999,91.98,65.89,Debit Card,3,False,Pending,1
ORD-02008,2022-06-04,CUST38535,Ritu Chatterjee,24,Female,North,Ludhiana,Books,Comic Book,5,1362.67,0.35,4428.677500000001,3271.94,53.41,Net Banking,2,False,Delivered,7
ORD-03723,2024-06-12,CUST40746,Meera Nair,33,Other,North,Ludhiana,Furniture,Desk,8,24394.07,0.35,126849.164,52364.3,37.42,Cash On Delivery,1,False,Delivered,2
ORD-02685,2023-03-10,CUST44671,Aditya Pillai,22,Female,North,Delhi,Clothing,Kurta,9,2747.04,0.29,17553.5856,7428.62,39.99,Net Banking,3,False,Cancelled,7
ORD-00057,2020-01-21,CUST26450,Pooja Joshi,34,Other,South,Chennai,Groceries,Rice (5Kg),10,104.12,0.32,708.016,20.12,81.05,Debit Card,4,False,Shipped,7
ORD-00856,2021-01-25,CUST85777,Aditya Kumar,28,Other,Central,Nagpur,Sports,Cycle,4,11854.96,0.0,47419.84,9643.25,65.47,Net Banking,2,False,Delivered,3
ORD-00932,2021-02-25,CUST66017,Nisha Chatterjee,35,Male,South,Bangalore,Electronics,Smartphone,4,40123.0,0.3,112344.4,10117.28,58.87,Net Banking,3,True,Returned,10
ORD-03730,2024-06-15,CUST49008,Kavya Reddy,24,Male,East,Bhubaneswar,Electronics,Tablet,4,56393.82,0.37,142112.4264,36073.62,49.73,Upi,2,False,Delivered,10
ORD-04003,2024-09-24,CUST94541,Shreya Bose,42,Female,West,Mumbai,Beauty,Lipstick,7,1565.4,0.05,10409.91,6557.25,48.19,Net Banking,3,False,Delivered,2
ORD-03393,2024-01-08,CUST78516,Ritu Shah,53,Male,East,Kolkata,Groceries,Flour,8,300.87,0.35,1564.5240000000001,134.52,86.63,Debit Card,2,False,Cancelled,10
ORD-04140,2024-12-04,CUST10076,Sanjay Iyer,47,Male,Central,Raipur,Beauty,Shampoo,9,173.38,0.35,1014.2730000000001,355.07,33.17,Cash On Delivery,5,False,Cancelled,10
ORD-02578,2023-01-27,CUST92230,Pooja Kapoor,40,Male,South,Bangalore,Clothing,Dress,8,3588.97,0.0,28711.76,6791.82,59.97,Net Banking,5,False,Delivered,10
ORD-03991,2024-09-19,CUST26095,Aditya Reddy,31,Female,South,Chennai,Beauty,Face Cream,10,1064.73,0.23,8198.421,3730.48,58.78,Credit Card,2,False,Cancelled,2
ORD-02080,2022-07-06,CUST66538,Rahul Pillai,50,Other,South,Bangalore,Furniture,Desk,5,33788.21,0.14,145289.30299999999,61443.22,95.75,Cash On Delivery,3,True,Returned,7
ORD-01603,2021-12-15,CUST45758,Sanjay Nair,25,Other,West,Pune,Beauty,Shampoo,4,2108.75,0.32,5735.799999999999,1577.65,74.62,Emi,2,False,Delivered,6
ORD-02170,2022-08-09,CUST83068,Kavya Shah,42,Other,Central,Nagpur,Books,Self-Help Book,3,969.7,0.1,2618.1900000000005,1386.74,44.19,Credit Card,1,False,Delivered,4
ORD-00743,2020-12-03,CUST22966,Sunita Singh,9,Male,East,Guwahati,Furniture,Desk,9,29323.2,0.31,182097.072,30686.83,80.41,Debit Card,4,True,Returned,5
ORD-03095,2023-08-30,CUST91267,Ritu Patel,27,Female,Central,Nagpur,Beauty,Perfume,10,427.76,0.04,4106.496,1801.67,67.38,Upi,5,False,Delivered,1
ORD-00810,2021-01-06,CUST91471,Pooja Gupta,18,Male,South,Kochi,Beauty,Perfume,2,586.74,0.39,715.8228,319.17,83.13,Credit Card,3,False,Delivered,6
ORD-00595,2020-09-24,CUST82726,Karan Rao,15,Other,North,Amritsar,Electronics,Laptop,6,51445.76,0.28,222245.6832,22619.43,67.8,Credit Card,2,False,Delivered,5
ORD-01510,2021-11-10,CUST71235,Shreya Sharma,62,Female,South,Kochi,Groceries,Flour,2,331.43,0.15,563.431,21.42,54.3,Upi,2,False,Delivered,4
ORD-00878,2021-02-02,CUST74864,Vikram Sharma,41,Female,North,Ludhiana,Groceries,Tea,1,409.48,0.32,278.4464,21.85,52.01,Upi,5,False,Cancelled,5
ORD-00381,2020-06-11,CUST02130,Ananya Verma,29,Male,West,Surat,Sports,Tennis Racket,7,9615.9,0.34,44425.458,13253.84,48.62,Emi,3,True,Returned,8
ORD-02628,2023-02-14,CUST48700,Meera Bose,30,Male,Central,Nagpur,Electronics,Smartwatch,9,65519.43,0.23,454049.6499,51648.1,68.64,Credit Card,1,True,Returned,9
ORD-03708,2024-06-02,CUST22717,Pooja Das,44,Female,East,Kolkata,Clothing,Kurta,2,843.73,0.32,1147.4728,660.61,92.53,Upi,5,False,Delivered,10
ORD-02585,2023-01-29,CUST32210,Meera Das,33,Male,South,Bangalore,Groceries,Cooking Oil,3,443.89,0.01,1318.3533,75.7,66.88,Cash On Delivery,4,False,Delivered,9
ORD-01884,2022-04-11,CUST42306,Shreya Sharma,62,Female,West,Pune,Beauty,Perfume,7,519.13,0.35,2362.0415,1514.19,82.54,Cash On Delivery,1,True,Returned,9
ORD-02534,2023-01-04,CUST25928,Karan Sharma,36,Male,Central,Nagpur,Sports,Dumbbells,8,6382.18,0.37,32166.1872,3931.39,52.42,Upi,1,True,Returned,8
ORD-01827,2022-03-19,CUST19509,Kavya Nair,13,Other,Central,Raipur,Beauty,Lipstick,1,2486.96,0.3,1740.8719999999998,610.56,67.35,Credit Card,2,False,Delivered,10
ORD-00829,2021-01-15,CUST78751,Rahul Chatterjee,42,Other,South,Chennai,Furniture,Desk,10,25214.06,0.36,161369.984,39084.78,68.52,Credit Card,5,True,Returned,3
ORD-01220,2021-07-04,CUST25349,Kavya Iyer,27,Male,North,Ludhiana,Electronics,Laptop,5,42777.53,0.21,168971.2435,27062.25,46.76,Debit Card,2,False,Cancelled,6
ORD-03491,2024-02-26,CUST43868,Aarav Bhat,37,Male,South,Chennai,Groceries,Cooking Oil,10,150.97,0.35,981.3050000000001,113.82,61.55,Upi,2,False,Delivered,7
ORD-04191,2024-12-26,CUST42768,Nisha Singh,4,Female,West,Surat,Sports,Cycle,8,1646.28,0.25,9877.68,1643.93,58.56,Cash On Delivery,4,False,Delivered,10
ORD-00307,2020-05-13,CUST09307,Meera Shah,27,Female,South,Hyderabad,Electronics,Camera,10,75021.17,0.13,652684.179,112520.6,68.07,Emi,1,True,Returned,5
ORD-03600,2024-04-15,CUST20450,Shreya Shah,31,Female,Central,Nagpur,Sports,Cricket Bat,4,713.59,0.08,2626.0112000000004,957.0,84.62,Cash On Delivery,5,False,Delivered,8
ORD-03857,2024-08-03,CUST13391,Shreya Sharma,53,Female,West,Mumbai,Furniture,Chair,8,26914.41,0.11,191630.5992,79719.78,50.27,Credit Card,5,False,Delivered,4
ORD-00507,2020-08-13,CUST46786,Aditya Shah,31,Other,South,Chennai,Sports,Yoga Mat,6,1678.96,0.12,8864.908800000001,2148.34,65.84,Cash On Delivery,5,False,Delivered,2
ORD-03454,2024-02-06,CUST89953,Karan Rao,46,Female,West,Ahmedabad,Furniture,Bookshelf,10,16254.1,0.26,120280.34,37227.54,70.22,Upi,3,False,Delivered,1
ORD-00481,2020-08-01,CUST68644,Sunita Verma,19,Male,North,Amritsar,Clothing,Dress,9,2544.25,0.11,20379.4425,7378.5,50.92,Net Banking,2,True,Returned,2
ORD-00609,2020-09-29,CUST16346,Pooja Patel,55,Female,West,Surat,Electronics,Camera,1,22610.21,0.08,20801.3932,2517.07,48.04,Net Banking,4,False,Delivered,5
ORD-02905,2023-06-10,CUST02847,Sunita Pillai,3,F,Central,Bhopal,Clothing,Jeans,5,3673.58,0.01,18184.221,10857.99,74.84,Upi,3,True,Returned,9
ORD-01411,2021-09-28,CUST46708,Rahul Das,41,Male,Central,Bhopal,Books,Comic Book,5,293.56,0.4,880.68,397.44,61.09,Credit Card,4,False,Cancelled,5
ORD-01282,2021-08-01,CUST23140,Ananya Verma,22,Male,Central,Nagpur,Sports,Cycle,7,5887.32,0.27,30084.205199999997,9596.19,68.83,Credit Card,5,False,Delivered,8
ORD-01240,2021-07-14,CUST02075,Karan Bhat,47,F,East,Bhubaneswar,Clothing,Jeans,5,569.89,0.22,2222.571,986.27,87.82,Cash On Delivery,5,False,Delivered,4
ORD-03971,2024-09-08,CUST63045,Shreya Patel,35,Other,East,Kolkata,Beauty,Face Cream,2,1573.95,0.29,2235.009,1137.44,97.85,Cash On Delivery,5,False,Delivered,3
ORD-04179,2024-12-22,CUST52695,Meera Mehta,47,Male,North,Chandigarh,Electronics,Laptop,10,56887.12,0.33,381143.704,41433.48,58.41,Net Banking,1,False,Delivered,6
ORD-04081,2024-11-05,CUST07666,Ananya Gupta,27,Other,East,Guwahati,Electronics,Camera,3,44959.14,0.09,122738.45219999999,8051.31,75.4,Credit Card,1,False,Delivered,6
ORD-03733,2024-06-16,CUST26791,Vikram Pillai,34,Female,East,Bhubaneswar,Groceries,Dal (1Kg),8,164.21,0.25,985.26,136.75,81.6,Debit Card,4,False,Shipped,10
ORD-03421,2024-01-22,CUST55778,Nisha Gupta,44,Male,West,Surat,Sports,Cricket Bat,9,2259.11,0.31,14029.0731,3849.42,64.99,Debit Card,1,False,Delivered,5
ORD-03292,2023-11-24,CUST35522,Pooja Gupta,19,Other,North,Amritsar,Beauty,Lipstick,7,1961.36,0.27,10022.549599999998,4122.3,73.28,Emi,5,False,Delivered,3
ORD-00037,2020-01-14,CUST89513,Nisha Sharma,48,Female,East,Patna,Furniture,Wardrobe,7,6792.29,0.32,32331.300399999996,4870.2,107.06,Cash On Delivery,1,False,Shipped,5
ORD-00859,2021-01-27,CUST24558,Deepa Verma,13,Female,West,Mumbai,Clothing,Jeans,6,362.57,0.02,2131.9116,781.43,66.82,Upi,4,False,Delivered,6
ORD-01796,2022-03-06,CUST63701,Ritu Pillai,42,Male,South,Kochi,Sports,Dumbbells,3,14886.59,0.38,27689.0574,6332.53,89.5,Emi,3,False,Delivered,6
ORD-01799,2022-03-07,CUST98513,Priya Reddy,40,Other,East,Guwahati,Electronics,Smartphone,6,34836.46,0.18,171395.3832,36793.67,90.28,Emi,4,False,Delivered,6
ORD-00454,2020-07-19,CUST32184,Kavya Mishra,27,Male,East,Patna,Groceries,Cooking Oil,1,456.21,0.05,433.39949999999993,43.61,72.68,Upi,4,False,Delivered,2
ORD-01617,2021-12-25,CUST68176,Sanjay Chatterjee,19,Male,Central,Nagpur,Furniture,Sofa,1,10289.79,0.25,7717.342500000001,1688.17,44.08,Debit Card,2,False,Pending,7
ORD-03567,2024-03-29,CUST78044,Sanjay Mehta,44,Other,South,Chennai,Electronics,Smartwatch,3,66697.68,0.14,172080.0144,18032.17,80.02,Cash On Delivery,4,False,Delivered,7
ORD-02577,2023-01-27,CUST41943,Sunita Nair,47,Male,North,Delhi,Books,Textbook,9,1160.6,0.2,8356.32,3888.59,70.91,Net Banking,3,False,Delivered,6
ORD-02129,2022-07-24,CUST19983,Amit Chatterjee,35,Other,South,Hyderabad,Books,Biography,4,278.07,0.38,689.6136,495.92,99.54,Cash On Delivery,2,False,Delivered,2
ORD-03128,2023-09-12,CUST69119,Rahul Gupta,39,M,East,Kolkata,Sports,Cycle,5,1183.87,0.04,5682.575999999999,1285.86,76.95,Debit Card,1,False,Delivered,5
ORD-03423,2024-01-24,CUST37977,Deepa Mehta,33,Male,South,Hyderabad,Electronics,Smartwatch,0,76620.87,0.38,0.0,5066.87,95.49,Emi,1,False,Delivered,2
ORD-01707,2022-01-31,CUST39127,Aditya Kumar,38,M,South,Bangalore,Beauty,Sunscreen,3,2463.48,0.09,6725.300400000001,2170.17,88.35,Cash On Delivery,1,True,Returned,3
ORD-03676,2024-05-15,CUST12575,Amit Bose,25,M,West,Surat,Groceries,Flour,3,451.57,0.06,1273.4274,136.74,44.69,Credit Card,3,False,Delivered,3
ORD-03511,2024-03-06,CUST39314,Sanjay Rao,31,Female,West,Pune,Furniture,Wardrobe,4,27844.67,0.32,75737.50239999998,18841.85,74.4,Credit Card,1,False,Delivered,7
ORD-03953,2024-09-01,CUST98548,Kavya Nair,40,Female,North,Delhi,Clothing,Dress,1,2057.9,0.33,1378.793,615.19,42.69,Upi,3,False,Shipped,10
ORD-02492,2022-12-17,CUST41637,Nisha Mishra,20,Other,East,Bhubaneswar,Furniture,Chair,10,22462.93,0.21,177457.147,23243.23,133.35,Upi,5,False,Delivered,4
ORD-00066,2020-01-25,CUST42917,Vikram Mehta,32,F,North,Amritsar,Sports,Tennis Racket,0,8113.16,0.23,0.0,1043.14,76.45,Credit Card,1,True,Returned,4
ORD-03742,2024-06-19,CUST49165,Ananya Rao,39,Male,East,Kolkata,Sports,Tennis Racket,5,5213.22,0.05,24762.795000000002,5897.04,85.1,Cash On Delivery,3,False,Delivered,2
ORD-01044,2021-04-18,CUST46334,Rohan Bhat,34,Other,South,Bangalore,Beauty,Hair Oil,3,2006.91,0.1,5418.657,3118.91,65.76,Cash On Delivery,5,False,Pending,8
ORD-02107,2022-07-17,CUST39752,Priya Pillai,41,Male,West,Pune,Furniture,Wardrobe,7,7570.52,0.33,35505.7388,14523.56,71.96,Debit Card,3,False,Delivered,1
ORD-02043,2022-06-18,CUST44040,Rahul Bose,31,Female,East,Bhubaneswar,Beauty,Hair Oil,4,1974.29,0.37,4975.2108,3117.66,87.34,Credit Card,1,True,Returned,9
ORD-03875,2024-08-08,CUST84781,Vikram Nair,27,Female,South,Hyderabad,Electronics,Camera,2,22369.95,0.35,29080.935,3831.16,69.95,Credit Card,5,False,Delivered,7
ORD-00451,2020-07-17,CUST68161,Shreya Chatterjee,21,Female,North,Delhi,Electronics,Camera,6,71791.71,0.22,335985.2028,46770.76,45.98,Emi,4,False,Delivered,1
ORD-02614,2023-02-09,CUST00081,Karan Kumar,49,Female,West,Pune,Beauty,Hair Oil,1,1738.61,0.33,1164.8686999999998,545.39,66.25,Cash On Delivery,5,False,Delivered,10
ORD-03520,2024-03-09,CUST13260,Karan Gupta,26,Male,North,Amritsar,Electronics,Smartwatch,7,27748.1,0.17,161216.46099999998,28699.09,42.72,Debit Card,1,True,Returned,8
ORD-00869,2021-01-31,CUST63354,Rahul Mishra,54,Female,East,Bhubaneswar,Electronics,Headphones,2,15121.18,0.11,26915.7004,2384.22,94.45,Credit Card,1,False,Delivered,8
ORD-01331,2021-08-20,CUST82678,Ananya Gupta,11,Male,West,Ahmedabad,Groceries,Dal (1Kg),8,96.84,0.35,503.56800000000004,57.78,45.37,Credit Card,1,False,Delivered,8
ORD-00255,2020-04-22,CUST21352,Nisha Verma,47,Other,North,Chandigarh,Groceries,Rice (5Kg),2,194.68,0.03,377.6792,32.11,16.1,Upi,3,False,Cancelled,4
ORD-03989,2024-09-17,CUST67629,Shreya Kapoor,45,Male,Central,Indore,Groceries,Rice (5Kg),2,233.21,0.33,312.5014,27.24,48.63,Emi,2,False,Delivered,7
ORD-03031,2023-08-04,CUST74610,Ananya Pillai,12,Other,South,Bangalore,Electronics,Headphones,9,25108.78,0.0,225979.02,8115.37,102.24,Credit Card,1,False,Delivered,7
ORD-02053,2022-06-23,CUST33570,Deepa Bose,41,Male,South,Chennai,Furniture,Sofa,10,21783.3,0.09,198228.03,53595.22,73.39,Cash On Delivery,4,True,Returned,2
ORD-02885,2023-06-04,CUST41002,Sanjay Pillai,18,Female,North,Amritsar,Furniture,Bed Frame,0,31009.31,0.12,0.0,16597.68,47.32,Cash On Delivery,4,False,Delivered,1
ORD-03430,2024-01-26,CUST08360,Nisha Singh,24,Other,South,Bangalore,Books,Cook Book,2,1002.73,0.0,2005.46,998.39,69.02,Cash On Delivery,5,False,Cancelled,8
ORD-02498,2022-12-19,CUST64162,Arjun Rao,9,Other,South,Hyderabad,Groceries,Sugar,4,479.32,0.06,1802.2432,83.73,74.49,Credit Card,4,True,Returned,3
ORD-02027,2022-06-13,CUST24879,Kavya Chatterjee,50,Female,South,Chennai,Furniture,Chair,3,16614.08,0.33,33394.3008,12964.62,63.05,Credit Card,2,True,Returned,5
ORD-00100,2020-02-08,CUST38913,Rohan Nair,20,Male,South,Kochi,Groceries,Tea,9,125.81,0.24,860.5404,45.94,75.38,Debit Card,1,False,Shipped,3
ORD-02412,2022-11-08,CUST49639,Arjun Nair,34,Other,South,Chennai,Groceries,Dal (1Kg),4,407.56,0.32,1108.5631999999998,81.0,76.78,Upi,2,False,Delivered,1
ORD-02054,2022-06-24,CUST61332,Karan Iyer,51,Other,South,Bangalore,Groceries,Sugar,10,53.46,0.05,507.87,88.15,67.32,Debit Card,1,False,Cancelled,9
ORD-03065,2023-08-18,CUST41118,Rohan Bhat,47,Female,South,Kochi,Sports,Tennis Racket,8,11184.95,0.39,54582.556000000004,26658.84,58.07,Net Banking,4,False,Shipped,8
ORD-02085,2022-07-07,CUST42353,Vikram Shah,53,Male,East,Guwahati,Electronics,Laptop,6,10929.88,0.16,55086.595199999996,12561.33,76.61,Emi,1,False,Delivered,1
ORD-02145,2022-07-31,CUST18861,Nikhil Kapoor,28,Female,West,Surat,Books,Textbook,5,539.41,0.11,2400.3745,1290.67,66.22,Net Banking,3,False,Delivered,10
ORD-02402,2022-11-05,CUST72572,Aarav Joshi,19,Male,South,Kochi,Books,Self-Help Book,2,483.7,0.17,802.9419999999999,225.52,101.82,Net Banking,2,False,Delivered,1
ORD-01159,2021-06-04,CUST72570,Shreya Pillai,37,Female,Central,Indore,Groceries,Cooking Oil,10,134.6,0.03,1305.62,134.34,105.77,Net Banking,1,False,Delivered,6
ORD-03562,2024-03-27,CUST05923,Shreya Mishra,51,Male,Central,Bhopal,Electronics,Laptop,5,11709.91,0.31,40399.1895,6899.28,59.01,Debit Card,4,False,Cancelled,3
ORD-02598,2023-02-03,CUST07029,Sanjay Kumar,45,Other,North,Chandigarh,Clothing,Kurta,8,772.69,0.15,5254.292,1907.75,77.11,Cash On Delivery,4,False,Shipped,1
ORD-03064,2023-08-18,CUST50295,Meera Verma,38,Female,North,Ludhiana,Beauty,Sunscreen,8,1422.11,0.13,9897.8856,5448.38,38.61,Upi,3,True,Returned,8
ORD-01932,2022-05-03,CUST81283,Kavya Joshi,54,Female,Central,Nagpur,Furniture,Desk,8,31153.02,0.2,199379.328,50396.19,31.05,Emi,1,False,Delivered,7
ORD-00241,2020-04-15,CUST62809,Rahul Gupta,49,M,East,Patna,Electronics,Camera,2,46584.64,0.32,63355.11039999999,5374.6,75.26,Upi,1,False,Delivered,4
ORD-01976,2022-05-23,CUST97057,Sanjay Mishra,19,Male,South,Hyderabad,Books,Biography,2,925.2,0.09,1683.864,582.47,86.46,Debit Card,5,False,Cancelled,10
ORD-01923,2022-04-30,CUST85826,Kavya Mishra,51,Male,West,Surat,Groceries,Cooking Oil,1,478.65,0.01,473.8635,61.75,46.06,Emi,3,False,Cancelled,1
ORD-02896,2023-06-06,CUST37393,Shreya Mishra,24,Other,North,Amritsar,Beauty,Sunscreen,2,1742.14,0.33,2334.4676,1802.05,68.9,Net Banking,1,False,Delivered,3
ORD-03536,2024-03-16,CUST42326,Sunita Gupta,24,Other,North,Amritsar,Clothing,Saree,3,2335.6,0.24,5325.168,2659.96,53.79,Emi,5,False,Delivered,8
ORD-03975,2024-09-10,CUST61274,Sunita Mishra,36,Other,East,Patna,Books,Biography,2,1250.65,0.19,2026.0530000000003,1031.95,96.46,Emi,5,False,Delivered,3
ORD-00908,2021-02-10,CUST33667,Vikram Mehta,40,Male,North,Chandigarh,Sports,Football,2,660.31,0.11,1175.3518,273.1,41.05,Net Banking,2,False,Delivered,3
ORD-03755,2024-06-23,CUST69679,Aarav Kumar,18,Male,West,Surat,Furniture,Sofa,3,34248.61,0.02,100690.9134,48852.27,59.95,Debit Card,3,False,Delivered,4
ORD-00971,2021-03-19,CUST58302,Shreya Singh,24,Other,East,Patna,Electronics,Smartphone,0,26856.73,0.19,0.0,3128.23,65.04,Debit Card,5,False,Delivered,1
ORD-02715,2023-03-23,CUST14346,Rahul Mishra,54,Female,West,Surat,Books,Fiction Novel,2,200.55,0.2,320.88000000000005,109.45,52.35,Credit Card,3,True,Returned,2
ORD-00394,2020-06-18,CUST71699,Karan Iyer,39,Male,North,Delhi,Groceries,Dal (1Kg),2,99.94,0.39,121.9268,11.4,47.24,Emi,1,False,Delivered,3
ORD-03062,2023-08-17,CUST25706,Arjun Bose,32,Female,Central,Indore,Beauty,Hair Oil,7,2030.6,0.32,9665.655999999999,5363.62,45.14,Net Banking,4,False,Cancelled,4
ORD-00401,2020-06-21,CUST43114,Karan Singh,35,Other,East,Patna,Furniture,Bed Frame,3,31841.24,0.32,64956.12959999999,21204.15,78.26,Cash On Delivery,4,True,Returned,6
ORD-00706,2020-11-16,CUST28706,Aarav Bose,34,Female,North,Amritsar,Clothing,Dress,3,461.34,0.16,1162.5768,261.0,36.7,Upi,1,True,Returned,4
ORD-03644,2024-05-03,CUST85909,Aditya Mehta,26,Female,East,Patna,Beauty,Face Cream,10,2273.9,0.21,17963.81,13458.53,83.41,Emi,1,False,Delivered,10
ORD-00600,2020-09-25,CUST85593,Aarav Mishra,33,Male,West,Pune,Books,Self-Help Book,2,1462.19,0.35,1900.8470000000002,1202.05,78.54,Cash On Delivery,5,False,Delivered,2
ORD-01537,2021-11-20,CUST39925,Ritu Iyer,49,Female,South,Kochi,Electronics,Headphones,5,40279.85,0.24,153063.43,18217.89,89.76,Net Banking,3,False,Delivered,9
ORD-02665,2023-02-27,CUST20671,Priya Mishra,10,Male,East,Guwahati,Books,Comic Book,1,497.24,0.07,462.4332,255.0,86.11,Cash On Delivery,4,False,Cancelled,8
ORD-00616,2020-10-03,CUST54063,Karan Mishra,37,Female,West,Ahmedabad,Groceries,Sugar,1,128.76,0.29,91.41959999999999,6.89,68.06,Emi,2,False,Delivered,1
ORD-00370,2020-06-07,CUST93153,Shreya Gupta,42,Male,South,Bangalore,Beauty,Face Cream,1,304.89,0.26,225.6186,106.14,52.86,Emi,4,False,Delivered,6
ORD-00680,2020-11-03,CUST60413,Ritu Nair,36,Male,East,Kolkata,Beauty,Face Cream,10,1113.91,0.25,8354.325,2411.46,46.33,Net Banking,2,False,Delivered,9
ORD-00782,2020-12-21,CUST07857,Amit Patel,34,Female,Central,Nagpur,Clothing,Kurta,1,3294.44,0.06,3096.7736,808.26,41.96,Emi,4,False,Delivered,9
ORD-04006,2024-09-26,CUST54515,Sanjay Gupta,15,Male,South,Bangalore,Books,Biography,3,895.77,0.21,2122.9749,895.93,71.18,Debit Card,4,False,Delivered,8
ORD-03395,2024-01-09,CUST22022,Priya Verma,15,Female,West,Pune,Electronics,Headphones,5,26868.19,0.1,120906.85499999998,15109.15,47.85,Credit Card,2,False,Delivered,7
ORD-02248,2022-09-07,CUST63445,Sunita Patel,47,Male,West,Surat,Sports,Dumbbells,2,14129.5,0.01,27976.41,6979.34,74.75,Debit Card,3,False,Delivered,2
ORD-01330,2021-08-20,CUST93307,Rohan Rao,34,F,North,Chandigarh,Books,Cook Book,3,1298.4,0.14,3349.8720000000003,1805.58,57.93,Upi,1,False,Delivered,3
ORD-03093,2023-08-29,CUST63058,Deepa Pillai,36,Male,South,Hyderabad,Beauty,Shampoo,6,379.51,0.02,2231.5188,1945.96,53.34,Debit Card,3,False,Delivered,8
ORD-01117,2021-05-18,CUST87893,Kavya Mishra,35,Other,West,Ahmedabad,Groceries,Rice (5Kg),6,190.35,0.38,708.102,79.43,70.42,Net Banking,3,False,Delivered,10
ORD-03890,2024-08-10,CUST03009,Rahul Rao,34,Other,West,Surat,Furniture,Chair,10,2485.94,0.21,19638.926000000003,8743.05,48.62,Upi,4,False,Delivered,10
ORD-00468,2020-07-26,CUST87073,Arjun Nair,7,Male,East,Patna,Furniture,Bookshelf,7,17299.59,0.09,110198.3883,43383.64,92.91,Emi,1,False,Delivered,3
ORD-02704,2023-03-17,CUST96458,Rohan Mehta,29,Other,East,Kolkata,Electronics,Smartwatch,1,11877.16,0.37,7482.6108,1549.61,72.81,Credit Card,4,False,Delivered,8
ORD-02952,2023-07-02,CUST41320,Aarav Kumar,35,Female,Central,Nagpur,Groceries,Dal (1Kg),3,130.57,0.23,301.6167,61.59,41.29,Net Banking,1,False,Cancelled,8
ORD-02003,2022-06-02,CUST91911,Sunita Mishra,24,Other,Central,Raipur,Electronics,Smartwatch,7,72204.48,0.06,475105.47839999996,96807.83,51.76,Net Banking,4,False,Delivered,3
ORD-01882,2022-04-10,CUST32524,Priya Joshi,56,Male,Central,Bhopal,Furniture,Sofa,10,34008.99,0.11,302680.011,100494.87,51.53,Cash On Delivery,1,False,Cancelled,3
ORD-03246,2023-11-03,CUST96426,Sunita Patel,46,Male,South,Chennai,Clothing,T-Shirt,3,2706.45,0.39,4952.8035,1415.33,73.84,Emi,4,True,Returned,8
ORD-01838,2022-03-25,CUST27510,Kavya Joshi,16,Female,West,Mumbai,Groceries,Cooking Oil,4,393.16,0.06,1478.2816,197.05,79.1,Upi,5,False,Delivered,4
ORD-00323,2020-05-21,CUST57259,Nikhil Mishra,31,Male,West,Pune,Books,Textbook,1,680.85,0.12,599.148,338.98,44.99,Debit Card,3,False,Delivered,2
ORD-02452,2022-11-29,CUST45573,Ananya Mishra,34,Other,East,Guwahati,Beauty,Sunscreen,5,761.94,0.13,3314.4390000000003,1421.12,84.9,Debit Card,5,False,Pending,2
ORD-00226,2020-04-08,CUST29979,Karan Sharma,35,Male,Central,Nagpur,Electronics,Smartphone,10,19136.16,0.0,191361.6,31074.73,24.88,Debit Card,3,False,Delivered,4
ORD-00535,2020-08-24,CUST13641,Nikhil Sharma,48,Male,West,Mumbai,Furniture,Bed Frame,9,17744.35,0.29,113386.39649999999,36127.08,59.78,Credit Card,4,False,Delivered,9
ORD-02832,2023-05-17,CUST08322,Nisha Nair,33,Female,North,Amritsar,Books,Fiction Novel,10,424.8,0.11,3780.7200000000003,2103.38,31.8,Upi,3,False,Delivered,6
ORD-00614,2020-10-02,CUST25032,Ananya Bhat,40,Other,West,Surat,Groceries,Flour,3,219.84,0.1,593.568,43.04,73.42,Credit Card,3,False,Delivered,6
ORD-01642,2022-01-01,CUST25067,Nisha Kapoor,41,Male,West,Ahmedabad,Furniture,Sofa,8,9398.82,0.31,51881.486399999994,15030.83,77.65,Credit Card,4,False,Delivered,9
ORD-02842,2023-05-23,CUST23282,Vikram Sharma,26,Other,West,Mumbai,Books,Self-Help Book,5,1444.85,0.05,6863.037499999999,3958.13,62.54,Upi,3,False,Delivered,7
ORD-02133,2022-07-25,CUST89826,Arjun Joshi,22,Other,East,Kolkata,Clothing,T-Shirt,7,1729.47,0.05,11500.9755,6459.75,79.27,Cash On Delivery,1,True,Returned,8
ORD-02809,2023-05-03,CUST04249,Pooja Bose,31,Other,South,Kochi,Furniture,Chair,10,17371.93,0.37,109443.159,55972.36,71.63,Net Banking,3,False,Delivered,9
ORD-01074,2021-04-30,CUST36338,Vikram Chatterjee,25,Female,South,Hyderabad,Sports,Cycle,1,8254.73,0.07,7676.898899999999,1995.91,61.28,Debit Card,3,False,Delivered,1
ORD-01413,2021-09-28,CUST43662,Karan Sharma,34,Other,North,Ludhiana,Clothing,Jeans,3,1238.9,0.33,2490.189,1083.58,73.53,Net Banking,5,True,Returned,3
ORD-01628,2021-12-27,CUST55053,Arjun Iyer,28,Other,North,Amritsar,Books,Textbook,5,441.77,0.12,1943.788,611.16,71.69,Credit Card,4,False,Cancelled,7
ORD-02866,2023-05-31,CUST40473,Nikhil Das,31,Other,West,Pune,Electronics,Laptop,2,44818.69,0.19,72606.27780000001,12774.35,73.43,Upi,1,True,Returned,7
ORD-01478,2021-10-25,CUST16528,Deepa Joshi,36,Other,South,Bangalore,Furniture,Bed Frame,3,13116.13,0.02,38561.4222,7916.06,67.37,Credit Card,3,False,Delivered,4
ORD-04166,2024-12-15,CUST73620,Rohan Reddy,18,Female,South,Bangalore,Clothing,T-Shirt,6,841.47,0.12,4442.9616,1728.55,70.62,Upi,1,False,Delivered,2
ORD-00978,2021-03-21,CUST97561,Vikram Nair,54,Male,South,Chennai,Clothing,Jeans,2,3618.11,0.07,6729.6846,2164.13,96.19,Credit Card,2,False,Delivered,8
ORD-02389,2022-10-30,CUST27494,Vikram Das,53,Female,East,Patna,Clothing,Kurta,8,1016.23,0.3,5690.888,2314.76,66.7,Emi,2,False,Delivered,8
ORD-01504,2021-11-06,CUST34606,Aarav Shah,32,Other,West,Surat,Furniture,Bookshelf,3,7356.31,0.1,19862.037,5855.42,78.6,Emi,1,False,Delivered,10
ORD-03576,2024-04-03,CUST88667,Meera Chatterjee,26,Female,East,Patna,Electronics,Camera,4,14036.02,0.13,48845.3496,9113.01,97.91,Debit Card,4,False,Delivered,3
ORD-02862,2023-05-29,CUST00967,Sanjay Gupta,18,Other,North,Amritsar,Clothing,Jeans,4,2095.23,0.14,7207.5912,2714.35,59.7,Credit Card,3,True,Returned,7
ORD-03821,2024-07-19,CUST35476,Aarav Joshi,54,Female,Central,Indore,Books,Fiction Novel,2,588.67,0.24,894.7783999999999,631.41,78.55,Credit Card,2,False,Delivered,4
ORD-00214,2020-04-03,CUST08244,Karan Patel,46,Female,Central,Raipur,Furniture,Sofa,10,7854.56,0.3,54981.92,15316.65,56.25,Emi,1,False,Delivered,3
ORD-01032,2021-04-12,CUST73196,Arjun Sharma,26,Female,Central,Nagpur,Groceries,Sugar,9,461.35,0.05,3944.5425000000005,481.54,41.05,Cash On Delivery,4,False,Shipped,8
ORD-00803,2020-12-31,CUST99060,Amit Sharma,46,Male,South,Chennai,Furniture,Bed Frame,6,25745.87,0.38,95774.6364,19997.5,90.91,Net Banking,2,False,Delivered,3
ORD-02146,2022-07-31,CUST25921,Amit Pillai,37,Male,East,Guwahati,Groceries,Rice (5Kg),5,421.63,0.36,1349.2160000000001,174.59,64.86,Upi,5,False,Delivered,1
ORD-01517,2021-11-14,CUST63383,Nisha Joshi,22,Female,South,Bangalore,Groceries,Dal (1Kg),10,90.13,0.25,675.9749999999999,51.46,80.91,Credit Card,5,False,Delivered,10
ORD-00560,2020-09-06,CUST38172,Arjun Singh,19,Other,East,Kolkata,Furniture,Bookshelf,5,26946.78,0.1,121260.51,37815.29,80.01,Upi,3,False,Cancelled,6
ORD-01638,2021-12-30,CUST98630,Shreya Sharma,41,Male,South,Chennai,Electronics,Camera,9,41722.41,0.2,300401.3520000001,25206.08,62.46,Upi,2,False,Delivered,7
ORD-03022,2023-08-01,CUST98870,Ananya Bose,9,Other,North,Chandigarh,Clothing,Saree,3,3517.55,0.39,6437.116500000001,4213.2,33.93,Cash On Delivery,3,False,Delivered,1
ORD-02045,2022-06-18,CUST85893,Meera Pillai,25,F,South,Bangalore,Groceries,Flour,7,70.02,0.29,347.9994,44.9,75.32,Upi,2,False,Pending,5
ORD-01559,2021-11-30,CUST73879,Aarav Sharma,34,Male,East,Bhubaneswar,Groceries,Dal (1Kg),4,455.14,0.1,1638.504,107.49,90.27,Emi,4,True,Returned,10
ORD-00697,2020-11-13,CUST94502,Sanjay Reddy,36,Other,North,Delhi,Sports,Cycle,8,11002.8,0.15,74819.04,8455.94,27.96,Credit Card,5,False,Delivered,9
ORD-03249,2023-11-04,CUST78428,Nikhil Iyer,71,Female,North,Ludhiana,Clothing,Jacket,5,1581.85,0.31,5457.3825,1912.12,37.37,Cash On Delivery,3,False,Delivered,3
ORD-01970,2022-05-21,CUST49802,Arjun Mishra,28,M,North,Delhi,Furniture,Desk,9,25541.61,0.2,183899.592,106013.67,68.96,Cash On Delivery,3,False,Delivered,4
ORD-03866,2024-08-05,CUST04103,Aditya Verma,24,Female,Central,Raipur,Sports,Tennis Racket,1,3037.55,0.19,2460.4155000000005,700.96,40.82,Credit Card,4,False,Delivered,3
ORD-00237,2020-04-13,CUST46907,Sanjay Bhat,17,Male,Central,Nagpur,Clothing,T-Shirt,10,2140.31,0.03,20761.006999999998,8449.72,73.35,Net Banking,4,False,Delivered,3
ORD-01528,2021-11-17,CUST17627,Rahul Bhat,23,Other,North,Chandigarh,Furniture,Bookshelf,3,6001.72,0.23,13863.9732,2265.74,13.26,Debit Card,3,True,Returned,3
ORD-01715,2022-02-02,CUST08565,Kavya Das,48,Male,Central,Raipur,Books,Fiction Novel,2,1014.61,0.03,1968.3434,685.16,49.94,Upi,5,False,Delivered,7
ORD-03775,2024-07-01,CUST11643,Aditya Verma,20,Male,North,Chandigarh,Books,Textbook,2,646.61,0.22,1008.7116000000001,631.7,49.01,Credit Card,2,False,Delivered,3
ORD-01708,2022-02-01,CUST87498,Amit Sharma,39,Male,Central,Nagpur,Books,Self-Help Book,1,1394.93,0.2,1115.9440000000002,431.19,99.26,Credit Card,4,False,Delivered,6
ORD-03320,2023-12-08,CUST53965,Sanjay Mehta,32,Female,North,Amritsar,Electronics,Camera,1,74269.77,0.15,63129.3045,8517.07,41.46,Net Banking,5,False,Pending,1
ORD-00407,2020-06-25,CUST62236,Nisha Das,66,Male,West,Surat,Electronics,Tablet,5,46345.56,0.32,157574.90399999998,25644.37,77.91,Cash On Delivery,3,False,Pending,10
ORD-03670,2024-05-14,CUST31963,Rohan Mehta,17,Female,Central,Indore,Sports,Football,0,5318.8,0.18,0.0,2061.4,62.11,Upi,1,True,Returned,8
ORD-00180,2020-03-19,CUST29334,Kavya Joshi,35,Other,Central,Indore,Sports,Tennis Racket,7,2367.09,0.04,15906.8448,2663.65,42.41,Credit Card,1,False,Shipped,8
ORD-00579,2020-09-16,CUST24871,Kavya Reddy,24,Other,North,Delhi,Electronics,Laptop,9,34058.9,0.13,266681.18700000003,26529.36,35.69,Debit Card,5,False,Pending,5
ORD-01133,2021-05-26,CUST54577,Karan Kapoor,21,Other,South,Kochi,Beauty,Shampoo,7,1281.86,0.39,5473.542199999999,2955.5,39.19,Credit Card,2,False,Delivered,7
ORD-01758,2022-02-18,CUST87654,Pooja Verma,24,Female,West,Surat,Books,Fiction Novel,5,433.78,0.16,1821.8759999999995,566.47,70.39,Cash On Delivery,5,False,Delivered,9
ORD-00819,2021-01-10,CUST63893,Sanjay Singh,21,Male,South,Chennai,Beauty,Perfume,9,1170.24,0.31,7267.1903999999995,3035.58,41.85,Cash On Delivery,2,False,Delivered,1
ORD-02878,2023-06-02,CUST98432,Karan Kapoor,68,Female,Central,Indore,Clothing,Jeans,4,824.79,0.09,3002.2356,1402.58,62.47,Credit Card,1,False,Cancelled,4
ORD-03595,2024-04-11,CUST20736,Kavya Das,41,Female,West,Mumbai,Sports,Cricket Bat,8,13545.22,0.22,84522.1728,34910.45,49.35,Credit Card,5,False,Delivered,1
ORD-00368,2020-06-07,CUST91300,Aarav Iyer,42,Female,West,Mumbai,Beauty,Sunscreen,2,1372.94,0.24,2086.8688,765.46,51.67,Net Banking,2,False,Delivered,8
ORD-02348,2022-10-12,CUST12889,Rohan Mehta,27,Female,North,Ludhiana,Sports,Yoga Mat,9,13142.88,0.37,74520.1296,16164.46,32.88,Upi,5,True,Returned,1
ORD-02993,2023-07-20,CUST83973,Nikhil Mishra,27,Female,South,Hyderabad,Electronics,Laptop,8,77986.06,0.0,623888.48,116835.79,63.75,Upi,4,False,Pending,2
ORD-00537,2020-08-25,CUST15953,Arjun Verma,34,Other,West,Pune,Groceries,Tea,8,61.46,0.02,481.8464,59.31,62.95,Emi,4,False,Delivered,3
ORD-00148,2020-03-01,CUST87452,Rohan Verma,15,Other,Central,Bhopal,Beauty,Hair Oil,6,1264.54,0.34,5007.578399999999,2565.09,30.54,Upi,2,False,Delivered,5
ORD-00647,2020-10-15,CUST97230,Vikram Bose,55,Other,North,Chandigarh,Beauty,Shampoo,4,2079.07,0.31,5738.2332,2080.88,20.39,Upi,4,True,Returned,3
ORD-02791,2023-04-22,CUST40335,Meera Bhat,15,Female,East,Guwahati,Sports,Tennis Racket,7,5879.31,0.05,39097.4115,7011.74,84.67,Cash On Delivery,1,False,Cancelled,7
ORD-00744,2020-12-04,CUST45099,Aditya Shah,32,Other,North,Amritsar,Groceries,Rice (5Kg),4,388.57,0.01,1538.7372,70.45,54.83,Emi,3,True,Returned,5
ORD-02001,2022-06-02,CUST78982,Deepa Reddy,27,Other,Central,Nagpur,Sports,Cricket Bat,2,1793.14,0.22,2797.2984,1103.43,40.65,Cash On Delivery,2,True,Returned,9
ORD-00651,2020-10-19,CUST22697,Sunita Verma,29,Other,East,Patna,Furniture,Bed Frame,2,23933.02,0.38,29676.9448,8116.01,88.18,Debit Card,3,False,Delivered,3
ORD-04117,2024-11-26,CUST68421,Karan Reddy,43,Female,North,Chandigarh,Beauty,Shampoo,9,328.65,0.3,2070.495,543.25,41.68,Credit Card,4,False,Delivered,9
ORD-00194,2020-03-27,CUST96692,Aarav Joshi,35,Female,North,Delhi,Sports,Dumbbells,9,6747.04,0.07,56472.724799999996,13938.07,74.53,Credit Card,3,False,Delivered,1
ORD-01944,2022-05-08,CUST18548,Rahul Bose,31,Male,East,Guwahati,Beauty,Sunscreen,4,1176.04,0.18,3857.4112,2342.58,88.08,Net Banking,4,False,Delivered,6
ORD-00939,2021-02-28,CUST44415,Ritu Das,27,Female,South,Chennai,Books,Textbook,7,884.25,0.35,4023.3375,1268.2,55.07,Emi,5,False,Delivered,7
ORD-00167,2020-03-13,CUST51864,Amit Mishra,27,Female,West,Surat,Clothing,Dress,4,2696.21,0.22,8412.1752,2313.16,51.64,Upi,1,False,Delivered,3
ORD-00543,2020-08-29,CUST30712,Nisha Kumar,28,Female,North,Ludhiana,Books,Cook Book,7,370.56,0.08,2386.4064000000003,1018.66,29.93,Upi,3,False,Delivered,2
ORD-00649,2020-10-17,CUST22604,Rohan Mehta,26,Male,East,Patna,Electronics,Smartwatch,7,45799.76,0.33,214800.87439999997,22577.35,42.79,Debit Card,2,False,Delivered,4
ORD-02817,2023-05-09,CUST83459,Shreya Chatterjee,43,Other,Central,Bhopal,Furniture,Wardrobe,4,30780.64,0.36,78798.4384,39133.54,66.36,Net Banking,3,False,Delivered,7
ORD-00905,2021-02-09,CUST96177,Rahul Rao,41,Other,South,Hyderabad,Beauty,Sunscreen,10,1423.41,0.05,13522.395,5781.35,78.68,Credit Card,5,False,Delivered,6
ORD-00628,2020-10-09,CUST55320,Aditya Chatterjee,31,Female,West,Mumbai,Electronics,Smartwatch,0,32547.29,0.39,0.0,1445.51,61.78,Upi,3,False,Delivered,10
ORD-01967,2022-05-20,CUST03799,Rohan Bose,38,Female,North,Chandigarh,Books,Comic Book,5,951.75,0.02,4663.575,2402.75,54.03,Emi,3,False,Delivered,6
ORD-03510,2024-03-05,CUST79584,Meera Bhat,52,Female,North,Amritsar,Groceries,Flour,10,414.16,0.03,4017.3520000000003,345.9,47.29,Cash On Delivery,5,True,Returned,8
ORD-04189,2024-12-26,CUST28178,Sanjay Rao,32,Other,West,Mumbai,Electronics,Smartwatch,4,64608.94,0.17,214501.6808,27372.68,79.41,Credit Card,4,True,Returned,5
ORD-02466,2022-12-05,CUST23445,Pooja Chatterjee,26,Male,Central,Indore,Clothing,Kurta,8,2620.02,0.36,13414.5024,3441.54,41.75,Credit Card,3,True,Returned,1
ORD-00440,2020-07-12,CUST95476,Karan Mehta,22,Other,North,Delhi,Sports,Cricket Bat,6,6916.49,0.38,25729.342800000002,8968.23,54.82,Credit Card,3,False,Delivered,8
ORD-01102,2021-05-12,CUST55287,Arjun Patel,46,Other,Central,Raipur,Sports,Yoga Mat,5,1589.12,0.2,6356.48,1388.16,54.57,Emi,3,False,Delivered,4
ORD-02380,2022-10-27,CUST77872,Vikram Chatterjee,12,Female,East,Kolkata,Groceries,Tea,6,473.26,0.33,1902.5051999999998,169.63,83.38,Cash On Delivery,1,False,Delivered,1
ORD-02678,2023-03-05,CUST87936,Aarav Kapoor,46,Female,West,Pune,Sports,Yoga Mat,8,7037.46,0.21,44476.747200000005,8522.63,63.69,Upi,4,False,Delivered,2
ORD-00586,2020-09-19,CUST86530,Nikhil Das,40,Male,East,Patna,Sports,Yoga Mat,9,3643.69,0.07,30497.685299999997,3724.9,81.76,Credit Card,4,False,Delivered,8
ORD-02766,2023-04-12,CUST55726,Nisha Iyer,36,Male,South,Hyderabad,Beauty,Perfume,1,1927.8,0.25,1445.85,829.68,81.77,Debit Card,2,False,Delivered,8
ORD-03588,2024-04-09,CUST83899,Pooja Bhat,37,Female,South,Chennai,Beauty,Shampoo,7,410.6,0.05,2730.4900000000002,1647.62,74.28,Credit Card,3,False,Delivered,7
ORD-00372,2020-06-08,CUST53114,Rohan Mehta,26,Other,South,Kochi,Electronics,Tablet,3,74867.2,0.22,175189.248,27646.01,39.1,Cash On Delivery,4,False,Delivered,8
ORD-01561,2021-11-30,CUST70340,Rohan Patel,25,Male,North,Amritsar,Electronics,Tablet,2,62340.2,0.11,110965.556,8409.34,66.81,Upi,4,False,Delivered,6
ORD-04154,2024-12-09,CUST34894,Nikhil Bose,18,Other,East,Bhubaneswar,Books,Cook Book,2,1034.18,0.33,1385.8011999999999,369.59,65.48,Credit Card,5,False,Delivered,3
ORD-01553,2021-11-28,CUST29230,Shreya Das,23,Female,North,Delhi,Furniture,Desk,10,20890.04,0.04,200544.38400000002,44130.71,34.32,Emi,2,True,Returned,5
ORD-03982,2024-09-12,CUST97439,Karan Joshi,27,Female,North,Chandigarh,Furniture,Wardrobe,8,12647.54,0.19,81956.05920000002,35160.81,69.62,Debit Card,5,False,Delivered,6
ORD-01754,2022-02-17,CUST11385,Nisha Rao,46,Female,East,Guwahati,Furniture,Desk,6,33082.65,0.31,136962.171,42902.13,79.09,Net Banking,4,False,Delivered,8
ORD-01272,2021-07-28,CUST56172,Aarav Nair,20,Male,East,Guwahati,Beauty,Lipstick,2,1205.62,0.03,2338.9028,769.98,93.43,Credit Card,3,False,Delivered,1
ORD-01165,2021-06-06,CUST76012,Karan Gupta,40,Other,Central,Raipur,Sports,Yoga Mat,4,3455.68,0.21,10919.9488,3511.52,64.63,Credit Card,2,True,Returned,3
ORD-04000,2024-09-23,CUST53861,Nisha Kumar,32,Male,West,Surat,Beauty,Shampoo,7,1954.05,0.2,10942.68,8691.86,65.77,Cash On Delivery,4,True,Returned,6
ORD-00290,2020-05-08,CUST46482,Sanjay Shah,18,Male,East,Bhubaneswar,Books,Self-Help Book,9,290.75,0.28,1884.06,1071.82,60.62,Emi,3,True,Returned,7
ORD-02514,2022-12-28,CUST29286,Vikram Mehta,29,Male,Central,Nagpur,Beauty,Hair Oil,3,923.8,0.21,2189.406,651.79,46.67,Debit Card,5,False,Delivered,2
ORD-03218,2023-10-22,CUST17834,Nisha Mehta,34,Male,North,Chandigarh,Sports,Tennis Racket,5,11387.44,0.31,39286.668,9024.25,51.52,Upi,3,False,Delivered,3
ORD-02661,2023-02-26,CUST93326,Kavya Iyer,16,Male,East,Kolkata,Furniture,Desk,3,2447.22,0.39,4478.4126,589.21,62.13,Cash On Delivery,2,True,Returned,1
ORD-02211,2022-08-23,CUST05906,Shreya Shah,24,Male,Central,Indore,Books,Self-Help Book,6,1482.8,0.37,5604.9839999999995,1783.07,73.5,Credit Card,2,False,Delivered,7
ORD-02526,2023-01-01,CUST11998,Rahul Singh,27,Male,South,Hyderabad,Beauty,Shampoo,3,2229.56,0.04,6421.1328,3230.67,58.93,Credit Card,4,False,Shipped,3
ORD-02768,2023-04-13,CUST12098,Nisha Nair,18,Female,Central,Bhopal,Beauty,Sunscreen,9,933.94,0.02,8237.3508,5789.44,38.04,Emi,5,False,Shipped,5
ORD-00904,2021-02-09,CUST76121,Meera Iyer,40,Other,North,Ludhiana,Electronics,Smartwatch,4,27046.33,0.17,89793.8156,9558.56,39.92,Credit Card,3,False,Delivered,6
ORD-00326,2020-05-22,CUST34992,Ananya Singh,42,Male,East,Bhubaneswar,Electronics,Headphones,10,62652.16,0.09,570134.6560000001,76429.84,92.64,Net Banking,3,False,Delivered,5
ORD-01635,2021-12-29,CUST50974,Karan Patel,35,Female,East,Guwahati,Beauty,Hair Oil,1,987.49,0.03,957.8652999999999,370.21,98.55,Debit Card,3,True,Returned,9
ORD-00556,2020-09-03,CUST93474,Sanjay Patel,14,Other,South,Hyderabad,Electronics,Laptop,5,53217.69,0.03,258105.7965,33314.99,79.96,Debit Card,3,False,Delivered,2
ORD-03506,2024-03-03,CUST48682,Rahul Reddy,37,Female,East,Patna,Furniture,Chair,5,26731.96,0.0,133659.8,47525.8,75.97,Credit Card,3,False,Delivered,8
ORD-03852,2024-07-31,CUST08935,Aarav Gupta,45,Male,Central,Raipur,Clothing,Jacket,6,1428.03,0.39,5226.5898,3565.98,50.49,Cash On Delivery,2,False,Cancelled,9
ORD-02852,2023-05-28,CUST37103,Shreya Kapoor,20,Male,North,Amritsar,Clothing,Jacket,3,484.17,0.23,1118.4327,426.78,63.91,Upi,4,False,Delivered,9
ORD-01854,2022-03-31,CUST02552,Rahul Bhat,61,Other,Central,Bhopal,Clothing,Kurta,6,2927.23,0.17,14577.6054,6682.89,76.05,Credit Card,1,True,Returned,2
ORD-03556,2024-03-25,CUST47056,Nisha Gupta,49,Female,West,Ahmedabad,Books,Cook Book,1,1034.06,0.1,930.654,456.36,69.43,Net Banking,1,False,Delivered,6
ORD-03425,2024-01-25,CUST92969,Nisha Mishra,20,Female,East,Guwahati,Beauty,Hair Oil,3,1606.29,0.23,3710.5299,1014.15,92.92,Cash On Delivery,3,False,Delivered,10
ORD-01650,2022-01-05,CUST51192,Deepa Mishra,28,Female,West,Surat,Beauty,Face Cream,5,305.51,0.04,1466.4479999999999,396.56,77.17,Upi,1,False,Delivered,4
ORD-00284,2020-05-06,CUST68796,Ritu Sharma,37,Female,Central,Bhopal,Groceries,Flour,2,54.6,0.34,72.07199999999999,6.89,42.28,Cash On Delivery,4,False,Delivered,3
ORD-00006,2020-01-02,CUST13639,Karan Bose,50,F,North,Chandigarh,Groceries,Dal (1Kg),7,238.66,0.05,1587.0889999999997,110.98,46.42,Debit Card,4,False,Delivered,2
ORD-02374,2022-10-23,CUST40049,Aarav Chatterjee,50,Female,North,Amritsar,Furniture,Bed Frame,8,22347.78,0.29,126935.39039999999,47789.83,10.59,Debit Card,1,False,Delivered,4
ORD-01445,2021-10-15,CUST58478,Sunita Reddy,38,Other,West,Surat,Beauty,Lipstick,8,1489.85,0.09,10846.108,3809.88,86.42,Credit Card,2,False,Cancelled,6
ORD-02660,2023-02-26,CUST97483,Vikram Singh,38,Female,North,Delhi,Furniture,Chair,1,23555.64,0.09,21435.6324,5562.38,65.5,Upi,1,False,Delivered,10
ORD-02017,2022-06-09,CUST95440,Rohan Iyer,32,Other,North,Chandigarh,Beauty,Shampoo,8,1772.53,0.28,10209.772799999999,4615.51,68.18,Emi,1,True,Returned,3
ORD-01394,2021-09-20,CUST91444,Aarav Iyer,46,Male,Central,Indore,Electronics,Smartphone,7,38846.9,0.21,214823.357,39365.88,50.81,Net Banking,4,False,Delivered,10
ORD-00676,2020-11-02,CUST84441,Karan Iyer,35,Other,East,Kolkata,Electronics,Camera,2,41850.01,0.07,77841.0186,8565.9,59.88,Upi,1,False,Cancelled,8
ORD-03500,2024-03-01,CUST22955,Sanjay Mishra,24,Male,Central,Raipur,Furniture,Bookshelf,5,25732.89,0.37,81058.6035,26314.49,67.41,Cash On Delivery,2,False,Delivered,2
ORD-02151,2022-08-01,CUST65336,Amit Kapoor,48,Female,Central,Bhopal,Books,Cook Book,4,1045.84,0.39,2551.8495999999996,1247.53,43.68,Debit Card,5,False,Shipped,6
ORD-01294,2021-08-06,CUST87248,Shreya Das,30,Other,South,Bangalore,Groceries,Rice (5Kg),8,278.21,0.22,1736.0303999999999,188.15,61.34,Credit Card,2,False,Delivered,5
ORD-03319,2023-12-08,CUST70804,Ritu Singh,44,Other,East,Guwahati,Groceries,Flour,7,327.26,0.09,2084.6461999999997,157.97,83.19,Net Banking,1,False,Delivered,2
ORD-01378,2021-09-15,CUST96105,Rohan Pillai,25,Male,North,Delhi,Furniture,Bookshelf,4,23015.5,0.13,80093.94,34267.22,28.42,Upi,1,True,Returned,10
ORD-01948,2022-05-10,CUST73300,Nikhil Singh,22,Female,West,Surat,Furniture,Wardrobe,4,18771.18,0.12,66074.5536,21095.21,68.93,Net Banking,5,False,Delivered,1
ORD-01350,2021-08-31,CUST96166,Vikram Mehta,41,Female,North,Amritsar,Books,Fiction Novel,2,1075.45,0.13,1871.2830000000001,949.67,47.1,Upi,2,False,Delivered,6
ORD-03753,2024-06-23,CUST16098,Priya Sharma,41,Female,South,Hyderabad,Books,Textbook,10,1271.11,0.24,9660.436,5996.1,47.57,Net Banking,5,False,Delivered,1
ORD-00843,2021-01-20,CUST07824,Priya Chatterjee,20,Female,West,Surat,Furniture,Bookshelf,10,7217.24,0.34,47633.78399999999,9777.45,78.16,Net Banking,1,True,Returned,2
ORD-01969,2022-05-20,CUST23162,Nikhil Patel,17,Other,West,Surat,Electronics,Tablet,10,8235.1,0.0,82351.0,11235.34,33.15,Debit Card,5,False,Delivered,4
ORD-00071,2020-01-27,CUST06330,Priya Kapoor,24,Female,West,Pune,Books,Biography,8,493.36,0.34,2604.9408,742.64,52.85,Credit Card,4,False,Delivered,6
ORD-00467,2020-07-25,CUST24562,Aarav Shah,23,Male,North,Chandigarh,Groceries,Sugar,8,445.99,0.24,2711.6192,281.9,72.48,Debit Card,2,False,Delivered,9
ORD-00047,2020-01-19,CUST03104,Nisha Shah,33,Female,South,Hyderabad,Sports,Dumbbells,3,2208.38,0.02,6492.6372,1191.19,87.33,Net Banking,2,False,Delivered,5
ORD-01164,2021-06-05,CUST06311,Sanjay Reddy,26,Other,East,Guwahati,Beauty,Face Cream,5,1895.73,0.16,7962.066,5748.45,53.1,Credit Card,1,False,Delivered,10
ORD-00398,2020-06-21,CUST35407,Aarav Rao,26,Female,North,Chandigarh,Beauty,Perfume,9,137.31,0.24,939.2004,516.92,64.95,Emi,1,False,Delivered,1
ORD-02874,2023-06-01,CUST62622,Priya Kapoor,17,Male,North,Amritsar,Sports,Tennis Racket,10,9450.13,0.12,83161.14399999999,22767.2,65.88,Emi,1,True,Returned,6
ORD-03123,2023-09-10,CUST24025,Rohan Joshi,40,Male,North,Delhi,Furniture,Desk,10,25522.49,0.0,255224.90000000002,112620.79,24.03,Cash On Delivery,1,False,Delivered,10
ORD-01668,2022-01-13,CUST70127,Karan Nair,42,Female,West,Ahmedabad,Books,Self-Help Book,2,1184.85,0.0,2369.7,844.3,79.06,Net Banking,3,False,Delivered,5
ORD-02932,2023-06-25,CUST49455,Nisha Iyer,17,Other,North,Amritsar,Furniture,Wardrobe,8,11770.39,0.15,80038.65199999999,30354.4,52.08,Net Banking,3,False,Shipped,10
ORD-00785,2020-12-23,CUST18574,Sunita Singh,35,Other,South,Chennai,Groceries,Tea,9,203.63,0.29,1301.1957,75.45,84.23,Net Banking,4,False,Delivered,1
ORD-01564,2021-11-30,CUST24016,Kavya Patel,64,Male,North,Chandigarh,Books,Textbook,5,625.59,0.02,3065.391,910.71,43.73,Upi,5,False,Delivered,7
ORD-03077,2023-08-21,CUST23896,Ananya Kumar,54,Male,North,Delhi,Clothing,Dress,5,3920.37,0.09,17837.6835,10054.85,17.84,Debit Card,3,False,Delivered,6
ORD-00702,2020-11-13,CUST28491,Rohan Bose,33,Male,West,Mumbai,Groceries,Rice (5Kg),7,359.06,0.02,2463.1516,153.38,77.28,Cash On Delivery,2,False,Delivered,8
ORD-00423,2020-07-06,CUST04728,Nikhil Mehta,43,Male,Central,Raipur,Sports,Football,3,11793.71,0.32,24059.168399999995,6296.56,63.2,Credit Card,4,False,Delivered,9
ORD-01176,2021-06-10,CUST37244,Aditya Bhat,32,Other,Central,Raipur,Clothing,Saree,7,2184.88,0.16,12847.0944,4252.26,49.09,Emi,4,False,Delivered,5
ORD-00925,2021-02-22,CUST77643,Karan Reddy,40,Male,East,Bhubaneswar,Electronics,Laptop,9,27718.27,0.0,249464.43,36385.34,75.4,Cash On Delivery,1,False,Delivered,3
ORD-03897,2024-08-14,CUST40736,Deepa Sharma,34,Other,Central,Indore,Beauty,Sunscreen,3,720.8,0.24,1643.4239999999998,892.22,47.4,Cash On Delivery,1,False,Delivered,2
ORD-01695,2022-01-27,CUST18018,Vikram Gupta,19,Female,South,Kochi,Electronics,Smartwatch,6,20306.85,0.36,77978.30399999999,6252.6,80.91,Cash On Delivery,5,False,Delivered,6
ORD-00817,2021-01-09,CUST03410,Ananya Rao,42,Female,North,Delhi,Electronics,Smartphone,10,55337.12,0.24,420562.1120000001,36301.09,63.2,Upi,2,True,Returned,10
ORD-00518,2020-08-18,CUST53973,Rohan Pillai,22,Male,East,Patna,Books,Self-Help Book,10,1445.0,0.31,9970.5,3313.53,74.73,Net Banking,4,False,Delivered,3
ORD-03809,2024-07-14,CUST76945,Rohan Sharma,40,Male,West,Mumbai,Books,Comic Book,8,526.69,0.25,3160.1400000000003,1871.66,54.87,Emi,3,True,Returned,7
ORD-02109,2022-07-17,CUST39644,Rohan Bose,42,Male,East,Guwahati,Clothing,T-Shirt,7,2784.47,0.09,17737.0739,7897.77,98.75,Credit Card,3,True,Returned,8
ORD-03291,2023-11-24,CUST41602,Arjun Bose,35,Other,North,Ludhiana,Electronics,Laptop,4,61816.92,0.0,247267.68,30169.32,42.89,Emi,1,False,Delivered,10
ORD-03608,2024-04-20,CUST01140,Rohan Sharma,39,Male,Central,Raipur,Beauty,Perfume,8,722.26,0.33,3871.3135999999995,4477.03,42.31,Net Banking,3,True,Returned,1
ORD-02743,2023-04-01,CUST97838,Ritu Mehta,28,Other,East,Bhubaneswar,Clothing,Jacket,1,3896.79,0.36,2493.9456,1531.25,72.56,Cash On Delivery,5,False,Delivered,5
ORD-03067,2023-08-18,CUST47125,Rohan Kumar,34,Male,Central,Nagpur,Sports,Yoga Mat,4,6531.91,0.18,21424.664800000002,7449.38,78.26,Net Banking,1,False,Delivered,8
ORD-02523,2022-12-31,CUST28943,Nisha Sharma,26,Female,West,Pune,Books,Fiction Novel,6,1055.08,0.36,4051.5072,1190.94,62.47,Debit Card,3,False,Delivered,4
ORD-01598,2021-12-14,CUST10754,Priya Singh,48,Other,North,Delhi,Electronics,Camera,7,52086.42,0.0,364604.94,39729.58,59.26,Debit Card,5,True,Returned,3
ORD-01100,2021-05-11,CUST70498,Arjun Mishra,23,Female,East,Bhubaneswar,Groceries,Dal (1Kg),5,176.3,0.32,599.42,60.81,108.31,Emi,2,False,Shipped,3
ORD-02084,2022-07-07,CUST67930,Ritu Das,42,Male,West,Surat,Furniture,Bed Frame,6,4221.96,0.25,18998.82,11561.41,56.54,Net Banking,2,False,Delivered,5
ORD-02407,2022-11-06,CUST82035,Deepa Bhat,66,Male,West,Surat,Electronics,Tablet,4,23321.4,0.36,59702.78400000001,8865.89,72.32,Debit Card,1,True,Returned,7
ORD-01459,2021-10-22,CUST85012,Nikhil Joshi,30,Other,West,Ahmedabad,Books,Self-Help Book,9,601.66,0.04,5198.3423999999995,1862.14,59.96,Debit Card,2,True,Returned,1
ORD-01717,2022-02-02,CUST55628,Priya Singh,35,Other,North,Amritsar,Books,Fiction Novel,0,1351.01,0.14,0.0,341.54,36.21,Upi,1,True,Returned,2
ORD-01379,2021-09-15,CUST23044,Meera Verma,48,Female,South,Bangalore,Groceries,Cooking Oil,8,378.17,0.2,2420.288,171.58,53.04,Debit Card,2,False,Delivered,7
ORD-03272,2023-11-15,CUST57589,Meera Chatterjee,35,Other,West,Mumbai,Sports,Cricket Bat,10,4317.81,0.2,34542.48,7938.01,65.95,Cash On Delivery,3,False,Shipped,3
ORD-00989,2021-03-27,CUST63010,Kavya Kapoor,34,Male,West,Ahmedabad,Sports,Yoga Mat,6,4757.97,0.39,17414.1702,4630.17,69.73,Cash On Delivery,1,False,Delivered,6
ORD-01118,2021-05-18,CUST77399,Shreya Shah,59,Other,South,Hyderabad,Groceries,Rice (5Kg),4,346.05,0.01,1370.358,156.61,48.59,Upi,4,False,Delivered,10
ORD-02078,2022-07-05,CUST50258,Pooja Joshi,32,Other,North,Amritsar,Books,Comic Book,4,407.5,0.21,1287.7,655.53,64.0,Net Banking,2,False,Delivered,8
ORD-03627,2024-04-26,CUST14544,Karan Bose,15,Male,North,Chandigarh,Beauty,Face Cream,6,2053.53,0.02,12074.7564,7506.82,54.84,Debit Card,4,True,Returned,9
ORD-03599,2024-04-14,CUST08352,Nisha Verma,23,Other,Central,Indore,Furniture,Bookshelf,2,30615.34,0.0,61230.68,26460.69,57.35,Net Banking,2,False,Delivered,2
ORD-03663,2024-05-11,CUST63146,Deepa Verma,22,Other,South,Chennai,Books,Fiction Novel,0,480.68,0.37,0.0,185.46,65.84,Net Banking,1,False,Delivered,7
ORD-01484,2021-10-28,CUST77114,Arjun Bose,49,Other,North,Amritsar,Beauty,Face Cream,1,2097.9,0.1,1888.1100000000001,591.99,41.06,Emi,5,False,Delivered,4
ORD-03620,2024-04-23,CUST14620,Nikhil Verma,48,Female,Central,Nagpur,Furniture,Desk,10,11308.29,0.28,81419.68800000001,35774.65,57.9,Upi,4,False,Delivered,6
ORD-03615,2024-04-22,CUST74717,Amit Joshi,34,Other,Central,Raipur,Books,Fiction Novel,2,1290.19,0.11,2296.5382,1141.88,63.68,Debit Card,1,False,Delivered,6
ORD-00189,2020-03-25,CUST02132,Pooja Reddy,41,Female,North,Delhi,Groceries,Tea,1,342.62,0.31,236.40779999999998,14.18,59.96,Emi,3,False,Delivered,6
ORD-00285,2020-05-06,CUST37349,Nisha Joshi,46,Male,East,Bhubaneswar,Beauty,Perfume,4,1004.49,0.29,2852.7516,2033.39,97.74,Debit Card,3,True,Returned,8
ORD-03763,2024-06-26,CUST66505,Vikram Verma,49,Male,Central,Nagpur,Sports,Cricket Bat,3,10144.06,0.02,29823.5364,10158.3,72.68,Debit Card,1,True,Returned,1
ORD-00344,2020-05-28,CUST09269,Shreya Kumar,40,F,West,Pune,Groceries,Sugar,5,447.63,0.3,1566.705,140.38,65.87,Cash On Delivery,1,False,Cancelled,10
ORD-00008,2020-01-02,CUST27101,Shreya Kumar,45,Male,East,Patna,Books,Cook Book,2,435.28,0.32,591.9807999999999,152.9,54.81,Cash On Delivery,2,False,Cancelled,9
ORD-00760,2020-12-11,CUST23262,Priya Mishra,32,Female,North,Delhi,Furniture,Bookshelf,6,18877.52,0.29,80418.2352,21779.26,27.92,Debit Card,5,False,Delivered,6
ORD-02062,2022-06-28,CUST44853,Arjun Shah,27,Female,Central,Raipur,Groceries,Rice (5Kg),1,197.09,0.32,134.0212,20.87,46.31,Debit Card,1,False,Shipped,5
ORD-03834,2024-07-24,CUST62488,Sanjay Bose,31,Other,East,Kolkata,Groceries,Sugar,5,335.32,0.33,1123.322,171.12,88.98,Cash On Delivery,1,True,Returned,2
ORD-02264,2022-09-11,CUST27188,Aditya Das,34,Male,North,Chandigarh,Furniture,Bookshelf,2,11078.6,0.06,20827.768,7028.83,45.78,Upi,2,False,Delivered,10
ORD-02158,2022-08-04,CUST11487,Sanjay Singh,39,Male,South,Hyderabad,Groceries,Tea,2,287.46,0.12,505.9296,45.33,63.51,Upi,2,False,Cancelled,4
ORD-01449,2021-10-17,CUST79698,Deepa Das,49,Other,Central,Raipur,Sports,Tennis Racket,4,11988.33,0.37,30210.5916,3508.41,63.72,Upi,2,False,Delivered,5
ORD-01097,2021-05-11,CUST63448,Rohan Chatterjee,48,Female,West,Surat,Furniture,Chair,7,30335.68,0.23,163509.3152,47519.09,63.26,Cash On Delivery,5,False,Pending,6
ORD-00055,2020-01-21,CUST98423,Arjun Kumar,37,Other,East,Guwahati,Groceries,Flour,2,61.44,0.12,108.1344,6.89,72.83,Upi,2,False,Delivered,1
ORD-04044,2024-10-21,CUST43452,Nisha Kapoor,46,Female,South,Kochi,Beauty,Sunscreen,1,882.32,0.25,661.74,531.18,92.13,Net Banking,5,False,Cancelled,4
ORD-03362,2023-12-26,CUST63701,Aditya Kumar,31,Female,North,Amritsar,Clothing,Jeans,8,3109.43,0.34,16417.790399999998,4682.29,78.43,Upi,2,False,Delivered,1
ORD-01946,2022-05-09,CUST58038,Arjun Joshi,43,Other,West,Pune,Groceries,Rice (5Kg),10,378.93,0.36,2425.152,209.1,60.05,Credit Card,1,False,Delivered,1
ORD-01052,2021-04-20,CUST46428,Vikram Das,20,Male,North,Delhi,Electronics,Camera,8,37212.54,0.08,273884.2944,22436.74,59.69,Emi,1,False,Delivered,9
ORD-03411,2024-01-18,CUST62485,Deepa Kapoor,29,Other,East,Patna,Groceries,Flour,3,472.46,0.38,878.7755999999999,75.78,90.06,Credit Card,2,False,Cancelled,9
ORD-02279,2022-09-16,CUST11155,Ananya Verma,52,Female,West,Mumbai,Electronics,Laptop,6,13712.65,0.21,64997.960999999996,10911.94,44.8,Debit Card,2,False,Delivered,5
ORD-02655,2023-02-24,CUST25325,Amit Joshi,34,Male,Central,Nagpur,Books,Fiction Novel,10,890.58,0.05,8460.51,3442.31,77.84,Upi,1,False,Delivered,4
ORD-02555,2023-01-13,CUST46238,Nisha Singh,13,Other,South,Chennai,Groceries,Cooking Oil,6,429.91,0.36,1650.8544000000002,163.29,71.98,Cash On Delivery,3,False,Delivered,3
ORD-02464,2022-12-05,CUST86293,Rahul Kapoor,28,Male,South,Kochi,Furniture,Bed Frame,1,21880.63,0.13,19036.148100000002,4167.88,65.81,Debit Card,5,False,Delivered,7
ORD-03125,2023-09-11,CUST63392,Pooja Nair,49,Other,Central,Raipur,Sports,Yoga Mat,8,7594.18,0.06,57108.2336,14737.07,75.23,Net Banking,3,False,Delivered,10
ORD-02541,2023-01-09,CUST26316,Ananya Gupta,24,Other,South,Chennai,Books,Textbook,2,1431.03,0.24,2175.1656,945.9,64.39,Debit Card,2,False,Pending,1
ORD-02857,2023-05-28,CUST81300,Ananya Mishra,27,Other,Central,Bhopal,Electronics,Smartphone,2,16666.39,0.04,31999.4688,6476.79,54.21,Upi,1,False,Delivered,8
ORD-03704,2024-05-28,CUST39978,Sunita Kapoor,6,Female,Central,Raipur,Beauty,Shampoo,4,1243.93,0.34,3283.9752,1521.9,44.57,Debit Card,1,False,Delivered,6
ORD-01648,2022-01-05,CUST42883,Vikram Joshi,32,Male,North,Amritsar,Clothing,Saree,7,3381.19,0.39,14437.6813,3903.15,52.43,Emi,3,True,Returned,4
ORD-00882,2021-02-02,CUST46121,Arjun Shah,41,Female,North,Amritsar,Furniture,Bed Frame,10,21056.57,0.24,160029.932,31712.53,53.62,Credit Card,2,True,Returned,10
ORD-01780,2022-03-01,CUST67461,Aditya Kapoor,16,Male,North,Chandigarh,Sports,Dumbbells,2,13902.39,0.37,17517.0114,5540.98,37.83,Net Banking,3,False,Delivered,7
ORD-01611,2021-12-21,CUST14221,Nisha Iyer,51,Other,West,Ahmedabad,Books,Textbook,10,1181.99,0.01,11701.701,3933.86,52.54,Debit Card,5,True,Returned,10
ORD-02012,2022-06-06,CUST50838,Sunita Sharma,35,Male,North,Amritsar,Beauty,Hair Oil,3,151.66,0.28,327.5856,194.08,50.29,Upi,3,False,Delivered,1
ORD-02849,2023-05-26,CUST49953,Aditya Kapoor,47,Other,South,Hyderabad,Books,Comic Book,1,616.77,0.26,456.40979999999996,253.49,67.82,Net Banking,3,True,Returned,5
ORD-01802,2022-03-08,CUST29312,Arjun Verma,35,Other,East,Kolkata,Beauty,Hair Oil,1,2317.49,0.12,2039.3911999999998,1307.37,92.14,Credit Card,4,False,Delivered,4
ORD-04040,2024-10-19,CUST65904,Aditya Reddy,24,Female,Central,Raipur,Beauty,Face Cream,1,1189.68,0.38,737.6016000000001,476.12,61.72,Upi,3,False,Delivered,7
ORD-01337,2021-08-24,CUST96224,Pooja Bhat,42,Male,East,Guwahati,Beauty,Shampoo,6,1830.42,0.38,6809.1624,3889.27,89.06,Emi,5,False,Pending,7
ORD-02032,2022-06-14,CUST87100,Priya Das,31,Female,North,Chandigarh,Sports,Dumbbells,1,9438.79,0.06,8872.4626,2911.92,48.64,Net Banking,3,False,Delivered,8
ORD-01663,2022-01-12,CUST47721,Karan Mishra,47,Male,North,Delhi,Beauty,Face Cream,7,183.5,0.06,1207.4299999999998,329.15,81.3,Cash On Delivery,5,False,Delivered,7
ORD-04032,2024-10-16,CUST20384,Shreya Das,34,Male,West,Mumbai,Beauty,Hair Oil,8,1325.92,0.36,6788.710400000001,3668.15,75.44,Credit Card,2,False,Delivered,10
ORD-03391,2024-01-06,CUST82012,Amit Chatterjee,12,Male,Central,Indore,Furniture,Sofa,1,17054.15,0.05,16201.442500000001,5809.8,62.17,Cash On Delivery,3,False,Delivered,2
ORD-00065,2020-01-24,CUST46511,Aditya Mehta,38,Male,Central,Bhopal,Sports,Tennis Racket,7,11809.1,0.37,52078.131,8489.59,52.58,Upi,1,True,Returned,5
ORD-01211,2021-06-30,CUST89209,Nisha Patel,55,Female,West,Mumbai,Groceries,Dal (1Kg),1,92.07,0.24,69.97319999999999,5.66,66.61,Upi,4,True,Returned,4
ORD-04028,2024-10-14,CUST55623,Nikhil Mehta,72,Male,Central,Indore,Books,Biography,8,953.45,0.12,6712.2880000000005,3146.46,74.99,Emi,1,False,Delivered,9
ORD-03168,2023-10-03,CUST99426,Sunita Shah,39,Female,East,Patna,Furniture,Chair,3,22116.52,0.14,57060.6216,15322.58,80.03,Emi,2,True,Returned,6
ORD-02377,2022-10-25,CUST98234,Priya Das,37,Female,East,Kolkata,Books,Biography,3,641.95,0.29,1367.3535,516.36,78.51,Upi,1,False,Delivered,8
ORD-00848,2021-01-21,CUST63825,Aarav Bose,42,Female,Central,Nagpur,Electronics,Camera,7,73688.74,0.36,330125.55520000006,15758.03,63.44,Net Banking,3,False,Delivered,7
ORD-02428,2022-11-15,CUST87410,Rahul Bose,14,Other,South,Kochi,Groceries,Rice (5Kg),10,90.88,0.15,772.4799999999999,64.16,43.0,Net Banking,2,False,Delivered,3
ORD-03977,2024-09-11,CUST09103,Nisha Kapoor,30,Other,West,Ahmedabad,Clothing,Saree,5,1833.43,0.25,6875.362499999999,2732.97,67.54,Emi,2,True,Returned,2
ORD-01487,2021-10-30,CUST74622,Priya Sharma,30,Other,Central,Bhopal,Sports,Dumbbells,1,9205.69,0.13,8008.9503,1902.62,71.07,Debit Card,1,False,Delivered,5
ORD-00683,2020-11-06,CUST71427,Ritu Das,21,Male,Central,Nagpur,Groceries,Rice (5Kg),8,483.25,0.06,3634.04,207.65,28.67,Upi,3,False,Delivered,2
ORD-00553,2020-09-02,CUST75347,Nisha Singh,15,Other,North,Ludhiana,Groceries,Dal (1Kg),3,101.86,0.13,265.8546,25.03,47.2,Net Banking,5,False,Delivered,7
ORD-00139,2020-02-24,CUST35429,Ritu Nair,43,Female,South,Chennai,Books,Comic Book,0,1179.07,0.24,0.0,455.49,77.92,Cash On Delivery,1,False,Cancelled,3
ORD-01462,2021-10-22,CUST48119,Arjun Kumar,25,Other,West,Mumbai,Sports,Yoga Mat,4,9927.75,0.01,39313.89,8083.5,86.33,Cash On Delivery,1,False,Delivered,5
ORD-02406,2022-11-06,CUST28811,Sunita Joshi,14,Other,South,Hyderabad,Books,Comic Book,6,1290.45,0.14,6658.722000000001,2015.44,72.18,Debit Card,3,False,Delivered,7
ORD-00484,2020-08-01,CUST47442,Sunita Shah,47,Female,South,Hyderabad,Books,Fiction Novel,1,658.73,0.32,447.9364,224.09,56.27,Net Banking,1,False,Cancelled,10
ORD-03279,2023-11-17,CUST55124,Arjun Nair,35,F,South,Hyderabad,Beauty,Hair Oil,5,2164.5,0.36,6926.400000000001,3108.13,89.26,Emi,1,False,Delivered,5
ORD-00236,2020-04-13,CUST00024,Rohan Bhat,35,Other,North,Amritsar,Books,Self-Help Book,5,966.73,0.32,3286.8819999999996,1436.4,27.61,Emi,5,False,Shipped,4
ORD-02214,2022-08-25,CUST69266,Meera Iyer,42,Female,South,Kochi,Sports,Yoga Mat,3,11700.18,0.34,23166.356399999997,7211.28,61.57,Cash On Delivery,2,False,Delivered,4
ORD-01812,2022-03-12,CUST87331,Priya Iyer,37,Other,South,Hyderabad,Clothing,Saree,2,3062.06,0.0,6124.12,1929.46,60.97,Credit Card,4,False,Delivered,6
ORD-02835,2023-05-18,CUST93185,Sunita Verma,46,Male,North,Ludhiana,Books,Biography,2,922.52,0.02,1808.1391999999998,1106.75,61.06,Debit Card,3,False,Delivered,9
ORD-03293,2023-11-24,CUST17652,Arjun Rao,40,Male,East,Guwahati,Beauty,Face Cream,7,586.63,0.04,3942.1535999999996,1208.13,90.59,Net Banking,2,False,Pending,8
ORD-03717,2024-06-09,CUST54594,Ritu Verma,37,Male,South,Hyderabad,Sports,Football,4,969.54,0.1,3490.344,476.57,59.53,Net Banking,4,False,Delivered,5
ORD-02395,2022-11-01,CUST38435,Aarav Das,34,Other,West,Mumbai,Electronics,Smartphone,5,17051.01,0.02,83549.949,12014.35,60.41,Debit Card,4,False,Delivered,3
ORD-03610,2024-04-20,CUST71966,Deepa Kumar,31,Female,West,Pune,Beauty,Perfume,8,1737.06,0.05,13201.655999999999,9320.24,48.1,Emi,4,False,Delivered,9
ORD-02433,2022-11-19,CUST52680,Ritu Shah,40,Female,North,Delhi,Sports,Cycle,9,10073.67,0.2,72530.424,18108.91,53.9,Emi,4,False,Cancelled,2
ORD-02752,2023-04-06,CUST77977,Priya Verma,39,Other,North,Chandigarh,Furniture,Desk,4,20972.36,0.23,64594.868800000004,40455.26,43.34,Upi,1,False,Delivered,4
ORD-01125,2021-05-23,CUST04001,Ananya Das,41,M,Central,Bhopal,Sports,Football,8,1689.13,0.12,11891.4752,3872.78,78.96,Net Banking,3,False,Shipped,2
ORD-03791,2024-07-06,CUST64574,Sanjay Pillai,26,Female,Central,Bhopal,Electronics,Smartphone,8,70977.79,0.0,567822.32,120414.48,61.68,Cash On Delivery,3,False,Delivered,1
ORD-00945,2021-03-03,CUST29179,Karan Verma,14,Other,West,Surat,Sports,Yoga Mat,4,7733.68,0.34,20416.9152,3661.66,56.01,Credit Card,2,False,Delivered,6
ORD-01357,2021-09-03,CUST15011,Rahul Shah,21,Other,West,Mumbai,Books,Fiction Novel,7,712.53,0.07,4638.570299999999,1803.51,57.42,Credit Card,1,True,Returned,10
ORD-02224,2022-08-28,CUST30540,Priya Bhat,25,Female,West,Ahmedabad,Sports,Cycle,7,8703.41,0.09,55440.721699999995,14340.35,62.0,Debit Card,2,False,Delivered,1
ORD-01631,2021-12-27,CUST37296,Meera Chatterjee,49,Male,North,Chandigarh,Furniture,Bookshelf,4,7533.42,0.13,26216.3016,7287.96,68.3,Credit Card,5,False,Delivered,6
ORD-03689,2024-05-22,CUST89381,Vikram Bose,31,Female,South,Hyderabad,Furniture,Chair,7,13446.15,0.03,91299.3585,34353.53,72.19,Debit Card,3,False,Delivered,8
ORD-02484,2022-12-13,CUST16309,Rohan Verma,20,Other,Central,Raipur,Clothing,Saree,4,630.74,0.04,2422.0416,616.52,29.52,Debit Card,2,False,Delivered,9
ORD-00823,2021-01-12,CUST48473,Sunita Joshi,48,Male,West,Pune,Beauty,Sunscreen,1,1901.42,0.3,1330.994,482.79,37.7,Emi,5,False,Delivered,7
ORD-00557,2020-09-04,CUST03973,Rahul Iyer,34,Male,East,Bhubaneswar,Books,Self-Help Book,6,821.78,0.16,4141.7712,2079.93,89.15,Credit Card,4,False,Cancelled,7
ORD-01283,2021-08-01,CUST68514,Sanjay Mishra,8,Male,North,Ludhiana,Beauty,Hair Oil,10,1896.08,0.01,18771.192,8645.2,60.54,Net Banking,2,False,Delivered,10
ORD-00375,2020-06-09,CUST69130,Nikhil Singh,40,Other,South,Kochi,Furniture,Bed Frame,3,32005.1,0.14,82573.158,40250.51,26.04,Net Banking,5,False,Delivered,1
ORD-04096,2024-11-13,CUST25252,Nikhil Rao,25,Other,East,Kolkata,Beauty,Hair Oil,0,2272.1,0.15,0.0,936.13,54.4,Cash On Delivery,2,False,Delivered,6
ORD-04142,2024-12-04,CUST18673,Sanjay Joshi,19,Other,North,Ludhiana,Beauty,Face Cream,9,1593.35,0.06,13479.740999999998,4094.58,42.17,Credit Card,3,False,Delivered,2
ORD-03449,2024-02-04,CUST23951,Karan Kapoor,40,Female,Central,Raipur,Furniture,Desk,1,12690.08,0.16,10659.6672,3348.35,78.84,Net Banking,4,False,Delivered,2
ORD-00083,2020-02-01,CUST84754,Meera Shah,45,Other,Central,Nagpur,Clothing,Jeans,8,1746.58,0.14,12016.4704,3692.11,25.32,Debit Card,3,False,Shipped,3
ORD-03262,2023-11-09,CUST82303,Arjun Patel,18,Male,Central,Bhopal,Sports,Cycle,4,7196.49,0.2,23028.768,4701.83,62.08,Net Banking,1,True,Returned,10
ORD-01086,2021-05-06,CUST14839,Aarav Mishra,27,Other,West,Ahmedabad,Sports,Yoga Mat,9,748.26,0.0,6734.34,3339.14,48.2,Cash On Delivery,3,False,Shipped,3
ORD-00438,2020-07-12,CUST95274,Priya Shah,26,Female,Central,Nagpur,Groceries,Tea,9,367.82,0.37,2085.5394,189.16,74.74,Debit Card,3,False,Delivered,9
ORD-02601,2023-02-04,CUST02447,Sunita Singh,48,Other,East,Guwahati,Electronics,Smartwatch,6,27584.29,0.04,158885.5104,18519.24,82.16,Cash On Delivery,3,True,Returned,1
ORD-03577,2024-04-03,CUST58950,Kavya Mishra,57,Male,South,Chennai,Clothing,Dress,5,1559.69,0.0,7798.450000000001,3080.02,61.62,Upi,3,False,Delivered,3
ORD-02854,2023-05-28,CUST77130,Vikram Chatterjee,32,M,Central,Bhopal,Sports,Dumbbells,0,2734.25,0.28,0.0,628.32,40.14,Credit Card,2,False,Delivered,5
ORD-03145,2023-09-25,CUST35682,Ananya Chatterjee,49,Female,North,Chandigarh,Sports,Football,1,6693.3,0.11,5957.037,1485.2,49.16,Credit Card,1,False,Cancelled,7
ORD-03488,2024-02-25,CUST31348,Pooja Gupta,30,Female,Central,Indore,Electronics,Smartphone,1,7202.38,0.21,5689.8802000000005,552.15,67.34,Net Banking,2,True,Returned,4
ORD-01109,2021-05-15,CUST81233,Nikhil Bose,19,Other,South,Kochi,Furniture,Sofa,1,12504.29,0.15,10628.6465,5257.39,87.69,Emi,4,False,Delivered,8
ORD-01569,2021-12-02,CUST66237,Ananya Kumar,30,Male,South,Kochi,Groceries,Tea,2,117.65,0.0,235.3,14.01,71.51,Net Banking,4,False,Delivered,4
ORD-01845,2022-03-27,CUST10325,Ananya Joshi,27,Male,East,Guwahati,Electronics,Smartphone,7,49930.01,0.18,286598.2574,52733.26,87.99,Credit Card,2,True,Returned,1
ORD-01396,2021-09-21,CUST86234,Priya Reddy,56,Male,South,Kochi,Electronics,Tablet,8,75033.34,0.28,432192.03839999996,73937.62,61.37,Credit Card,4,False,Delivered,7
ORD-01252,2021-07-18,CUST60840,Sunita Patel,28,Other,East,Bhubaneswar,Furniture,Bookshelf,2,27494.42,0.09,50039.8444,17991.26,56.35,Credit Card,3,False,Delivered,6
ORD-00211,2020-04-02,CUST90979,Nisha Joshi,47,Male,South,Bangalore,Books,Comic Book,6,1246.19,0.06,7028.5116,4298.89,74.09,Emi,3,False,Delivered,7
ORD-01532,2021-11-18,CUST78938,Pooja Reddy,30,Male,Central,Indore,Clothing,Saree,7,1494.18,0.13,9099.5562,3630.71,80.11,Credit Card,3,False,Delivered,10
ORD-01616,2021-12-24,CUST87932,Ananya Kapoor,22,M,South,Chennai,Clothing,Kurta,4,1566.74,0.07,5828.2728,1682.6,77.04,Debit Card,4,False,Shipped,9
ORD-00156,2020-03-06,CUST57074,Priya Singh,32,Male,Central,Indore,Clothing,T-Shirt,7,634.01,0.35,2884.7455,1034.24,76.53,Upi,4,False,Delivered,9
ORD-00140,2020-02-24,CUST51057,Rohan Verma,49,Female,Central,Bhopal,Beauty,Shampoo,3,2127.17,0.32,4339.4268,1419.85,67.56,Upi,1,False,Delivered,1
ORD-00187,2020-03-23,CUST95299,Amit Rao,44,Other,East,Guwahati,Groceries,Sugar,3,315.98,0.2,758.3520000000001,62.11,104.89,Credit Card,4,False,Delivered,3
ORD-02417,2022-11-09,CUST65187,Rahul Chatterjee,41,Female,West,Mumbai,Sports,Dumbbells,10,5187.53,0.13,45131.511,8791.81,49.73,Upi,3,False,Delivered,2
ORD-02499,2022-12-21,CUST68941,Vikram Pillai,38,Female,South,Hyderabad,Electronics,Headphones,10,22540.09,0.08,207368.828,22056.79,77.63,Cash On Delivery,4,False,Delivered,6
ORD-02326,2022-10-06,CUST89114,Aditya Patel,27,Female,South,Hyderabad,Furniture,Bookshelf,9,22455.86,0.23,155619.1098,35481.88,64.83,Credit Card,4,False,Delivered,4
ORD-03862,2024-08-04,CUST25303,Arjun Bose,37,Female,West,Mumbai,Groceries,Dal (1Kg),4,315.04,0.14,1083.7376000000002,108.93,49.89,Credit Card,3,False,Delivered,10
ORD-03396,2024-01-10,CUST18308,Priya Mehta,31,Male,Central,Raipur,Beauty,Sunscreen,10,412.64,0.28,2971.008,1648.72,35.19,Credit Card,5,False,Delivered,6
ORD-02620,2023-02-10,CUST23456,Sunita Mishra,50,Male,South,Bangalore,Beauty,Perfume,6,1758.55,0.29,7491.422999999999,4314.02,64.46,Net Banking,4,False,Delivered,1
ORD-02725,2023-03-28,CUST39987,Aarav Shah,34,Male,North,Amritsar,Furniture,Sofa,2,25068.04,0.07,46626.5544,15753.38,16.5,Debit Card,1,False,Delivered,2
ORD-03964,2024-09-06,CUST57453,Arjun Joshi,14,Other,West,Mumbai,Electronics,Headphones,2,41228.52,0.11,73386.7656,12285.24,37.79,Debit Card,4,True,Returned,8
ORD-03534,2024-03-15,CUST18961,Meera Kumar,40,Male,East,Kolkata,Electronics,Laptop,4,12580.65,0.34,33212.916,5873.56,101.02,Net Banking,5,False,Delivered,2
ORD-00872,2021-01-31,CUST37369,Amit Das,29,Female,South,Kochi,Beauty,Lipstick,3,1476.85,0.39,2702.6354999999994,946.31,72.85,Emi,1,True,Returned,6
ORD-02015,2022-06-07,CUST43193,Rahul Mehta,36,Other,South,Kochi,Furniture,Chair,1,22337.23,0.08,20550.2516,7115.37,44.4,Upi,3,False,Delivered,10
ORD-00715,2020-11-23,CUST92335,Rohan Singh,35,Other,North,Chandigarh,Books,Textbook,3,1024.92,0.4,1844.856,495.89,60.02,Credit Card,4,False,Delivered,10
ORD-01157,2021-06-03,CUST28445,Sanjay Nair,40,Female,North,Amritsar,Books,Textbook,7,775.88,0.38,3367.3192,1295.29,19.48,Credit Card,4,True,Returned,9
ORD-01759,2022-02-18,CUST59330,Deepa Patel,34,Male,West,Surat,Groceries,Tea,4,421.19,0.39,1027.7036,79.81,83.46,Upi,3,False,Delivered,6
ORD-03164,2023-10-01,CUST04219,Aarav Sharma,21,Male,East,Bhubaneswar,Clothing,Jeans,8,3309.44,0.08,24357.4784,7317.58,108.32,Net Banking,2,False,Shipped,8
ORD-02010,2022-06-05,CUST93766,Rohan Nair,24,F,West,Pune,Electronics,Tablet,6,29091.32,0.0,174547.91999999998,35140.71,35.9,Emi,4,True,Returned,10
ORD-02016,2022-06-09,CUST87101,Nikhil Bose,20,Male,East,Guwahati,Groceries,Cooking Oil,4,342.63,0.04,1315.6992,105.07,65.4,Upi,3,False,Delivered,2
ORD-04078,2024-11-03,CUST54593,Arjun Sharma,32,Female,East,Patna,Books,Textbook,4,253.68,0.16,852.3648,386.42,76.22,Upi,4,False,Shipped,9
ORD-00594,2020-09-22,CUST06050,Ananya Mishra,37,Male,North,Amritsar,Clothing,T-Shirt,2,2579.57,0.02,5055.9572,1991.02,37.72,Emi,4,False,Delivered,1
ORD-02883,2023-06-03,CUST72686,Meera Bose,66,Male,East,Kolkata,Electronics,Headphones,7,18211.07,0.04,122378.39039999999,30254.35,85.57,Credit Card,1,False,Delivered,10
ORD-02676,2023-03-03,CUST24131,Deepa Verma,27,Male,South,Bangalore,Books,Fiction Novel,1,948.68,0.05,901.2459999999999,436.63,60.66,Net Banking,3,False,Delivered,4
ORD-02477,2022-12-12,CUST10191,Shreya Mishra,25,Male,South,Hyderabad,Electronics,Camera,7,78827.09,0.17,457985.3929,33092.48,81.42,Credit Card,2,False,Delivered,7
ORD-03383,2024-01-03,CUST88781,Meera Iyer,22,Male,North,Amritsar,Electronics,Smartphone,7,65406.74,0.23,352542.3286,30172.94,56.16,Cash On Delivery,4,False,Delivered,9
ORD-01033,2021-04-12,CUST75013,Aditya Pillai,30,Male,South,Chennai,Sports,Tennis Racket,2,3848.71,0.13,6696.7554,1845.42,94.87,Upi,1,False,Delivered,5
ORD-02769,2023-04-14,CUST48124,Ritu Reddy,14,Male,East,Patna,Furniture,Wardrobe,1,25421.93,0.02,24913.4914,12519.52,64.85,Cash On Delivery,4,False,Cancelled,8
ORD-00345,2020-05-28,CUST34954,Nikhil Kapoor,39,Other,Central,Nagpur,Groceries,Flour,9,253.54,0.26,1688.5764000000001,173.86,63.2,Net Banking,5,False,Delivered,7
ORD-03739,2024-06-18,CUST32885,Deepa Iyer,36,Other,East,Guwahati,Clothing,Saree,2,419.29,0.4,503.148,372.17,91.04,Debit Card,4,False,Delivered,6
ORD-04200,2024-12-30,CUST38440,Rohan Rao,22,Other,South,Bangalore,Furniture,Sofa,6,5868.58,0.29,25000.150799999996,8506.96,61.17,Cash On Delivery,3,True,Returned,5
ORD-03549,2024-03-22,CUST48871,Arjun Patel,42,Other,West,Pune,Furniture,Sofa,8,8470.42,0.29,48111.9856,17657.48,72.33,Upi,4,False,Delivered,2
ORD-03289,2023-11-21,CUST55307,Kavya Chatterjee,13,Other,South,Kochi,Clothing,T-Shirt,9,2673.67,0.23,18528.5331,5950.65,80.51,Emi,3,False,Delivered,8
ORD-02474,2022-12-08,CUST53409,Sunita Pillai,37,Female,North,Ludhiana,Electronics,Smartphone,1,42750.36,0.0,42750.36,3865.32,64.93,Cash On Delivery,4,False,Delivered,10
ORD-01085,2021-05-05,CUST96129,Amit Verma,36,Male,West,Ahmedabad,Electronics,Headphones,3,19106.04,0.29,40695.8652,5910.7,48.94,Upi,5,False,Delivered,10
ORD-00052,2020-01-21,CUST08694,Shreya Nair,30,Other,East,Patna,Groceries,Flour,8,93.43,0.03,725.0168,58.06,67.75,Credit Card,5,False,Shipped,3
ORD-03253,2023-11-05,CUST40202,Priya Das,24,Female,Central,Nagpur,Beauty,Sunscreen,3,2286.34,0.34,4526.9532,2413.02,61.28,Upi,2,True,Returned,1
ORD-01864,2022-04-02,CUST09459,Aarav Shah,44,Male,East,Guwahati,Clothing,Jacket,8,2007.46,0.07,14935.5024,8877.57,29.19,Net Banking,5,False,Delivered,8
ORD-03635,2024-04-29,CUST69253,Aditya Bose,31,Male,North,Chandigarh,Clothing,Jacket,1,2333.82,0.3,1633.674,857.57,31.53,Debit Card,2,True,Returned,10
ORD-00974,2021-03-20,CUST42500,Aarav Shah,30,Male,South,Kochi,Sports,Cricket Bat,8,1086.23,0.23,6691.1768,1305.99,55.27,Debit Card,4,True,Returned,8
ORD-02741,2023-04-01,CUST45274,Sanjay Patel,23,Male,East,Guwahati,Sports,Dumbbells,6,5555.87,0.31,23001.301799999997,9878.4,74.61,Debit Card,5,False,Delivered,4
ORD-02872,2023-05-31,CUST44303,Nisha Joshi,17,Female,South,Bangalore,Electronics,Camera,8,74939.93,0.31,413668.4135999999,78957.96,82.61,Cash On Delivery,2,False,Pending,6
ORD-03179,2023-10-06,CUST04408,Sanjay Chatterjee,24,Female,North,Chandigarh,Sports,Tennis Racket,6,4814.34,0.11,25708.5756,3795.89,44.25,Cash On Delivery,3,False,Delivered,6
ORD-03408,2024-01-16,CUST53254,Rahul Nair,35,Other,South,Kochi,Clothing,Jeans,2,2942.34,0.26,4354.6632,1703.86,54.7,Debit Card,5,True,Returned,7
ORD-03906,2024-08-15,CUST36432,Kavya Kapoor,33,Male,South,Kochi,Books,Self-Help Book,8,1226.84,0.23,7557.3344,3912.8,69.45,Emi,4,False,Delivered,6
ORD-00880,2021-02-02,CUST93518,Aarav Rao,36,Other,East,Guwahati,Books,Comic Book,9,1355.32,0.11,10856.1132,3948.56,95.05,Debit Card,4,False,Delivered,4
ORD-01651,2022-01-07,CUST43881,Ananya Mehta,28,Other,North,Ludhiana,Furniture,Desk,2,15019.51,0.21,23730.825800000002,6736.14,45.65,Upi,2,False,Cancelled,7
ORD-02265,2022-09-12,CUST40896,Deepa Rao,48,F,West,Mumbai,Electronics,Headphones,7,17875.78,0.39,76329.58059999999,10922.5,64.93,Credit Card,1,False,Shipped,3
ORD-00953,2021-03-07,CUST31395,Nisha Sharma,51,Male,West,Mumbai,Groceries,Sugar,8,304.96,0.05,2317.696,225.25,36.35,Cash On Delivery,2,False,Delivered,3
ORD-03099,2023-09-01,CUST54403,Priya Rao,31,F,Central,Nagpur,Books,Cook Book,7,1057.54,0.2,5922.224,2620.05,60.64,Debit Card,2,True,Returned,2
ORD-01810,2022-03-11,CUST43650,Arjun Patel,14,Other,East,Bhubaneswar,Furniture,Wardrobe,8,26505.13,0.04,203559.3984,68339.51,84.53,Net Banking,5,False,Delivered,7
ORD-03547,2024-03-20,CUST38738,Vikram Gupta,48,Female,Central,Bhopal,Beauty,Face Cream,7,2483.1,0.23,13383.909000000001,9979.84,55.38,Net Banking,3,False,Delivered,10
ORD-01190,2021-06-19,CUST89428,Vikram Bhat,24,Male,North,Chandigarh,Groceries,Dal (1Kg),8,134.32,0.04,1031.5775999999998,139.04,56.65,Debit Card,2,False,Delivered,5
ORD-01054,2021-04-21,CUST25910,Aarav Kapoor,18,Other,East,Kolkata,Groceries,Rice (5Kg),2,94.76,0.39,115.6072,10.16,69.7,Credit Card,3,False,Delivered,5
ORD-04122,2024-11-27,CUST89767,Rahul Patel,21,Other,South,Kochi,Electronics,Camera,10,78416.65,0.19,635174.865,76981.5,47.97,Upi,3,False,Cancelled,8
ORD-02394,2022-11-01,CUST48987,Arjun Bose,19,Female,South,Hyderabad,Beauty,Shampoo,4,901.35,0.21,2848.266,1103.36,70.49,Upi,3,False,Delivered,9
ORD-00998,2021-03-30,CUST74848,Sanjay Mehta,29,Other,East,Guwahati,Sports,Football,8,10920.29,0.06,82120.5808,15878.93,109.6,Emi,2,False,Delivered,7
ORD-01257,2021-07-20,CUST58111,Sanjay Chatterjee,32,Female,West,Surat,Groceries,Flour,10,311.3,0.22,2428.14,192.38,47.53,Emi,5,False,Delivered,5
ORD-01359,2021-09-04,CUST02336,Ananya Das,41,Other,North,Amritsar,Electronics,Laptop,4,58347.92,0.26,172709.8432,29981.09,40.02,Cash On Delivery,5,True,Returned,1
ORD-01565,2021-11-30,CUST50049,Meera Nair,28,Other,West,Surat,Clothing,T-Shirt,6,3969.96,0.03,23105.1672,4862.5,49.67,Emi,2,False,Shipped,2
ORD-02744,2023-04-01,CUST66758,Rahul Patel,31,Female,North,Delhi,Beauty,Lipstick,8,2199.06,0.31,12138.811199999998,6740.03,50.62,Cash On Delivery,1,False,Delivered,8
ORD-03693,2024-05-22,CUST04664,Shreya Mehta,45,Male,South,Bangalore,Books,Fiction Novel,4,1444.05,0.31,3985.5779999999995,2386.88,95.97,Upi,3,False,Delivered,3
ORD-00289,2020-05-07,CUST73246,Aarav Patel,46,Male,South,Bangalore,Books,Comic Book,6,366.68,0.22,1716.0624,744.83,60.14,Upi,2,True,Returned,2
ORD-03765,2024-06-27,CUST84964,Arjun Pillai,53,Other,North,Delhi,Beauty,Shampoo,0,1527.65,0.37,0.0,823.79,46.45,Emi,4,False,Delivered,2
ORD-01021,2021-04-05,CUST46097,Kavya Rao,30,Male,Central,Nagpur,Groceries,Tea,10,140.77,0.04,1351.392,92.58,48.86,Emi,5,False,Delivered,5
ORD-02519,2022-12-29,CUST63560,Aditya Reddy,61,F,South,Kochi,Groceries,Tea,10,477.67,0.38,2961.554,241.54,64.26,Debit Card,3,False,Delivered,2
ORD-03840,2024-07-26,CUST71808,Deepa Bhat,34,Female,East,Guwahati,Clothing,Jacket,7,2027.9,0.25,10646.475,5222.33,87.34,Credit Card,3,False,Delivered,10
ORD-00126,2020-02-18,CUST76844,Aarav Sharma,48,Female,South,Chennai,Sports,Cricket Bat,10,14132.86,0.19,114476.16600000001,27604.9,90.34,Cash On Delivery,3,False,Delivered,9
ORD-00365,2020-06-05,CUST36682,Sanjay Reddy,20,Other,West,Pune,Furniture,Bookshelf,0,10108.05,0.16,0.0,3225.54,71.7,Cash On Delivery,3,True,Returned,8
ORD-03356,2023-12-22,CUST10273,Nisha Bose,26,Male,South,Chennai,Books,Textbook,4,1166.27,0.32,3172.2544,740.36,75.02,Cash On Delivery,5,False,Delivered,6
ORD-00986,2021-03-24,CUST25266,Nikhil Reddy,20,Other,Central,Raipur,Furniture,Chair,1,14981.98,0.0,14981.98,6301.96,80.7,Emi,4,False,Cancelled,8
ORD-01103,2021-05-13,CUST68761,Vikram Joshi,47,Female,North,Chandigarh,Furniture,Wardrobe,2,11894.06,0.21,18792.6148,6286.41,70.91,Emi,4,False,Cancelled,4
ORD-03896,2024-08-13,CUST78041,Sunita Nair,29,Male,North,Chandigarh,Electronics,Laptop,10,53218.56,0.27,388495.48799999995,68296.39,20.81,Cash On Delivery,3,False,Delivered,6
ORD-01526,2021-11-17,CUST64362,Rahul Verma,60,Male,South,Kochi,Books,Textbook,2,371.2,0.25,556.8,199.91,67.34,Cash On Delivery,2,False,Delivered,4
ORD-02352,2022-10-13,CUST89546,Ananya Verma,26,M,West,Mumbai,Clothing,Kurta,5,3741.86,0.22,14593.254,4735.93,53.44,Upi,4,True,Returned,1
ORD-02347,2022-10-12,CUST24182,Kavya Singh,36,Male,Central,Raipur,Groceries,Cooking Oil,3,403.22,0.33,810.4721999999999,82.5,62.33,Credit Card,3,False,Delivered,9
ORD-02576,2023-01-27,CUST12074,Shreya Kapoor,38,Other,East,Patna,Clothing,Jacket,1,3316.89,0.02,3250.5521999999996,1124.49,73.41,Upi,5,False,Cancelled,10
ORD-01246,2021-07-16,CUST93346,Rohan Iyer,52,Female,East,Patna,Groceries,Dal (1Kg),10,422.95,0.01,4187.205,403.1,74.58,Debit Card,4,False,Delivered,6
ORD-01060,2021-04-25,CUST46841,Nikhil Nair,37,Male,North,Delhi,Sports,Cycle,5,8455.87,0.31,29172.751500000002,8841.29,51.91,Debit Card,5,False,Delivered,5
ORD-04120,2024-11-27,CUST60757,Deepa Singh,20,F,South,Bangalore,Clothing,Dress,1,335.42,0.23,258.27340000000004,88.1,73.88,Debit Card,3,False,Delivered,3
ORD-00589,2020-09-20,CUST18414,Sanjay Reddy,24,Other,North,Delhi,Clothing,Dress,4,3802.14,0.16,12775.1904,4073.09,63.7,Credit Card,4,False,Delivered,10
ORD-01686,2022-01-21,CUST44944,Rohan Singh,24,Male,Central,Raipur,Furniture,Chair,8,6492.13,0.09,47262.7064,10060.56,52.57,Credit Card,3,False,Delivered,10
ORD-02548,2023-01-12,CUST41169,Aditya Iyer,46,Male,East,Guwahati,Furniture,Sofa,10,14207.99,0.06,133555.106,39842.93,65.88,Cash On Delivery,4,False,Delivered,3
ORD-02013,2022-06-06,CUST13762,Meera Chatterjee,44,Other,Central,Indore,Clothing,Jacket,0,3652.79,0.25,0.0,1521.23,40.51,Debit Card,2,False,Cancelled,8
ORD-01989,2022-05-28,CUST57444,Amit Bose,30,Female,North,Ludhiana,Clothing,Jeans,2,3929.54,0.16,6601.6272,4050.34,67.09,Cash On Delivery,3,False,Delivered,5
ORD-01306,2021-08-10,CUST62979,Pooja Mishra,36,Other,Central,Raipur,Electronics,Smartwatch,8,58571.61,0.28,337372.47359999997,53027.1,56.37,Emi,4,True,Returned,4
ORD-01519,2021-11-15,CUST43388,Aditya Shah,37,Other,West,Surat,Clothing,Jeans,7,1574.54,0.02,10801.344399999998,2481.62,84.22,Upi,3,False,Delivered,5
ORD-01823,2022-03-16,CUST35405,Pooja Mishra,35,Female,Central,Raipur,Sports,Cycle,4,5236.27,0.09,19060.022800000002,4435.73,74.78,Cash On Delivery,1,False,Shipped,8
ORD-03110,2023-09-05,CUST38634,Sanjay Reddy,50,Male,South,Hyderabad,Clothing,Kurta,7,3365.93,0.11,20969.743899999998,13312.04,74.84,Debit Card,3,False,Cancelled,4
ORD-02755,2023-04-06,CUST20559,Karan Mishra,46,Male,North,Chandigarh,Books,Biography,9,421.91,0.16,3189.6396,2326.52,51.34,Emi,5,False,Delivered,1
ORD-04088,2024-11-08,CUST96195,Amit Mishra,34,Other,East,Kolkata,Clothing,Saree,9,1665.92,0.18,12294.4896,2273.36,91.64,Credit Card,3,False,Delivered,1
ORD-01513,2021-11-12,CUST81406,Rahul Bose,58,Other,North,Amritsar,Sports,Cricket Bat,10,11652.14,0.17,96712.76199999999,12791.68,49.96,Emi,1,False,Delivered,10
ORD-03252,2023-11-05,CUST39721,Sunita Kapoor,32,F,West,Surat,Sports,Cricket Bat,3,10070.36,0.29,21449.8668,4777.96,40.78,Upi,4,False,Delivered,3
ORD-02695,2023-03-14,CUST36599,Kavya Bhat,43,Female,West,Ahmedabad,Beauty,Shampoo,9,415.58,0.35,2431.143,1457.49,93.37,Debit Card,4,False,Pending,3
ORD-03178,2023-10-05,CUST71971,Rohan Nair,34,Female,North,Delhi,Furniture,Bookshelf,6,11138.87,0.18,54803.2404,14000.74,42.92,Emi,3,False,Delivered,5
ORD-03336,2023-12-14,CUST95363,Aditya Gupta,35,Other,East,Patna,Groceries,Sugar,3,362.51,0.05,1033.1535,58.0,84.62,Debit Card,3,False,Cancelled,10
ORD-02782,2023-04-20,CUST50156,Rahul Kumar,23,Other,West,Ahmedabad,Sports,Dumbbells,6,3259.56,0.28,14081.2992,3788.35,62.56,Cash On Delivery,2,False,Delivered,9
ORD-04124,2024-11-29,CUST93821,Rahul Mehta,57,Other,South,Hyderabad,Clothing,Saree,7,2979.19,0.27,15223.6609,6112.46,84.04,Cash On Delivery,1,False,Delivered,7
ORD-01578,2021-12-05,CUST75792,Karan Joshi,38,Other,West,Surat,Clothing,Jeans,3,3600.05,0.1,9720.135000000002,3342.94,28.05,Credit Card,3,True,Returned,1
ORD-00976,2021-03-20,CUST97597,Meera Reddy,7,Other,East,Bhubaneswar,Sports,Cricket Bat,5,14828.68,0.36,47451.776,7729.24,61.13,Emi,2,False,Delivered,3
ORD-03133,2023-09-15,CUST10354,Sunita Reddy,37,Male,Central,Bhopal,Clothing,Jacket,9,1920.93,0.04,16596.835199999998,7106.9,65.71,Emi,4,True,Returned,9
ORD-03659,2024-05-09,CUST21485,Priya Shah,35,Female,West,Ahmedabad,Beauty,Sunscreen,8,1212.69,0.21,7664.2008000000005,6491.12,40.26,Credit Card,3,False,Delivered,8
ORD-00385,2020-06-13,CUST64460,Aditya Singh,16,Other,Central,Bhopal,Electronics,Smartphone,3,71017.39,0.0,213052.16999999998,23611.3,53.14,Emi,5,False,Delivered,8
ORD-00162,2020-03-09,CUST45896,Aditya Reddy,26,Male,Central,Indore,Electronics,Tablet,6,79957.92,0.21,379000.5408,54036.34,51.2,Cash On Delivery,3,False,Delivered,10
ORD-02908,2023-06-10,CUST54563,Rahul Gupta,23,Other,East,Bhubaneswar,Electronics,Smartphone,2,65714.09,0.32,89371.16239999999,16129.94,76.71,Net Banking,5,False,Delivered,7
ORD-04026,2024-10-14,CUST78408,Ananya Singh,20,Male,North,Chandigarh,Groceries,Flour,10,171.99,0.18,1410.3180000000002,98.26,65.88,Debit Card,4,True,Returned,3
ORD-02538,2023-01-06,CUST35874,Ananya Bose,30,Other,North,Delhi,Furniture,Bookshelf,0,12917.23,0.13,0.0,2985.89,68.67,Cash On Delivery,2,False,Delivered,10
ORD-03059,2023-08-17,CUST05600,Aarav Sharma,34,Male,Central,Indore,Furniture,Sofa,9,19162.75,0.32,117276.02999999998,35608.13,38.92,Cash On Delivery,4,False,Delivered,5
ORD-00478,2020-07-31,CUST17040,Ritu Shah,43,Other,West,Pune,Clothing,T-Shirt,10,2139.09,0.23,16470.993000000002,8554.34,72.73,Cash On Delivery,2,False,Delivered,8
ORD-01798,2022-03-07,CUST89556,Vikram Bose,31,Other,South,Kochi,Groceries,Rice (5Kg),3,323.91,0.0,971.73,88.05,64.99,Debit Card,1,False,Cancelled,3
ORD-01006,2021-03-31,CUST48859,Ritu Mishra,42,Female,East,Guwahati,Beauty,Lipstick,3,1034.33,0.12,2730.6312,1457.51,77.03,Upi,1,False,Pending,9
ORD-01398,2021-09-23,CUST54951,Ritu Chatterjee,25,Other,East,Guwahati,Furniture,Desk,8,19149.45,0.14,131748.21600000001,43339.07,77.26,Upi,2,False,Delivered,4
ORD-02490,2022-12-17,CUST93354,Sanjay Verma,24,Male,Central,Raipur,Beauty,Face Cream,0,732.07,0.17,0.0,246.04,48.93,Emi,1,False,Shipped,2
ORD-00632,2020-10-10,CUST42307,Arjun Kumar,25,Female,Central,Bhopal,Furniture,Wardrobe,1,23097.37,0.34,15244.264199999998,4344.32,107.34,Cash On Delivery,5,False,Delivered,2
ORD-02026,2022-06-12,CUST80310,Deepa Kapoor,28,Other,Central,Bhopal,Groceries,Tea,8,115.46,0.22,720.4704,105.86,42.35,Emi,4,False,Cancelled,8
ORD-03540,2024-03-18,CUST79303,Amit Patel,46,Female,North,Delhi,Sports,Yoga Mat,2,7756.42,0.38,9617.9608,2871.65,33.58,Credit Card,5,False,Delivered,7
ORD-03972,2024-09-09,CUST81553,Rohan Patel,49,Female,East,Kolkata,Beauty,Sunscreen,8,1184.54,0.21,7486.2928,2742.19,101.81,Upi,2,False,Delivered,8
ORD-00640,2020-10-13,CUST33864,Sanjay Kumar,13,Other,Central,Indore,Books,Comic Book,3,785.45,0.12,2073.588,820.64,65.35,Upi,2,True,Returned,1
ORD-01521,2021-11-15,CUST18819,Meera Singh,50,Female,North,Ludhiana,Electronics,Headphones,2,5798.1,0.24,8813.112000000001,884.69,32.84,Cash On Delivery,3,False,Delivered,3
ORD-03925,2024-08-22,CUST02732,Sunita Bhat,47,Male,West,Pune,Clothing,Dress,5,2368.82,0.0,11844.1,5184.45,68.4,Cash On Delivery,3,False,Cancelled,1
ORD-03283,2023-11-18,CUST59848,Rohan Gupta,29,Male,East,Kolkata,Sports,Dumbbells,4,11596.28,0.22,36180.3936,7605.77,87.57,Cash On Delivery,1,False,Shipped,6
ORD-01399,2021-09-23,CUST57171,Nikhil Verma,34,Other,West,Mumbai,Groceries,Flour,5,69.28,0.31,239.01599999999996,18.67,64.9,Cash On Delivery,4,False,Delivered,2
ORD-02772,2023-04-16,CUST77009,Shreya Kapoor,25,F,West,Surat,Beauty,Shampoo,3,188.54,0.35,367.653,225.45,38.36,Emi,1,False,Delivered,10
ORD-01016,2021-04-04,CUST99742,Karan Pillai,29,Female,East,Kolkata,Groceries,Cooking Oil,3,458.29,0.01,1361.1213,127.44,59.96,Net Banking,1,False,Delivered,2
ORD-03483,2024-02-23,CUST88764,Sunita Nair,42,Other,East,Guwahati,Clothing,Dress,1,619.66,0.06,582.4803999999999,198.49,90.84,Emi,2,False,Delivered,1
ORD-03710,2024-06-05,CUST62728,Amit Rao,39,Male,South,Hyderabad,Beauty,Perfume,1,2092.15,0.37,1318.0545,949.86,60.48,Upi,2,True,Returned,8
ORD-00119,2020-02-12,CUST18259,Shreya Patel,33,Other,North,Chandigarh,Beauty,Hair Oil,4,2389.73,0.01,9463.3308,3856.93,52.24,Emi,1,True,Returned,4
ORD-02329,2022-10-08,CUST96865,Kavya Pillai,49,Female,East,Kolkata,Clothing,Kurta,9,3350.21,0.13,26232.1443,10933.1,73.04,Net Banking,2,False,Delivered,5
ORD-03529,2024-03-13,CUST50939,Sunita Kapoor,40,Male,North,Delhi,Sports,Cycle,5,11392.54,0.06,53544.938,13710.8,63.48,Net Banking,5,False,Cancelled,4
ORD-01091,2021-05-07,CUST96344,Priya Gupta,20,Other,West,Ahmedabad,Sports,Cricket Bat,7,9096.84,0.3,44574.516,17866.41,64.48,Credit Card,3,False,Delivered,3
ORD-02938,2023-06-28,CUST95887,Priya Sharma,33,Male,South,Bangalore,Furniture,Sofa,7,20356.98,0.35,92624.25899999999,54665.64,53.58,Net Banking,3,True,Returned,3
ORD-03619,2024-04-23,CUST40038,Sanjay Reddy,34,Male,North,Amritsar,Beauty,Hair Oil,3,1353.96,0.07,3777.5483999999997,3585.71,52.08,Cash On Delivery,3,False,Delivered,6
ORD-02463,2022-12-05,CUST17205,Aditya Iyer,47,Other,North,Chandigarh,Books,Fiction Novel,5,284.92,0.29,1011.466,345.16,60.96,Upi,3,False,Delivered,8
ORD-02275,2022-09-15,CUST47583,Vikram Chatterjee,34,Other,Central,Indore,Groceries,Rice (5Kg),4,225.27,0.34,594.7127999999999,41.18,44.3,Debit Card,4,True,Returned,9
ORD-03532,2024-03-14,CUST84608,Rahul Shah,49,Female,West,Mumbai,Groceries,Flour,10,360.93,0.14,3103.998,343.41,73.41,Credit Card,1,False,Delivered,5
ORD-00771,2020-12-15,CUST07234,Pooja Mishra,31,Female,West,Pune,Furniture,Bed Frame,8,24311.3,0.16,163371.936,33354.08,85.08,Debit Card,5,False,Delivered,6
ORD-02853,2023-05-28,CUST40777,Deepa Bose,62,Male,East,Guwahati,Furniture,Wardrobe,5,19873.59,0.26,73532.283,39055.48,94.68,Net Banking,1,False,Delivered,5
ORD-02997,2023-07-21,CUST61924,Amit Reddy,23,Male,Central,Raipur,Electronics,Camera,4,45542.32,0.34,120231.72479999998,17512.78,87.15,Credit Card,4,False,Delivered,6
ORD-02918,2023-06-16,CUST30053,Rohan Gupta,45,Female,Central,Bhopal,Clothing,Kurta,6,1810.84,0.19,8800.6824,6053.77,49.04,Emi,4,False,Delivered,8
ORD-03324,2023-12-10,CUST12209,Aditya Rao,36,Male,Central,Indore,Books,Comic Book,5,1477.84,0.14,6354.7119999999995,2592.23,63.2,Net Banking,3,False,Delivered,1
ORD-02621,2023-02-10,CUST65834,Shreya Bose,39,Female,West,Pune,Beauty,Shampoo,5,1976.24,0.28,7114.464,2566.15,88.96,Net Banking,4,False,Shipped,9
ORD-01998,2022-06-01,CUST69572,Nisha Mehta,37,Female,South,Chennai,Groceries,Sugar,1,118.1,0.08,108.652,11.76,102.62,Emi,3,False,Delivered,6
ORD-00206,2020-04-01,CUST71469,Aarav Sharma,48,Female,North,Amritsar,Clothing,Jeans,7,3924.19,0.02,26919.9434,10552.45,38.12,Debit Card,5,False,Delivered,2
ORD-01001,2021-03-30,CUST68864,Shreya Mehta,0,Male,North,Amritsar,Sports,Cycle,4,9021.23,0.02,35363.2216,8090.36,36.19,Cash On Delivery,4,False,Delivered,1
ORD-03978,2024-09-11,CUST67871,Meera Shah,42,Other,Central,Indore,Furniture,Wardrobe,10,28835.81,0.22,224919.31800000003,85826.18,55.16,Upi,2,True,Returned,3
ORD-02721,2023-03-26,CUST62341,Nisha Joshi,41,Male,East,Kolkata,Electronics,Headphones,10,66216.18,0.12,582702.384,34980.09,97.06,Cash On Delivery,4,False,Delivered,5
ORD-01807,2022-03-11,CUST23271,Sanjay Shah,44,Other,Central,Indore,Electronics,Smartphone,7,73496.4,0.29,365277.10799999995,42248.31,47.62,Emi,2,False,Delivered,9
ORD-00400,2020-06-21,CUST59064,Ananya Kumar,16,Female,West,Mumbai,Furniture,Sofa,2,8336.76,0.19,13505.551200000002,5843.93,71.81,Credit Card,1,False,Delivered,2
ORD-01990,2022-05-30,CUST72810,Rohan Singh,38,Other,South,Bangalore,Furniture,Bed Frame,0,27081.62,0.21,0.0,7915.89,55.71,Credit Card,3,False,Delivered,6
ORD-01576,2021-12-04,CUST61202,Nisha Pillai,26,Other,South,Bangalore,Sports,Tennis Racket,7,8356.94,0.39,35684.1338,5738.36,56.15,Net Banking,5,False,Delivered,2
ORD-02600,2023-02-03,CUST31208,Nikhil Gupta,40,Female,South,Chennai,Books,Self-Help Book,1,355.01,0.23,273.3577,130.5,51.82,Emi,1,False,Delivered,7
ORD-01199,2021-06-24,CUST74206,Nisha Joshi,39,Other,West,Surat,Beauty,Shampoo,7,1377.5,0.18,7906.85,3493.6,34.58,Emi,4,False,Delivered,6
ORD-02369,2022-10-21,CUST82609,Pooja Iyer,6,Female,East,Bhubaneswar,Electronics,Smartphone,3,37130.62,0.18,91341.32520000002,8678.14,66.27,Net Banking,5,False,Shipped,8
ORD-04008,2024-09-27,CUST62705,Aditya Nair,30,Male,Central,Bhopal,Electronics,Camera,8,62831.2,0.12,442331.648,74470.32,76.77,Credit Card,3,False,Delivered,3
ORD-00861,2021-01-27,CUST71748,Rohan Singh,20,Female,Central,Bhopal,Electronics,Laptop,9,25178.31,0.33,151825.2093,15332.75,39.55,Debit Card,4,False,Delivered,5
ORD-00867,2021-01-30,CUST45352,Rahul Das,46,Male,West,Pune,Beauty,Lipstick,0,1331.3,0.29,0.0,283.77,47.57,Cash On Delivery,2,False,Cancelled,6
ORD-02592,2023-01-31,CUST27366,Sunita Kumar,34,Male,Central,Raipur,Beauty,Hair Oil,9,1780.34,0.22,12497.9868,5187.94,61.88,Net Banking,4,True,Returned,1
ORD-00080,2020-01-29,CUST06153,Nisha Iyer,63,Female,Central,Raipur,Clothing,Kurta,8,2567.53,0.19,16637.5944,3121.39,65.38,Credit Card,3,False,Delivered,2
ORD-00534,2020-08-23,CUST02585,Sunita Mishra,51,Female,North,Delhi,Electronics,Laptop,6,8931.76,0.0,53590.56,6918.36,70.53,Upi,5,False,Shipped,5
ORD-03992,2024-09-20,CUST28805,Rohan Singh,13,Female,South,Hyderabad,Clothing,Saree,2,3743.45,0.09,6813.079,3378.19,53.74,Upi,5,False,Delivered,7
ORD-02506,2022-12-24,CUST74062,Shreya Patel,27,Male,South,Kochi,Sports,Football,4,10900.56,0.12,38369.9712,6315.42,80.65,Upi,4,False,Delivered,4
ORD-02339,2022-10-10,CUST12046,Kavya Verma,24,Other,Central,Nagpur,Furniture,Wardrobe,3,33100.17,0.31,68517.3519,15026.15,64.31,Upi,2,True,Returned,8
ORD-03898,2024-08-14,CUST55482,Ananya Bhat,19,Male,East,Patna,Books,Fiction Novel,9,1454.46,0.33,8770.393799999998,4160.56,105.23,Debit Card,3,False,Shipped,1
ORD-00371,2020-06-08,CUST29938,Nikhil Das,19,Male,South,Chennai,Electronics,Laptop,9,29863.15,0.39,163948.69350000002,26498.37,80.91,Emi,2,False,Delivered,8
ORD-00266,2020-04-26,CUST87993,Karan Pillai,16,Male,South,Bangalore,Books,Comic Book,10,1159.84,0.23,8930.768,4652.66,88.51,Debit Card,5,False,Delivered,8
ORD-01613,2021-12-22,CUST60005,Sanjay Shah,27,Female,North,Amritsar,Furniture,Wardrobe,4,17068.97,0.24,51889.66880000001,13207.2,37.21,Debit Card,4,False,Delivered,1
ORD-01502,2021-11-05,CUST74727,Arjun Joshi,39,M,South,Hyderabad,Books,Textbook,5,550.43,0.3,1926.5049999999997,832.54,75.82,Upi,2,False,Delivered,9
ORD-03048,2023-08-11,CUST48774,Karan Mehta,30,Male,Central,Raipur,Electronics,Headphones,0,26972.55,0.09,0.0,5130.8,54.1,Debit Card,3,False,Shipped,2
ORD-00165,2020-03-13,CUST08515,Amit Mishra,25,Male,East,Bhubaneswar,Electronics,Headphones,3,21835.15,0.3,45853.815,6796.88,108.99,Net Banking,1,True,Returned,3
ORD-03718,2024-06-09,CUST79815,Nisha Kumar,44,F,West,Pune,Clothing,T-Shirt,6,3390.52,0.34,13426.459199999998,7689.47,53.24,Emi,1,False,Delivered,6
ORD-03497,2024-02-29,CUST77225,Pooja Bhat,34,M,North,Amritsar,Clothing,Kurta,2,1408.43,0.15,2394.331,782.88,66.92,Debit Card,5,False,Delivered,2
ORD-03924,2024-08-20,CUST08990,Karan Bhat,47,Male,North,Amritsar,Clothing,Dress,10,3414.65,0.11,30390.385000000002,16823.06,54.44,Debit Card,1,False,Delivered,4
ORD-00474,2020-07-28,CUST88672,Deepa Verma,0,Male,South,Bangalore,Beauty,Hair Oil,8,2272.77,0.07,16909.408799999997,5229.53,85.45,Debit Card,1,False,Shipped,6
ORD-00876,2021-02-01,CUST71642,Sunita Patel,36,Male,South,Hyderabad,Beauty,Face Cream,7,260.04,0.16,1529.0352,549.29,93.31,Net Banking,2,False,Delivered,1
ORD-02246,2022-09-07,CUST14634,Aditya Das,31,Female,South,Chennai,Beauty,Hair Oil,3,1422.97,0.38,2646.7242,815.73,65.75,Upi,2,False,Delivered,2
ORD-00186,2020-03-23,CUST86352,Meera Gupta,21,Female,Central,Indore,Sports,Cricket Bat,7,7173.46,0.37,31634.9586,7608.14,52.84,Cash On Delivery,1,False,Shipped,4
ORD-02166,2022-08-08,CUST56943,Ritu Verma,42,Male,West,Mumbai,Beauty,Hair Oil,6,2467.58,0.37,9327.4524,6222.84,67.89,Debit Card,2,False,Delivered,10
ORD-02470,2022-12-06,CUST80242,Kavya Chatterjee,42,F,South,Kochi,Beauty,Shampoo,10,412.53,0.16,3465.251999999999,1264.21,48.52,Upi,3,False,Delivered,10
ORD-01476,2021-10-25,CUST09863,Sunita Singh,38,Male,East,Kolkata,Beauty,Hair Oil,9,2217.37,0.4,11973.797999999999,6416.88,96.41,Cash On Delivery,4,False,Delivered,6
ORD-02305,2022-09-27,CUST86884,Ritu Iyer,28,Other,West,Mumbai,Electronics,Tablet,9,29921.76,0.33,180428.21279999995,25938.95,66.52,Debit Card,5,False,Shipped,8
ORD-00136,2020-02-23,CUST28013,Sunita Joshi,43,Other,Central,Nagpur,Books,Textbook,3,1198.96,0.03,3488.9736,747.26,90.86,Credit Card,3,False,Cancelled,5
ORD-03818,2024-07-19,CUST64757,Sanjay Das,7,Female,East,Guwahati,Beauty,Lipstick,6,950.46,0.22,4448.152800000001,2666.51,78.97,Credit Card,3,False,Delivered,4
ORD-03611,2024-04-20,CUST86007,Amit Joshi,20,Male,South,Kochi,Furniture,Chair,4,16418.71,0.03,63704.59479999999,29085.63,81.66,Net Banking,2,False,Delivered,5
ORD-03760,2024-06-24,CUST08262,Sanjay Nair,33,Other,Central,Bhopal,Beauty,Face Cream,4,1104.29,0.03,4284.6452,2641.46,62.74,Debit Card,5,False,Shipped,2
ORD-03124,2023-09-10,CUST75413,Arjun Mishra,25,Male,South,Bangalore,Furniture,Chair,6,15400.65,0.09,84087.549,26834.22,79.25,Debit Card,1,False,Cancelled,7
ORD-01855,2022-03-31,CUST85967,Karan Chatterjee,35,Other,South,Chennai,Furniture,Chair,9,10240.02,0.33,61747.3206,10430.54,83.76,Net Banking,3,False,Delivered,4
ORD-00327,2020-05-22,CUST35881,Priya Gupta,21,Female,Central,Indore,Electronics,Smartphone,4,62163.22,0.02,243679.8224,39457.66,74.47,Credit Card,2,True,Returned,9
ORD-02915,2023-06-14,CUST11665,Vikram Gupta,53,Other,Central,Raipur,Beauty,Hair Oil,4,1782.42,0.24,5418.5568,3871.86,64.18,Credit Card,1,True,Returned,7
ORD-00319,2020-05-20,CUST05463,Nisha Iyer,45,Male,Central,Bhopal,Clothing,Jeans,3,2323.36,0.25,5227.5599999999995,2847.01,61.23,Cash On Delivery,5,True,Returned,4
ORD-02323,2022-10-05,CUST41015,Vikram Singh,42,Other,Central,Bhopal,Sports,Cricket Bat,5,5297.3,0.23,20394.605,5436.01,64.51,Upi,3,False,Delivered,2
ORD-03086,2023-08-26,CUST94691,Aarav Singh,38,Other,East,Bhubaneswar,Furniture,Sofa,4,11999.53,0.22,37438.5336,15284.4,99.04,Cash On Delivery,2,True,Returned,1
ORD-02892,2023-06-06,CUST72155,Shreya Pillai,22,Male,South,Chennai,Sports,Tennis Racket,2,13875.51,0.32,18870.6936,5955.69,81.72,Upi,3,False,Delivered,4
ORD-02098,2022-07-12,CUST81045,Ananya Mishra,53,Female,East,Kolkata,Books,Comic Book,4,1230.08,0.31,3395.0207999999993,2225.06,92.84,Net Banking,1,False,Delivered,3
ORD-03647,2024-05-04,CUST04161,Ritu Kapoor,30,Other,West,Surat,Beauty,Sunscreen,4,1294.1,0.26,3830.5359999999996,2481.74,34.77,Cash On Delivery,1,False,Delivered,6
ORD-02575,2023-01-27,CUST52736,Deepa Nair,30,Male,East,Guwahati,Sports,Yoga Mat,3,5115.87,0.03,14887.181700000001,2902.6,93.03,Net Banking,1,False,Delivered,6
ORD-02501,2022-12-22,CUST59835,Aarav Kapoor,44,Other,South,Chennai,Sports,Dumbbells,6,5749.74,0.24,26218.814400000003,4291.65,91.35,Credit Card,1,True,Returned,10
ORD-02731,2023-03-30,CUST76690,Ananya Patel,38,Female,Central,Raipur,Clothing,Saree,2,2874.0,0.01,5690.5199999999995,2617.18,34.9,Upi,1,False,Delivered,8
ORD-00463,2020-07-23,CUST44133,Karan Reddy,44,Other,Central,Raipur,Beauty,Perfume,2,988.43,0.35,1284.959,923.82,48.48,Credit Card,1,False,Cancelled,5
ORD-01229,2021-07-07,CUST65693,Kavya Kumar,22,F,Central,Raipur,Clothing,Jeans,8,789.72,0.39,3853.8336,1627.79,54.89,Emi,3,False,Delivered,8
ORD-02984,2023-07-15,CUST26170,Nikhil Reddy,34,Male,North,Delhi,Sports,Football,2,13289.2,0.35,17275.960000000003,7213.39,70.83,Emi,1,False,Shipped,5
ORD-03691,2024-05-22,CUST80711,Sanjay Nair,26,Male,West,Surat,Beauty,Sunscreen,8,1952.58,0.0,15620.64,9202.93,51.23,Debit Card,4,False,Delivered,5
ORD-01372,2021-09-11,CUST56280,Pooja Kapoor,37,Female,East,Patna,Books,Biography,7,1359.26,0.12,8373.0416,3844.26,63.94,Cash On Delivery,4,False,Pending,6
ORD-01493,2021-11-02,CUST68139,Arjun Chatterjee,44,Other,East,Patna,Electronics,Headphones,5,44585.93,0.02,218471.057,13351.29,59.68,Credit Card,3,False,Delivered,9
ORD-00648,2020-10-15,CUST23342,Kavya Pillai,22,Male,Central,Bhopal,Groceries,Rice (5Kg),10,420.55,0.39,2565.355,132.72,44.96,Upi,4,False,Delivered,5
ORD-03922,2024-08-20,CUST63576,Vikram Nair,56,Male,South,Bangalore,Electronics,Smartphone,9,31920.16,0.01,284408.6256,65871.22,59.99,Net Banking,3,False,Delivered,9
ORD-03106,2023-09-04,CUST23467,Shreya Patel,31,Other,West,Surat,Beauty,Shampoo,6,1382.04,0.27,6053.3351999999995,2282.97,63.64,Cash On Delivery,3,False,Delivered,10
ORD-03489,2024-02-25,CUST45144,Deepa Rao,4,Male,Central,Raipur,Furniture,Bed Frame,6,25605.89,0.22,119835.5652,32672.46,59.3,Upi,4,True,Returned,2
ORD-01834,2022-03-24,CUST37198,Rahul Rao,36,Female,South,Chennai,Electronics,Laptop,8,22164.74,0.1,159586.12800000003,16671.94,82.01,Cash On Delivery,3,False,Shipped,5
ORD-00860,2021-01-27,CUST94205,Rahul Nair,42,Female,North,Ludhiana,Clothing,Saree,2,2935.36,0.33,3933.3824,1157.67,60.42,Emi,1,False,Delivered,6
ORD-02296,2022-09-23,CUST31681,Ananya Rao,20,Other,South,Kochi,Sports,Tennis Racket,3,8809.72,0.38,16386.079199999996,4538.4,76.08,Debit Card,5,True,Returned,9
ORD-03039,2023-08-07,CUST18530,Pooja Verma,33,Male,North,Amritsar,Sports,Yoga Mat,5,10440.97,0.03,50638.7045,13536.66,49.52,Debit Card,3,False,Delivered,10
ORD-03228,2023-10-28,CUST27405,Meera Kumar,26,Male,East,Kolkata,Clothing,Kurta,9,1877.39,0.13,14699.963700000002,3585.58,87.95,Upi,3,False,Delivered,5
ORD-00692,2020-11-09,CUST74363,Kavya Iyer,55,Other,East,Bhubaneswar,Electronics,Camera,10,14628.81,0.0,146288.1,14366.56,79.44,Net Banking,4,False,Delivered,5
ORD-01464,2021-10-23,CUST32032,Pooja Patel,31,Female,West,Surat,Sports,Cricket Bat,8,12621.58,0.23,77748.9328,14256.86,73.6,Debit Card,4,False,Delivered,2
ORD-04183,2024-12-24,CUST82683,Kavya Patel,60,Female,Central,Indore,Books,Biography,1,1309.19,0.23,1008.0763000000001,529.27,64.44,Debit Card,2,False,Delivered,7
ORD-01582,2021-12-09,CUST72045,Rahul Mehta,51,Other,South,Hyderabad,Books,Biography,8,1131.49,0.18,7422.5744,1566.98,88.17,Debit Card,5,False,Delivered,4
ORD-02029,2022-06-13,CUST10164,Nisha Bose,49,Other,East,Bhubaneswar,Electronics,Smartphone,2,67980.1,0.22,106048.956,17621.96,84.59,Net Banking,3,False,Delivered,9
ORD-00217,2020-04-04,CUST42012,Sanjay Joshi,34,Male,North,Chandigarh,Clothing,Jacket,4,3945.85,0.34,10417.043999999998,5301.46,63.9,Cash On Delivery,4,False,Cancelled,7
ORD-02288,2022-09-20,CUST89351,Rohan Kapoor,24,Male,South,Bangalore,Groceries,Tea,3,191.26,0.0,573.78,53.03,74.0,Net Banking,4,False,Delivered,6
ORD-01277,2021-07-30,CUST53909,Nikhil Iyer,50,Other,North,Ludhiana,Books,Fiction Novel,4,307.81,0.35,800.306,466.48,57.12,Debit Card,3,False,Delivered,6
ORD-02759,2023-04-09,CUST42106,Arjun Kumar,48,Female,East,Kolkata,Clothing,Saree,4,2774.33,0.19,8988.8292,5152.2,71.4,Cash On Delivery,2,False,Shipped,6
ORD-03566,2024-03-29,CUST08471,Sanjay Rao,41,Male,East,Patna,Beauty,Hair Oil,9,1290.81,0.38,7202.719799999999,4065.85,94.19,Emi,2,True,Returned,8
ORD-02046,2022-06-19,CUST75262,Ananya Mehta,22,Female,Central,Raipur,Electronics,Laptop,1,40586.06,0.03,39368.4782,7068.43,52.63,Debit Card,4,False,Delivered,10
ORD-01489,2021-10-31,CUST74341,Kavya Mehta,38,Male,West,Mumbai,Electronics,Headphones,10,42792.45,0.0,427924.5,52367.87,70.74,Emi,3,False,Delivered,6
ORD-03464,2024-02-09,CUST68181,Shreya Singh,40,Other,West,Mumbai,Furniture,Bed Frame,7,31279.0,0.14,188299.58,59242.7,61.6,Net Banking,3,False,Delivered,9
ORD-01683,2022-01-20,CUST56977,Nikhil Mehta,31,Female,North,Ludhiana,Sports,Football,8,4915.85,0.4,23596.08,3522.42,71.09,Debit Card,2,False,Delivered,10
ORD-02487,2022-12-15,CUST10552,Ritu Mehta,58,Female,North,Chandigarh,Beauty,Sunscreen,2,197.14,0.08,362.7376,162.97,48.37,Emi,4,True,Returned,8
ORD-03858,2024-08-03,CUST58224,Sunita Kumar,61,F,East,Patna,Sports,Football,6,5613.7,0.28,24251.183999999997,7893.42,61.84,Debit Card,3,False,Delivered,6
ORD-01986,2022-05-27,CUST51062,Vikram Kumar,22,M,West,Ahmedabad,Groceries,Tea,2,190.58,0.32,259.1888,33.13,70.16,Cash On Delivery,4,False,Delivered,8
ORD-01269,2021-07-27,CUST63654,Rohan Das,53,Male,North,Chandigarh,Electronics,Smartwatch,10,16086.67,0.09,146388.69700000001,28383.36,48.31,Credit Card,2,False,Delivered,3
ORD-02909,2023-06-10,CUST79344,Rohan Bose,37,Female,South,Chennai,Clothing,T-Shirt,5,2719.24,0.37,8565.606,4858.06,78.07,Upi,5,False,Delivered,6
ORD-02999,2023-07-22,CUST67583,Rohan Nair,47,Other,South,Chennai,Furniture,Desk,4,17215.86,0.38,42695.332800000004,21312.1,63.55,Emi,1,False,Delivered,2
ORD-02375,2022-10-25,CUST02280,Sunita Bhat,32,Female,North,Ludhiana,Clothing,Saree,8,1627.94,0.0,13023.52,3552.18,57.07,Net Banking,4,False,Delivered,10
ORD-00227,2020-04-08,CUST25419,Amit Mishra,22,Male,West,Ahmedabad,Sports,Dumbbells,9,3135.91,0.3,19756.232999999997,2904.35,58.58,Upi,3,False,Delivered,2
ORD-04119,2024-11-27,CUST78271,Rahul Reddy,14,Female,East,Guwahati,Clothing,Saree,8,612.16,0.05,4652.415999999999,845.36,119.57,Upi,2,False,Delivered,6
ORD-03538,2024-03-17,CUST92378,Amit Shah,43,Female,West,Pune,Electronics,Camera,10,37177.59,0.24,282549.68399999995,54735.8,107.23,Cash On Delivery,1,False,Delivered,3
ORD-00554,2020-09-03,CUST69638,Deepa Das,25,Other,North,Amritsar,Beauty,Lipstick,9,644.98,0.25,4353.615,1995.62,37.32,Credit Card,5,False,Delivered,5
ORD-00062,2020-01-23,CUST64715,Aarav Rao,37,Female,North,Delhi,Sports,Football,1,2554.77,0.07,2375.9361,376.62,65.44,Credit Card,2,False,Delivered,2
ORD-01443,2021-10-14,CUST23949,Vikram Sharma,48,M,North,Delhi,Beauty,Perfume,5,314.26,0.28,1131.336,376.78,62.97,Debit Card,5,False,Delivered,6
ORD-03901,2024-08-14,CUST08531,Kavya Nair,52,Female,South,Bangalore,Furniture,Sofa,10,5838.04,0.07,54293.772,23848.22,71.75,Debit Card,4,True,Returned,3
ORD-01733,2022-02-09,CUST23490,Arjun Rao,18,Female,East,Patna,Sports,Football,10,10915.19,0.25,81863.925,19642.68,96.46,Debit Card,3,False,Delivered,10
ORD-02060,2022-06-27,CUST37656,Karan Sharma,36,Male,Central,Nagpur,Furniture,Wardrobe,10,30431.62,0.19,246496.12200000003,123711.59,58.75,Debit Card,4,False,Delivered,10
ORD-02021,2022-06-10,CUST00211,Arjun Nair,33,Male,East,Bhubaneswar,Books,Fiction Novel,3,1203.89,0.0,3611.67,1744.9,74.42,Net Banking,3,False,Cancelled,4
ORD-02204,2022-08-19,CUST80382,Priya Verma,40,Other,North,Ludhiana,Books,Biography,3,692.33,0.14,1786.2114000000001,747.75,48.08,Debit Card,4,False,Delivered,4
ORD-04074,2024-10-31,CUST06369,Arjun Reddy,31,Other,East,Guwahati,Sports,Dumbbells,9,9910.87,0.36,57086.6112,17622.75,89.02,Debit Card,4,False,Delivered,9
ORD-03947,2024-08-29,CUST85906,Deepa Shah,35,Other,Central,Raipur,Groceries,Sugar,3,109.12,0.03,317.5392,36.82,55.62,Cash On Delivery,4,False,Delivered,9
ORD-01840,2022-03-26,CUST17949,Ananya Patel,34,Female,Central,Indore,Furniture,Chair,4,31307.38,0.26,92669.8448,26306.21,72.12,Cash On Delivery,4,False,Delivered,4
ORD-04071,2024-10-30,CUST56219,Ananya Pillai,68,Female,South,Kochi,Clothing,T-Shirt,6,974.77,0.36,3743.1168,1906.51,61.51,Upi,2,False,Delivered,10
ORD-04107,2024-11-18,CUST81738,Meera Verma,57,Female,North,Ludhiana,Sports,Cycle,6,8448.34,0.29,35989.9284,8591.2,72.43,Cash On Delivery,5,False,Delivered,10
ORD-03652,2024-05-06,CUST85147,Aditya Singh,35,Female,South,Hyderabad,Clothing,Kurta,2,1717.4,0.17,2850.884,1161.98,84.39,Credit Card,5,True,Returned,5
ORD-03439,2024-01-30,CUST18731,Rohan Kumar,23,Other,South,Hyderabad,Electronics,Laptop,2,59225.94,0.08,108975.7296,9990.22,76.36,Credit Card,3,False,Delivered,10
ORD-00662,2020-10-28,CUST45940,Ritu Shah,9,Other,West,Pune,Beauty,Sunscreen,10,2019.64,0.36,12925.696000000002,6282.66,64.79,Credit Card,5,False,Delivered,6
ORD-01636,2021-12-30,CUST55664,Vikram Mishra,41,F,South,Chennai,Clothing,Saree,7,691.98,0.26,3584.4564000000005,740.52,59.13,Cash On Delivery,1,False,Delivered,1
ORD-00349,2020-05-30,CUST70625,Aarav Bose,15,Other,South,Chennai,Clothing,Kurta,8,1005.57,0.3,5631.192,3467.63,54.2,Net Banking,4,False,Delivered,7
ORD-01575,2021-12-04,CUST95435,Arjun Pillai,35,Female,West,Surat,Books,Textbook,4,505.02,0.2,1616.064,718.98,63.47,Upi,2,False,Delivered,7
ORD-02215,2022-08-25,CUST27310,Amit Das,32,Male,East,Guwahati,Groceries,Rice (5Kg),5,285.26,0.18,1169.566,120.43,93.11,Upi,5,False,Delivered,5
ORD-01881,2022-04-10,CUST82347,Priya Sharma,36,Male,West,Surat,Electronics,Laptop,0,65974.79,0.29,0.0,7317.9,57.21,Emi,1,False,Delivered,8
ORD-03970,2024-09-08,CUST76992,Rohan Patel,20,Male,West,Pune,Groceries,Tea,3,339.07,0.26,752.7354,101.3,52.75,Net Banking,2,False,Delivered,2
ORD-02584,2023-01-28,CUST37196,Ritu Verma,31,Female,North,Amritsar,Books,Fiction Novel,0,1098.64,0.36,0.0,261.79,27.79,Emi,4,False,Delivered,9
ORD-00205,2020-03-31,CUST44095,Aarav Nair,24,Female,Central,Bhopal,Groceries,Flour,9,122.54,0.04,1058.7456000000002,82.76,60.82,Upi,3,False,Delivered,1
ORD-03618,2024-04-23,CUST86304,Shreya Sharma,42,Male,Central,Nagpur,Clothing,Jeans,8,1645.72,0.24,10005.9776,5514.74,71.7,Debit Card,2,False,Shipped,5
ORD-01734,2022-02-09,CUST30760,Arjun Singh,39,Male,North,Delhi,Electronics,Camera,3,40157.94,0.22,93969.57960000001,10891.28,9.92,Upi,3,False,Delivered,3
ORD-00907,2021-02-10,CUST43384,Rahul Kumar,45,Female,South,Hyderabad,Furniture,Desk,10,12241.28,0.02,119964.544,23149.32,45.07,Credit Card,5,True,Returned,8
ORD-00914,2021-02-16,CUST19648,Priya Mishra,41,Female,West,Surat,Sports,Yoga Mat,6,4631.44,0.05,26399.208,4924.69,43.93,Credit Card,3,True,Returned,4
ORD-02403,2022-11-05,CUST08149,Aarav Pillai,58,Male,East,Kolkata,Clothing,Jacket,9,1523.81,0.17,11382.8607,3848.37,99.28,Net Banking,2,False,Shipped,8
ORD-02235,2022-09-01,CUST46304,Nisha Mehta,16,Female,South,Bangalore,Books,Biography,0,950.08,0.25,0.0,264.5,51.2,Emi,5,False,Shipped,1
ORD-00269,2020-04-28,CUST87129,Nikhil Reddy,3,Male,Central,Raipur,Clothing,T-Shirt,1,1990.76,0.12,1751.8688,834.05,42.24,Upi,1,False,Delivered,4
ORD-02648,2023-02-18,CUST20141,Nikhil Reddy,31,Female,East,Patna,Books,Self-Help Book,10,431.41,0.34,2847.306,1442.99,89.87,Credit Card,4,False,Delivered,10
ORD-02059,2022-06-27,CUST09208,Deepa Nair,48,Male,West,Pune,Groceries,Sugar,3,357.08,0.33,717.7307999999999,100.4,57.72,Debit Card,4,False,Delivered,8
ORD-01305,2021-08-10,CUST05596,Rohan Kumar,47,M,South,Hyderabad,Beauty,Sunscreen,2,1000.16,0.16,1680.2687999999998,712.46,67.43,Cash On Delivery,1,False,Delivered,5
ORD-01771,2022-02-23,CUST86918,Nikhil Kapoor,29,Other,South,Bangalore,Books,Fiction Novel,0,911.92,0.33,0.0,215.7,83.81,Debit Card,2,False,Delivered,6
ORD-01234,2021-07-11,CUST39513,Sunita Das,26,Male,West,Surat,Beauty,Lipstick,9,2103.23,0.21,14953.9653,8778.09,74.94,Emi,1,False,Delivered,6
ORD-02604,2023-02-05,CUST18095,Arjun Bhat,41,Other,East,Bhubaneswar,Sports,Cycle,6,10564.85,0.34,41836.806,10694.73,90.4,Net Banking,3,True,Returned,4
ORD-02338,2022-10-10,CUST94097,Aarav Joshi,60,Other,East,Guwahati,Electronics,Smartphone,8,29640.05,0.34,156499.46399999998,15304.08,53.3,Emi,5,False,Shipped,9
ORD-02476,2022-12-10,CUST15322,Rohan Mishra,42,Other,West,Mumbai,Groceries,Cooking Oil,2,228.14,0.19,369.5868,21.59,38.62,Upi,5,False,Delivered,1
ORD-01586,2021-12-10,CUST03363,Ananya Das,32,Other,North,Chandigarh,Sports,Tennis Racket,8,8526.34,0.2,54568.576,15373.18,43.24,Upi,1,False,Cancelled,4
ORD-01818,2022-03-15,CUST25648,Rahul Rao,40,Other,West,Mumbai,Electronics,Smartphone,7,62327.01,0.11,388297.2723,49721.96,38.92,Credit Card,2,False,Delivered,5
ORD-01947,2022-05-10,CUST34455,Meera Rao,35,Male,South,Kochi,Sports,Tennis Racket,3,9576.43,0.23,22121.5533,9543.5,20.04,Upi,2,False,Delivered,2
ORD-02138,2022-07-27,CUST43306,Rohan Chatterjee,49,Other,West,Surat,Electronics,Laptop,5,69337.89,0.18,284285.34900000005,39925.8,31.5,Debit Card,4,False,Delivered,4
ORD-03371,2023-12-30,CUST02058,Rohan Bose,36,Other,Central,Bhopal,Groceries,Tea,8,60.17,0.13,418.7832,26.13,33.6,Debit Card,2,False,Delivered,6
ORD-01592,2021-12-11,CUST98096,Priya Mishra,25,Female,Central,Raipur,Clothing,Jeans,5,3611.23,0.37,11375.374500000002,2810.97,31.7,Debit Card,3,True,Returned,5
ORD-00122,2020-02-16,CUST06829,Amit Bhat,37,Male,West,Ahmedabad,Books,Cook Book,7,1374.83,0.0,9623.81,3464.94,67.73,Net Banking,5,False,Delivered,7
ORD-00657,2020-10-22,CUST19779,Ananya Patel,38,Female,South,Kochi,Clothing,Saree,5,1598.2,0.1,7191.900000000001,588.35,57.89,Net Banking,4,False,Delivered,6
ORD-03787,2024-07-04,CUST66442,Rohan Pillai,26,Other,East,Guwahati,Electronics,Tablet,1,47324.8,0.16,39752.832,9570.12,90.13,Credit Card,5,True,Returned,9
ORD-01792,2022-03-05,CUST77726,Meera Kapoor,57,Other,South,Chennai,Electronics,Tablet,1,19912.96,0.27,14536.460799999999,2309.9,49.5,Cash On Delivery,3,False,Delivered,5
ORD-02200,2022-08-17,CUST75677,Rahul Iyer,33,Other,Central,Nagpur,Clothing,Kurta,9,3159.45,0.11,25307.1945,9057.31,53.6,Cash On Delivery,3,False,Delivered,3
ORD-04155,2024-12-09,CUST98534,Rohan Bhat,49,Other,Central,Indore,Beauty,Lipstick,7,2138.83,0.26,11079.1394,4567.68,39.39,Debit Card,2,False,Cancelled,7
ORD-03185,2023-10-09,CUST29728,Shreya Das,45,Male,West,Surat,Sports,Football,2,14208.99,0.13,24723.6426,7074.23,73.52,Emi,3,False,Delivered,7
ORD-02108,2022-07-17,CUST78376,Shreya Das,44,Male,West,Ahmedabad,Furniture,Bed Frame,5,7769.34,0.25,29135.024999999998,11912.85,60.21,Upi,2,False,Delivered,8
ORD-01897,2022-04-17,CUST32469,Sanjay Nair,35,Other,West,Ahmedabad,Beauty,Shampoo,2,1778.44,0.11,3165.6232,1648.35,93.12,Debit Card,1,True,Returned,7
ORD-01939,2022-05-05,CUST93870,Rohan Joshi,18,F,Central,Raipur,Books,Cook Book,3,536.6,0.0,1609.8000000000002,1137.1,73.3,Net Banking,3,False,Pending,6
ORD-03559,2024-03-27,CUST69010,Aditya Bose,42,F,West,Surat,Books,Self-Help Book,4,335.65,0.2,1074.08,425.54,35.66,Credit Card,3,False,Delivered,6
ORD-00131,2020-02-20,CUST95462,Pooja Iyer,24,Female,North,Delhi,Groceries,Rice (5Kg),10,378.08,0.08,3478.336,204.71,40.81,Debit Card,1,False,Cancelled,2
ORD-01486,2021-10-29,CUST45840,Aditya Patel,25,Male,South,Bangalore,Electronics,Laptop,9,55078.73,0.36,317253.48480000003,41096.21,50.4,Cash On Delivery,3,False,Delivered,3
ORD-01723,2022-02-05,CUST24447,Kavya Verma,51,Other,South,Chennai,Books,Comic Book,2,429.2,0.19,695.304,159.72,70.44,Upi,1,False,Delivered,1
ORD-02899,2023-06-07,CUST41852,Priya Rao,43,Male,Central,Indore,Groceries,Sugar,8,165.82,0.26,981.6543999999999,135.43,36.72,Debit Card,5,False,Delivered,2
ORD-00134,2020-02-22,CUST26802,Sunita Nair,45,Female,North,Chandigarh,Clothing,Jacket,5,1949.23,0.3,6822.304999999999,1667.61,64.71,Debit Card,5,False,Delivered,9
ORD-00001,2020-01-01,CUST20767,Amit Mishra,67,Female,Central,Indore,Sports,Cricket Bat,4,2355.25,0.33,6312.07,1080.08,44.79,Credit Card,3,False,Delivered,8
ORD-02520,2022-12-29,CUST01597,Sanjay Patel,30,Male,East,Bhubaneswar,Sports,Cricket Bat,2,11228.63,0.34,14821.791599999997,2694.57,54.4,Credit Card,5,False,Delivered,2
ORD-00252,2020-04-21,CUST23212,Rahul Pillai,29,Other,North,Delhi,Beauty,Shampoo,6,802.39,0.36,3081.1776,993.67,47.04,Debit Card,3,False,Delivered,6
ORD-01070,2021-04-29,CUST11655,Pooja Sharma,16,Other,North,Chandigarh,Beauty,Shampoo,1,1408.28,0.13,1225.2036,752.5,53.14,Net Banking,2,True,Returned,6
ORD-01888,2022-04-14,CUST48280,Aarav Pillai,38,Female,West,Ahmedabad,Groceries,Sugar,7,366.53,0.01,2540.0529,335.94,46.6,Cash On Delivery,2,False,Delivered,2
ORD-00700,2020-11-13,CUST93667,Meera Shah,17,Male,North,Chandigarh,Groceries,Cooking Oil,10,434.1,0.35,2821.65,191.3,61.51,Upi,1,True,Returned,6
ORD-03792,2024-07-06,CUST55522,Rohan Mehta,25,Male,South,Bangalore,Electronics,Headphones,10,63505.68,0.16,533447.712,141319.32,64.82,Debit Card,3,False,Delivered,5
ORD-03711,2024-06-05,CUST44263,Meera Sharma,3,Male,West,Mumbai,Books,Comic Book,7,753.13,0.03,5113.7527,4965.83,51.61,Emi,1,False,Delivered,4
ORD-03144,2023-09-22,CUST69784,Amit Bhat,23,Male,West,Pune,Clothing,Kurta,2,2227.31,0.04,4276.4352,2748.0,71.3,Upi,1,False,Delivered,10
ORD-00239,2020-04-14,CUST33340,Ananya Chatterjee,18,Male,West,Ahmedabad,Furniture,Bookshelf,9,32644.01,0.28,211533.18479999996,68294.46,41.37,Upi,4,False,Shipped,7
ORD-01436,2021-10-09,CUST45016,Pooja Rao,47,Male,North,Chandigarh,Clothing,Dress,2,3097.01,0.13,5388.7974,2443.96,50.68,Net Banking,3,False,Delivered,6
ORD-02371,2022-10-21,CUST84615,Pooja Rao,25,Female,South,Hyderabad,Beauty,Lipstick,6,253.65,0.18,1247.958,436.8,47.29,Cash On Delivery,5,False,Delivered,3
ORD-02050,2022-06-21,CUST02327,Sunita Mehta,23,Male,West,Mumbai,Clothing,Dress,3,1462.24,0.05,4167.384,2494.41,69.71,Credit Card,3,False,Shipped,7
ORD-03748,2024-06-21,CUST36188,Amit Joshi,9,Other,West,Pune,Electronics,Headphones,5,21665.65,0.39,66080.2325,16051.87,62.8,Net Banking,2,False,Pending,9
ORD-03508,2024-03-04,CUST35702,Shreya Mehta,31,Female,West,Surat,Clothing,Dress,4,1975.33,0.05,7506.253999999999,3033.4,27.67,Net Banking,1,False,Delivered,6
ORD-01477,2021-10-25,CUST96715,Meera Kapoor,47,Other,West,Pune,Beauty,Shampoo,4,2037.17,0.05,7741.246,3811.89,53.93,Upi,3,False,Shipped,4
ORD-01063,2021-04-26,CUST94026,Shreya Mehta,45,Other,East,Bhubaneswar,Electronics,Smartphone,4,9948.67,0.03,38600.8396,5774.74,85.65,Upi,1,True,Returned,10
ORD-02232,2022-08-30,CUST33157,Shreya Rao,49,Female,South,Bangalore,Clothing,T-Shirt,10,3789.09,0.2,30312.72,11567.08,53.05,Upi,5,False,Pending,1
ORD-01954,2022-05-14,CUST34853,Sanjay Das,29,Other,West,Surat,Groceries,Tea,5,218.21,0.33,731.0034999999999,113.46,55.11,Credit Card,5,False,Shipped,9
ORD-01904,2022-04-21,CUST84621,Pooja Kumar,31,Other,East,Guwahati,Electronics,Tablet,5,7801.31,0.4,23403.93,4169.84,72.94,Credit Card,5,False,Delivered,7
ORD-03290,2023-11-23,CUST79601,Aarav Mishra,47,Other,West,Mumbai,Groceries,Tea,6,481.93,0.39,1763.8637999999999,135.01,54.04,Emi,2,False,Delivered,2
ORD-03722,2024-06-12,CUST72927,Amit Bhat,48,Female,West,Ahmedabad,Sports,Tennis Racket,6,701.76,0.12,3705.2927999999997,1409.13,70.25,Net Banking,4,False,Delivered,7
ORD-03949,2024-08-31,CUST95140,Pooja Verma,49,Female,West,Mumbai,Beauty,Face Cream,7,981.95,0.06,6461.231,4480.42,63.36,Upi,5,False,Delivered,9
ORD-01879,2022-04-08,CUST41248,Shreya Bose,18,Female,North,Amritsar,Groceries,Rice (5Kg),6,160.93,0.38,598.6596000000001,49.52,43.23,Upi,4,False,Delivered,5
ORD-02355,2022-10-16,CUST25582,Rahul Rao,31,Other,Central,Indore,Sports,Yoga Mat,2,963.86,0.4,1156.632,250.23,44.87,Credit Card,4,False,Shipped,7
ORD-00730,2020-11-30,CUST84330,Meera Iyer,37,Female,West,Mumbai,Furniture,Chair,8,18836.47,0.39,91921.9736,18480.41,25.75,Net Banking,4,False,Delivered,7
ORD-01465,2021-10-23,CUST31162,Vikram Reddy,42,Other,North,Chandigarh,Furniture,Chair,2,31609.28,0.3,44252.992,8697.26,37.83,Cash On Delivery,3,False,Delivered,5
ORD-01010,2021-04-01,CUST49434,Deepa Mishra,39,Other,Central,Bhopal,Books,Cook Book,3,748.48,0.39,1369.7184,545.32,53.58,Cash On Delivery,4,False,Delivered,4
ORD-00550,2020-08-31,CUST21538,Rahul Rao,55,Male,South,Hyderabad,Sports,Dumbbells,4,9806.37,0.07,36479.6964,11804.27,84.11,Credit Card,2,False,Delivered,3
ORD-01338,2021-08-24,CUST96831,Priya Das,43,Male,South,Kochi,Furniture,Sofa,10,19934.48,0.04,191371.00799999997,85875.92,55.37,Debit Card,2,False,Delivered,3
ORD-00970,2021-03-18,CUST04940,Aditya Bhat,44,Other,East,Kolkata,Electronics,Laptop,6,40340.61,0.36,154907.9424,15451.73,92.09,Debit Card,2,False,Delivered,10
ORD-01360,2021-09-04,CUST90904,Ananya Gupta,46,Male,North,Amritsar,Groceries,Tea,9,259.9,0.13,2035.0169999999998,151.85,60.98,Cash On Delivery,1,False,Delivered,7
ORD-01725,2022-02-07,CUST13925,Sanjay Nair,3,Female,Central,Raipur,Furniture,Sofa,5,26645.28,0.03,129229.608,47367.72,56.14,Debit Card,4,False,Delivered,2
ORD-03404,2024-01-13,CUST89207,Pooja Nair,30,Other,North,Chandigarh,Groceries,Cooking Oil,4,252.07,0.15,857.038,72.2,40.96,Debit Card,2,False,Delivered,1
ORD-03109,2023-09-05,CUST93512,Priya Sharma,35,Other,West,Mumbai,Books,Textbook,3,482.83,0.14,1245.7014,752.92,50.18,Cash On Delivery,4,False,Pending,4
ORD-00111,2020-02-10,CUST10397,Pooja Chatterjee,67,Female,East,Guwahati,Furniture,Chair,7,2426.56,0.27,12399.721599999999,2367.69,93.56,Credit Card,3,False,Delivered,8
ORD-00160,2020-03-08,CUST53976,Sanjay Kapoor,35,Female,South,Kochi,Groceries,Rice (5Kg),1,430.25,0.17,357.10749999999996,25.31,56.91,Credit Card,2,True,Returned,5
ORD-02937,2023-06-28,CUST46894,Nisha Iyer,49,Female,East,Guwahati,Electronics,Smartwatch,10,13230.15,0.38,82026.93,16653.59,74.38,Emi,5,False,Delivered,10
ORD-00610,2020-09-29,CUST16419,Nisha Mehta,31,Male,South,Chennai,Beauty,Sunscreen,6,1767.5,0.05,10074.75,6354.06,91.71,Cash On Delivery,3,False,Delivered,10
ORD-00916,2021-02-17,CUST66419,Sanjay Singh,44,Male,South,Chennai,Groceries,Sugar,7,245.03,0.09,1560.8411,97.99,69.71,Upi,3,False,Delivered,7
ORD-00292,2020-05-08,CUST37047,Nikhil Mishra,43,Male,North,Chandigarh,Beauty,Perfume,1,258.67,0.13,225.0429,82.38,62.33,Net Banking,5,False,Delivered,5
ORD-02975,2023-07-11,CUST47576,Sunita Rao,27,Male,West,Pune,Sports,Football,1,8472.58,0.37,5337.7254,1056.58,42.85,Upi,5,False,Delivered,10
ORD-00746,2020-12-05,CUST77230,Aarav Sharma,52,Other,West,Pune,Electronics,Smartphone,1,55374.2,0.03,53712.973999999995,4332.69,42.92,Net Banking,4,True,Returned,9
ORD-03832,2024-07-24,CUST67339,Vikram Bhat,31,Other,North,Delhi,Books,Fiction Novel,9,592.57,0.31,3679.8597,2593.15,60.15,Net Banking,4,True,Returned,10
ORD-00776,2020-12-18,CUST87733,Rahul Chatterjee,60,Other,East,Bhubaneswar,Books,Textbook,4,1126.12,0.11,4008.9871999999996,1167.52,87.28,Cash On Delivery,3,False,Shipped,5
ORD-03789,2024-07-04,CUST30468,Shreya Patel,42,Other,Central,Bhopal,Clothing,T-Shirt,4,766.4,0.12,2697.728,1156.28,41.96,Net Banking,3,False,Delivered,10
ORD-03071,2023-08-19,CUST66429,Arjun Bose,52,Other,West,Mumbai,Books,Textbook,8,1135.99,0.33,6088.9064,3707.82,66.97,Cash On Delivery,4,True,Returned,6
ORD-00578,2020-09-15,CUST42662,Kavya Bhat,43,Female,East,Guwahati,Beauty,Perfume,8,590.22,0.03,4580.1072,1500.51,63.44,Emi,3,False,Delivered,9
ORD-01458,2021-10-22,CUST39952,Sanjay Iyer,27,Other,Central,Bhopal,Electronics,Camera,7,38149.2,0.2,213635.52,21290.22,53.93,Cash On Delivery,4,True,Returned,8
ORD-03236,2023-10-31,CUST98300,Arjun Das,28,Male,Central,Bhopal,Sports,Dumbbells,3,3481.8,0.38,6476.148000000001,1681.91,55.2,Upi,5,False,Delivered,8
ORD-00264,2020-04-26,CUST64327,Nikhil Joshi,14,Other,South,Kochi,Groceries,Dal (1Kg),2,208.29,0.04,399.91679999999997,50.37,77.65,Cash On Delivery,3,True,Returned,6
ORD-01256,2021-07-20,CUST36428,Ritu Singh,50,Female,North,Ludhiana,Sports,Cricket Bat,10,8620.94,0.04,82761.024,29243.76,63.69,Emi,1,False,Cancelled,3
ORD-00303,2020-05-11,CUST62197,Amit Mehta,34,Male,North,Ludhiana,Groceries,Dal (1Kg),4,87.62,0.26,259.3552,30.3,56.98,Net Banking,3,True,Returned,4
ORD-01772,2022-02-23,CUST66243,Sanjay Mehta,36,Other,South,Chennai,Clothing,T-Shirt,4,3567.47,0.14,12272.0968,2952.33,90.15,Cash On Delivery,4,False,Cancelled,4
ORD-02976,2023-07-11,CUST38282,Arjun Reddy,34,Male,East,Kolkata,Electronics,Tablet,10,46486.3,0.35,302160.95,46106.98,68.33,Emi,2,False,Delivered,10
ORD-01200,2021-06-25,CUST04926,Meera Mishra,32,Female,East,Kolkata,Groceries,Dal (1Kg),8,243.87,0.24,1482.7296000000001,159.38,107.16,Emi,4,False,Delivered,8
ORD-03952,2024-09-01,CUST83301,Ananya Gupta,34,Female,West,Mumbai,Sports,Cricket Bat,1,14106.55,0.03,13683.3535,4828.67,41.95,Debit Card,2,False,Delivered,10
ORD-00150,2020-03-02,CUST65041,Sunita Shah,28,Other,North,Delhi,Beauty,Shampoo,8,2402.3,0.14,16527.824,7864.22,28.34,Credit Card,2,False,Delivered,5
ORD-03495,2024-02-28,CUST83702,Meera Chatterjee,57,Other,North,Chandigarh,Furniture,Wardrobe,10,7864.24,0.07,73137.43199999999,26334.69,41.39,Upi,3,False,Delivered,8
ORD-00815,2021-01-08,CUST16348,Priya Singh,29,Female,West,Ahmedabad,Groceries,Tea,3,124.54,0.06,351.20279999999997,27.23,67.18,Credit Card,1,False,Shipped,10
ORD-00072,2020-01-28,CUST86139,Nisha Mishra,35,Male,South,Bangalore,Beauty,Hair Oil,3,464.07,0.37,877.0923,342.46,60.75,Upi,5,False,Delivered,5
ORD-02504,2022-12-22,CUST98767,Aarav Sharma,53,Other,East,Kolkata,Electronics,Headphones,8,77398.42,0.26,458198.64639999997,33920.05,94.39,Net Banking,3,False,Cancelled,10
ORD-00118,2020-02-12,CUST27542,Rahul Shah,32,Female,North,Chandigarh,Sports,Cricket Bat,2,9059.97,0.28,13046.356799999998,2775.6,59.56,Emi,3,False,Delivered,7
ORD-01512,2021-11-12,CUST69324,Kavya Kapoor,19,Female,Central,Nagpur,Clothing,Saree,7,2886.34,0.25,15153.285,3851.17,58.88,Debit Card,4,False,Delivered,3
ORD-02370,2022-10-21,CUST09289,Nisha Bose,28,Other,North,Ludhiana,Sports,Tennis Racket,3,10631.58,0.1,28705.266,4472.16,31.86,Debit Card,4,False,Delivered,5
ORD-04173,2024-12-17,CUST95025,Aditya Kapoor,18,Female,North,Ludhiana,Furniture,Sofa,6,29938.75,0.17,149094.975,44922.96,34.46,Cash On Delivery,1,False,Delivered,9
ORD-04038,2024-10-17,CUST48507,Deepa Mehta,7,Other,South,Chennai,Sports,Cycle,5,8321.61,0.29,29541.715500000002,7415.49,82.48,Emi,2,False,Delivered,2
ORD-00460,2020-07-21,CUST75610,Amit Shah,41,Female,North,Delhi,Sports,Cycle,5,14409.79,0.06,67726.013,14684.99,44.5,Emi,5,False,Delivered,8
ORD-02218,2022-08-26,CUST37517,Ritu Bhat,33,Other,South,Chennai,Sports,Football,3,4765.92,0.05,13582.872,4889.44,59.58,Net Banking,2,False,Delivered,9
ORD-03885,2024-08-09,CUST10547,Vikram Shah,36,Other,Central,Raipur,Groceries,Cooking Oil,5,230.1,0.23,885.885,74.15,44.66,Debit Card,5,False,Delivered,1
ORD-03646,2024-05-04,CUST63505,Karan Bose,52,Female,South,Kochi,Clothing,Jeans,3,2490.42,0.12,6574.7088,4135.15,56.66,Debit Card,5,False,Cancelled,8
ORD-00242,2020-04-15,CUST17001,Ananya Kumar,31,Male,Central,Nagpur,Furniture,Desk,3,14067.89,0.13,36717.1929,8649.34,64.02,Emi,1,False,Delivered,10
ORD-02747,2023-04-04,CUST34843,Sanjay Verma,21,M,South,Hyderabad,Beauty,Lipstick,9,1568.38,0.02,13833.111600000002,9913.18,96.17,Debit Card,5,False,Delivered,7
ORD-00842,2021-01-20,CUST65032,Rahul Patel,35,Female,North,Ludhiana,Furniture,Desk,6,10881.01,0.28,47005.9632,13223.63,78.19,Debit Card,3,False,Cancelled,5
ORD-00745,2020-12-04,CUST39674,Meera Rao,32,Male,West,Mumbai,Electronics,Tablet,7,63547.4,0.18,364762.076,44746.11,73.72,Debit Card,1,False,Shipped,7
ORD-02751,2023-04-06,CUST41956,Ritu Gupta,58,Male,Central,Raipur,Furniture,Sofa,7,21084.54,0.39,90030.9858,29805.11,42.37,Emi,5,True,Returned,8
ORD-03004,2023-07-24,CUST37873,Karan Shah,24,Female,Central,Bhopal,Groceries,Sugar,7,223.54,0.05,1486.541,183.01,54.19,Debit Card,1,False,Delivered,10
ORD-02633,2023-02-15,CUST27793,Nikhil Kumar,34,Male,Central,Indore,Sports,Cycle,7,8623.2,0.0,60362.40000000001,15740.76,32.22,Cash On Delivery,1,True,Returned,1
ORD-03028,2023-08-04,CUST60297,Arjun Gupta,31,Female,West,Mumbai,Books,Cook Book,6,210.75,0.19,1024.2450000000001,408.37,45.71,Cash On Delivery,4,False,Delivered,2
ORD-02319,2022-10-05,CUST10347,Aditya Nair,24,Other,Central,Raipur,Sports,Yoga Mat,2,14531.26,0.22,22668.765600000002,2388.6,58.71,Upi,5,False,Delivered,1
ORD-02644,2023-02-17,CUST02050,Deepa Pillai,23,Male,North,Amritsar,Beauty,Sunscreen,4,800.18,0.19,2592.5832,1136.84,57.24,Net Banking,5,False,Pending,10
ORD-00786,2020-12-25,CUST94074,Nikhil Singh,47,Female,Central,Raipur,Furniture,Bed Frame,5,4377.66,0.24,16635.108,2557.64,49.31,Debit Card,5,False,Delivered,7
ORD-03589,2024-04-10,CUST32659,Meera Pillai,23,Female,South,Bangalore,Clothing,Kurta,10,2503.17,0.04,24030.432,12461.38,67.3,Upi,4,False,Delivered,3
ORD-00497,2020-08-05,CUST61540,Deepa Gupta,22,Male,Central,Indore,Furniture,Wardrobe,9,9703.47,0.12,76851.4824,20614.96,74.73,Credit Card,1,False,Delivered,7
ORD-01866,2022-04-03,CUST49530,Rohan Nair,29,Female,West,Pune,Electronics,Laptop,7,64794.43,0.05,430882.9595,75066.29,73.84,Debit Card,2,True,Returned,5
ORD-01523,2021-11-16,CUST70600,Sanjay Patel,51,Male,Central,Bhopal,Electronics,Smartwatch,6,17253.71,0.18,84888.2532,9312.1,57.28,Cash On Delivery,3,False,Delivered,1
ORD-00221,2020-04-05,CUST73936,Kavya Singh,19,Male,East,Patna,Sports,Cricket Bat,3,10399.3,0.02,30573.942,7236.11,59.2,Debit Card,5,False,Delivered,2
ORD-00405,2020-06-25,CUST07439,Vikram Pillai,58,Female,North,Ludhiana,Groceries,Cooking Oil,2,68.21,0.21,107.7718,7.79,51.11,Cash On Delivery,2,False,Delivered,6
ORD-03268,2023-11-11,CUST08884,Meera Chatterjee,34,Other,East,Patna,Sports,Tennis Racket,8,517.73,0.16,3479.1456,738.99,109.47,Net Banking,3,False,Delivered,7
ORD-01361,2021-09-04,CUST40439,Ananya Patel,30,Female,North,Ludhiana,Beauty,Face Cream,0,1406.05,0.34,0.0,521.93,51.51,Emi,2,True,Returned,7
ORD-02926,2023-06-20,CUST07282,Nisha Nair,31,Female,East,Patna,Beauty,Face Cream,8,203.71,0.16,1368.9312,1078.45,40.28,Debit Card,3,False,Delivered,9
ORD-00921,2021-02-21,CUST77784,Aditya Reddy,46,Other,Central,Raipur,Books,Comic Book,0,1150.62,0.16,0.0,376.47,51.2,Cash On Delivery,5,False,Delivered,6
ORD-04146,2024-12-06,CUST52053,Nikhil Joshi,18,Male,South,Hyderabad,Beauty,Face Cream,2,1657.33,0.02,3248.3668,1521.99,48.9,Upi,5,False,Shipped,4
ORD-00985,2021-03-24,CUST89273,Sunita Sharma,34,Other,West,Pune,Groceries,Tea,7,150.71,0.21,833.4263000000001,76.54,48.0,Upi,4,False,Delivered,4
ORD-03965,2024-09-06,CUST16673,Ritu Kapoor,18,Other,North,Chandigarh,Groceries,Flour,8,144.95,0.02,1136.408,135.23,33.74,Net Banking,5,False,Delivered,2
ORD-01334,2021-08-23,CUST72253,Ananya Verma,6,Other,Central,Indore,Furniture,Wardrobe,6,14866.07,0.15,75816.957,34155.92,69.82,Upi,2,False,Delivered,9
ORD-01916,2022-04-27,CUST40084,Aarav Rao,47,Male,South,Chennai,Groceries,Tea,4,288.13,0.01,1140.9948,122.61,62.28,Net Banking,2,False,Shipped,7
ORD-03210,2023-10-20,CUST36370,Deepa Chatterjee,43,Female,East,Bhubaneswar,Beauty,Hair Oil,3,1474.43,0.4,2653.9739999999997,1120.36,85.55,Upi,1,False,Delivered,3
ORD-00313,2020-05-17,CUST46769,Meera Reddy,51,Female,West,Pune,Groceries,Dal (1Kg),6,476.07,0.37,1799.5446,258.13,45.0,Debit Card,3,False,Delivered,1
ORD-03601,2024-04-16,CUST84390,Ritu Verma,31,Female,South,Hyderabad,Books,Textbook,8,1069.54,0.23,6588.3664,3761.19,77.99,Credit Card,3,False,Delivered,1
ORD-03038,2023-08-07,CUST42431,Vikram Iyer,10,Female,East,Guwahati,Books,Cook Book,4,846.94,0.1,3048.9840000000004,1830.29,103.8,Credit Card,3,False,Delivered,10
ORD-02556,2023-01-13,CUST44541,Priya Iyer,45,Other,South,Chennai,Clothing,T-Shirt,7,3456.76,0.34,15970.231199999998,3634.35,86.38,Credit Card,1,False,Delivered,3
ORD-03214,2023-10-21,CUST26653,Priya Verma,34,Female,South,Hyderabad,Beauty,Perfume,2,2318.99,0.34,3061.066799999999,1825.36,54.61,Upi,1,False,Pending,6
ORD-02442,2022-11-26,CUST44235,Rahul Iyer,58,Other,East,Patna,Groceries,Flour,6,487.77,0.31,2019.3677999999998,120.68,82.58,Credit Card,5,False,Delivered,6
ORD-03455,2024-02-07,CUST85337,Nisha Patel,37,Male,North,Chandigarh,Clothing,Kurta,3,497.57,0.15,1268.8035,481.63,64.84,Cash On Delivery,5,False,Delivered,8
ORD-03294,2023-11-25,CUST10406,Shreya Sharma,46,Female,East,Kolkata,Clothing,Saree,8,2163.34,0.09,15749.115200000002,6967.35,86.07,Debit Card,4,True,Returned,2
ORD-02458,2022-12-01,CUST84016,Meera Verma,12,Male,East,Patna,Books,Self-Help Book,5,374.99,0.2,1499.96,579.51,83.9,Cash On Delivery,3,False,Delivered,8
ORD-00678,2020-11-02,CUST41806,Kavya Pillai,45,Male,West,Ahmedabad,Electronics,Tablet,10,57547.36,0.0,575473.6,38336.33,95.34,Emi,1,False,Shipped,1
ORD-03001,2023-07-23,CUST72975,Deepa Singh,22,Female,North,Delhi,Sports,Dumbbells,7,5217.82,0.38,22645.338799999998,4891.91,48.5,Cash On Delivery,2,False,Delivered,4
ORD-00166,2020-03-13,CUST75367,Nisha Patel,45,Female,East,Kolkata,Books,Self-Help Book,8,518.2,0.01,4104.144,1853.7,90.45,Debit Card,3,False,Delivered,6
ORD-00329,2020-05-23,CUST33284,Vikram Mishra,35,Male,West,Mumbai,Electronics,Camera,8,66799.88,0.0,534399.04,86189.72,63.99,Debit Card,1,False,Delivered,2
ORD-01037,2021-04-15,CUST43607,Nikhil Kapoor,51,Other,West,Ahmedabad,Books,Biography,7,529.64,0.15,3151.3579999999997,1663.96,71.05,Emi,3,False,Delivered,10
ORD-02134,2022-07-25,CUST70079,Aditya Shah,33,Male,West,Mumbai,Beauty,Shampoo,2,879.32,0.11,1565.1896000000002,1051.59,52.42,Cash On Delivery,5,False,Delivered,5
ORD-02132,2022-07-24,CUST62399,Rohan Bose,45,Other,South,Chennai,Furniture,Sofa,4,25587.02,0.31,70620.1752,24161.7,68.96,Debit Card,2,False,Delivered,2
ORD-02255,2022-09-09,CUST86286,Amit Verma,23,Female,North,Delhi,Sports,Yoga Mat,1,10374.72,0.04,9959.731199999998,2109.69,63.95,Cash On Delivery,3,False,Cancelled,3
ORD-00104,2020-02-09,CUST30691,Ritu Mishra,47,Other,Central,Indore,Sports,Tennis Racket,9,13043.73,0.25,88045.17749999999,18187.78,74.92,Debit Card,3,False,Delivered,3
ORD-03382,2024-01-03,CUST08459,Nikhil Mishra,35,Male,West,Ahmedabad,Sports,Tennis Racket,8,13871.72,0.03,107644.54719999999,20681.46,87.71,Upi,5,False,Shipped,8
ORD-03267,2023-11-11,CUST39102,Meera Kapoor,31,Other,East,Kolkata,Electronics,Laptop,10,19168.2,0.09,174430.62,15931.28,92.38,Upi,1,True,Returned,10
ORD-00735,2020-12-01,CUST45620,Aditya Patel,59,Female,East,Patna,Clothing,Kurta,6,2055.61,0.19,9990.2646,2436.42,87.2,Debit Card,3,False,Pending,7
ORD-03738,2024-06-18,CUST81515,Shreya Reddy,44,Female,West,Ahmedabad,Clothing,Saree,8,318.72,0.2,2039.8080000000002,1361.66,66.35,Cash On Delivery,3,False,Delivered,6
ORD-01205,2021-06-29,CUST52200,Nisha Bhat,28,Male,West,Pune,Books,Fiction Novel,3,332.5,0.1,897.75,733.38,62.24,Debit Card,5,False,Delivered,2
ORD-00695,2020-11-11,CUST09687,Karan Bose,25,Male,North,Chandigarh,Clothing,Dress,4,1315.54,0.06,4946.430399999999,1168.41,30.16,Net Banking,4,False,Cancelled,6
ORD-03238,2023-11-01,CUST14045,Sunita Kumar,59,Other,West,Mumbai,Groceries,Rice (5Kg),8,147.66,0.12,1039.5264,78.45,58.97,Debit Card,1,True,Returned,10
ORD-00498,2020-08-06,CUST22854,Arjun Patel,37,Female,South,Chennai,Beauty,Lipstick,4,1620.93,0.0,6483.72,3625.25,54.81,Upi,4,False,Cancelled,6
ORD-01341,2021-08-26,CUST78913,Meera Sharma,25,Female,South,Bangalore,Electronics,Headphones,6,33295.33,0.22,155822.14440000002,28846.6,81.68,Emi,3,False,Delivered,4
ORD-01349,2021-08-30,CUST06490,Shreya Shah,21,Female,North,Chandigarh,Clothing,Dress,4,2556.35,0.19,8282.574,1946.08,45.36,Upi,5,False,Delivered,2
ORD-02709,2023-03-21,CUST89135,Vikram Gupta,45,Other,South,Chennai,Electronics,Smartphone,5,8426.05,0.4,25278.149999999998,5271.23,43.17,Net Banking,3,True,Returned,6
ORD-00347,2020-05-29,CUST36973,Nikhil Das,38,Male,Central,Bhopal,Furniture,Wardrobe,9,15163.14,0.05,129644.84700000001,45730.93,52.98,Credit Card,3,False,Delivered,4
ORD-01853,2022-03-30,CUST27427,Ritu Reddy,49,Female,East,Patna,Books,Cook Book,7,1034.3,0.21,5719.679,2536.09,60.36,Credit Card,5,False,Delivered,4
ORD-02259,2022-09-10,CUST42519,Meera Reddy,46,M,Central,Nagpur,Sports,Football,2,2331.76,0.0,4663.52,1433.92,38.85,Debit Card,5,False,Delivered,1
ORD-02616,2023-02-10,CUST89095,Karan Kumar,33,Male,East,Bhubaneswar,Books,Cook Book,2,1201.89,0.0,2403.78,1451.59,59.47,Net Banking,4,False,Delivered,5
ORD-02191,2022-08-15,CUST30252,Amit Rao,53,Female,South,Bangalore,Books,Self-Help Book,5,1366.96,0.33,4579.316,2062.06,90.56,Cash On Delivery,1,False,Delivered,8
ORD-00515,2020-08-15,CUST29764,Ritu Patel,58,Female,North,Amritsar,Clothing,Jacket,9,3838.67,0.38,21419.778599999998,9320.76,35.65,Credit Card,2,True,Returned,8
ORD-03435,2024-01-29,CUST98330,Ananya Nair,65,Female,East,Bhubaneswar,Furniture,Bookshelf,0,10083.15,0.15,0.0,1999.65,46.72,Net Banking,4,False,Delivered,1
ORD-01029,2021-04-11,CUST37505,Nikhil Patel,41,Female,West,Ahmedabad,Sports,Dumbbells,0,1145.45,0.11,0.0,222.57,56.78,Debit Card,1,False,Delivered,8
ORD-03117,2023-09-08,CUST41510,Arjun Rao,31,Female,North,Delhi,Beauty,Lipstick,8,1386.11,0.36,7096.883199999999,3833.84,80.48,Upi,3,False,Delivered,7
ORD-03354,2023-12-21,CUST67353,Sunita Nair,40,Other,West,Mumbai,Groceries,Dal (1Kg),8,133.54,0.25,801.24,48.03,54.62,Cash On Delivery,2,False,Delivered,7
ORD-02940,2023-06-29,CUST98397,Priya Patel,33,Male,East,Kolkata,Furniture,Desk,7,29626.67,0.25,155540.01750000002,54990.37,89.07,Credit Card,3,False,Delivered,2
ORD-01227,2021-07-07,CUST51884,Kavya Iyer,29,Female,South,Chennai,Clothing,Jeans,8,3027.66,0.22,18892.5984,8111.2,67.06,Cash On Delivery,3,True,Returned,9
ORD-02863,2023-05-30,CUST63160,Meera Mehta,39,Other,South,Bangalore,Books,Self-Help Book,8,786.23,0.23,4843.1768,2889.1,89.79,Cash On Delivery,4,True,Returned,3
ORD-03937,2024-08-26,CUST26174,Sunita Mishra,26,Female,North,Ludhiana,Clothing,Dress,2,2273.43,0.19,3682.9566,2166.56,65.89,Credit Card,1,False,Delivered,5
ORD-00564,2020-09-07,CUST18845,Sunita Reddy,37,Male,Central,Nagpur,Sports,Cricket Bat,8,1081.89,0.17,7183.7496,1691.65,68.34,Net Banking,3,False,Delivered,7
ORD-03849,2024-07-29,CUST29433,Priya Chatterjee,25,Male,West,Surat,Beauty,Shampoo,8,142.19,0.04,1092.0192,820.61,75.73,Emi,3,False,Delivered,5
ORD-02420,2022-11-11,CUST51531,Vikram Verma,15,Female,Central,Nagpur,Groceries,Cooking Oil,8,125.37,0.31,692.0423999999999,40.34,44.85,Emi,1,True,Returned,5
ORD-03230,2023-10-29,CUST12331,Nikhil Singh,28,Other,West,Ahmedabad,Furniture,Bed Frame,2,28320.84,0.09,51543.9288,12726.17,51.84,Emi,2,False,Delivered,4
ORD-01012,2021-04-03,CUST71352,Priya Pillai,38,Other,West,Pune,Clothing,T-Shirt,7,3514.94,0.24,18699.4808,8841.56,59.33,Net Banking,4,False,Delivered,10
ORD-01304,2021-08-10,CUST66175,Aarav Das,26,Male,Central,Raipur,Furniture,Sofa,8,29112.08,0.18,190975.24480000001,75733.79,27.35,Emi,1,False,Delivered,3
ORD-00891,2021-02-04,CUST89847,Pooja Sharma,35,Other,South,Chennai,Beauty,Face Cream,9,616.58,0.36,3551.5008000000003,1300.95,91.17,Cash On Delivery,4,False,Delivered,10
ORD-02792,2023-04-23,CUST84330,Kavya Verma,32,Female,South,Bangalore,Clothing,Jacket,6,3592.92,0.0,21557.52,12889.05,58.05,Cash On Delivery,4,True,Returned,3
ORD-04030,2024-10-15,CUST64389,Shreya Joshi,38,Other,South,Bangalore,Books,Textbook,0,1347.11,0.05,0.0,738.02,52.55,Net Banking,5,False,Delivered,4
ORD-02732,2023-03-30,CUST23366,Priya Kumar,32,Male,North,Amritsar,Clothing,Jacket,8,1060.79,0.16,7128.5088,2159.2,51.46,Upi,4,False,Pending,7
ORD-03346,2023-12-18,CUST20166,Sunita Das,34,Other,East,Kolkata,Furniture,Bed Frame,9,33868.0,0.31,210320.27999999997,31658.39,110.02,Emi,2,False,Delivered,7
ORD-03461,2024-02-09,CUST10511,Priya Das,52,Other,East,Guwahati,Groceries,Tea,8,465.1,0.31,2567.352,258.85,68.06,Debit Card,4,False,Delivered,6
ORD-00633,2020-10-11,CUST53440,Nisha Sharma,44,Male,East,Kolkata,Groceries,Dal (1Kg),4,311.1,0.01,1231.9560000000001,92.22,75.24,Upi,2,False,Delivered,1
ORD-00195,2020-03-27,CUST10870,Deepa Bhat,26,Female,Central,Raipur,Beauty,Shampoo,10,2466.88,0.25,18501.600000000002,5973.34,34.92,Net Banking,4,False,Delivered,9
ORD-00514,2020-08-15,CUST86166,Shreya Rao,48,Other,Central,Indore,Furniture,Bed Frame,2,17924.25,0.15,30471.225,13769.68,75.45,Cash On Delivery,5,False,Delivered,10
ORD-01639,2021-12-31,CUST37611,Aditya Sharma,48,Female,North,Amritsar,Furniture,Bookshelf,10,33336.04,0.22,260021.11200000002,62738.27,43.07,Emi,2,False,Delivered,10
ORD-01456,2021-10-21,CUST75629,Vikram Kapoor,38,Male,Central,Raipur,Groceries,Dal (1Kg),1,229.1,0.04,219.93599999999998,15.48,70.47,Net Banking,5,False,Delivered,6
ORD-03747,2024-06-21,CUST30878,Karan Kumar,42,Male,East,Bhubaneswar,Electronics,Smartphone,6,72110.58,0.37,272577.9924,65004.31,70.74,Cash On Delivery,3,False,Pending,9
ORD-03842,2024-07-27,CUST75870,Meera Mishra,20,Other,East,Patna,Groceries,Cooking Oil,7,75.8,0.05,504.07,70.98,62.63,Net Banking,4,False,Delivered,8
ORD-00210,2020-04-01,CUST41794,Arjun Kapoor,29,Female,Central,Raipur,Electronics,Headphones,7,48050.22,0.32,228719.0472,29156.24,35.88,Debit Card,4,False,Cancelled,3
ORD-03049,2023-08-12,CUST94965,Amit Joshi,26,Other,East,Bhubaneswar,Sports,Tennis Racket,9,905.34,0.05,7740.657,2301.49,59.24,Net Banking,1,False,Delivered,6
ORD-01187,2021-06-17,CUST93071,Vikram Joshi,22,Female,West,Ahmedabad,Electronics,Smartphone,3,76896.61,0.07,214541.5419,37948.79,73.13,Cash On Delivery,3,False,Shipped,5
ORD-00636,2020-10-11,CUST37768,Vikram Iyer,10,Female,Central,Indore,Books,Comic Book,1,1078.1,0.04,1034.9759999999999,356.63,30.25,Upi,4,False,Delivered,6
ORD-03962,2024-09-05,CUST29392,Aditya Das,26,Female,East,Guwahati,Groceries,Cooking Oil,7,461.68,0.0,3231.76,381.32,109.75,Debit Card,1,False,Pending,7
ORD-04094,2024-11-11,CUST70447,Rohan Kumar,38,Other,Central,Nagpur,Electronics,Smartphone,0,32962.49,0.19,0.0,2696.36,60.59,Emi,2,False,Cancelled,2
ORD-03583,2024-04-08,CUST63387,Priya Bose,23,Female,East,Guwahati,Groceries,Tea,6,392.2,0.26,1741.368,207.12,70.3,Upi,3,False,Delivered,9
ORD-00088,2020-02-04,CUST25625,Meera Kapoor,34,Other,North,Delhi,Electronics,Camera,7,60474.12,0.04,406386.08640000003,37668.94,62.96,Net Banking,4,False,Shipped,7
ORD-01370,2021-09-09,CUST44583,Aarav Rao,48,Male,East,Bhubaneswar,Electronics,Headphones,5,77055.5,0.09,350602.525,51765.01,68.43,Emi,5,False,Delivered,6
ORD-04005,2024-09-26,CUST65030,Nisha Rao,35,Male,South,Hyderabad,Clothing,T-Shirt,7,1062.11,0.24,5650.4252,1296.33,57.64,Upi,3,True,Returned,3
ORD-01980,2022-05-25,CUST69864,Vikram Iyer,31,Male,South,Kochi,Groceries,Dal (1Kg),6,181.78,0.38,676.2216000000001,43.28,64.13,Upi,3,False,Delivered,9
ORD-02958,2023-07-05,CUST02784,Sunita Gupta,25,Male,North,Amritsar,Sports,Cycle,3,13054.7,0.2,31331.280000000006,9740.83,41.44,Upi,2,True,Returned,9
ORD-03790,2024-07-05,CUST81850,Karan Das,7,Other,East,Guwahati,Beauty,Lipstick,3,1906.13,0.35,3716.9535000000005,2206.08,75.13,Upi,5,False,Delivered,6
ORD-00191,2020-03-26,CUST37196,Pooja Chatterjee,37,Other,South,Chennai,Clothing,T-Shirt,2,2822.43,0.32,3838.5047999999992,1101.47,41.8,Cash On Delivery,2,False,Delivered,4
ORD-03825,2024-07-21,CUST88226,Aditya Verma,47,Male,West,Surat,Groceries,Tea,7,488.22,0.38,2118.8748,163.37,60.37,Emi,1,True,Returned,8
ORD-00179,2020-03-19,CUST72035,Ritu Pillai,39,Male,South,Chennai,Beauty,Hair Oil,2,691.8,0.4,830.16,369.92,65.91,Debit Card,5,False,Delivered,9
ORD-03841,2024-07-27,CUST55175,Pooja Verma,36,Female,North,Ludhiana,Sports,Cycle,4,4702.62,0.3,13167.336,3762.63,66.86,Net Banking,2,False,Delivered,5
ORD-02605,2023-02-05,CUST70348,Sanjay Chatterjee,33,Other,East,Guwahati,Groceries,Dal (1Kg),2,458.79,0.24,697.3608,59.83,86.04,Emi,3,False,Cancelled,6
ORD-02589,2023-01-30,CUST13119,Priya Bose,39,Other,West,Ahmedabad,Furniture,Bookshelf,8,8213.91,0.0,65711.28,12928.63,87.38,Net Banking,3,False,Delivered,9
ORD-03465,2024-02-09,CUST56248,Aarav Bhat,42,Female,Central,Indore,Groceries,Cooking Oil,7,359.97,0.04,2418.9984,337.93,52.95,Upi,5,False,Cancelled,5
ORD-02024,2022-06-11,CUST02250,Rahul Verma,33,Female,North,Ludhiana,Books,Fiction Novel,1,910.26,0.04,873.8496,558.58,27.4,Net Banking,3,False,Delivered,3
ORD-01688,2022-01-22,CUST53680,Amit Shah,18,Other,North,Delhi,Electronics,Smartphone,5,65121.61,0.0,325608.05,33377.09,75.22,Net Banking,3,False,Shipped,2
ORD-03916,2024-08-19,CUST33656,Ritu Rao,50,Male,East,Patna,Groceries,Cooking Oil,4,169.97,0.11,605.0932,86.75,73.04,Debit Card,1,False,Delivered,9
ORD-02793,2023-04-24,CUST32818,Kavya Kumar,34,Other,West,Surat,Clothing,Dress,4,882.01,0.05,3351.638,1032.3,65.21,Credit Card,2,False,Delivered,3
ORD-03322,2023-12-09,CUST90480,Nisha Patel,31,Other,East,Kolkata,Groceries,Rice (5Kg),8,314.32,0.03,2439.1232,180.84,99.45,Debit Card,1,False,Cancelled,2
ORD-01129,2021-05-25,CUST51027,Nikhil Bose,14,Other,West,Surat,Books,Cook Book,10,363.79,0.14,3128.594,1879.15,43.41,Net Banking,3,False,Cancelled,8
ORD-03068,2023-08-18,CUST89345,Deepa Iyer,30,Other,East,Guwahati,Beauty,Shampoo,1,133.98,0.16,112.54319999999998,64.55,59.05,Credit Card,5,False,Delivered,4
ORD-03146,2023-09-25,CUST78079,Meera Gupta,27,Male,South,Bangalore,Electronics,Smartwatch,3,40582.57,0.22,94963.2138,13936.96,91.9,Debit Card,3,False,Cancelled,4
ORD-01813,2022-03-12,CUST37116,Nisha Das,47,Other,Central,Nagpur,Clothing,T-Shirt,1,1385.37,0.08,1274.5403999999999,661.84,62.19,Credit Card,2,False,Delivered,5
ORD-02560,2023-01-14,CUST90788,Kavya Kapoor,34,Female,South,Kochi,Electronics,Tablet,0,18619.45,0.0,0.0,2445648.43,82.19,Emi,1,False,Delivered,5
ORD-04019,2024-10-07,CUST33185,Aditya Bose,30,Female,Central,Nagpur,Sports,Cycle,8,11748.72,0.34,62033.24159999999,16805.64,44.93,Upi,3,True,Returned,10
ORD-03512,2024-03-07,CUST61863,Shreya Nair,41,Female,East,Kolkata,Clothing,Jeans,10,1320.43,0.25,9903.225,5671.18,74.31,Debit Card,2,False,Shipped,6
ORD-01024,2021-04-08,CUST22670,Sanjay Joshi,49,Female,East,Patna,Furniture,Bed Frame,10,14892.78,0.21,117652.96200000001,64660.74,118.18,Credit Card,2,False,Shipped,8
ORD-01753,2022-02-17,CUST62689,Ananya Das,32,Female,North,Delhi,Clothing,Jeans,3,3289.49,0.2,7894.776,2606.38,68.78,Upi,5,False,Delivered,6
ORD-00472,2020-07-27,CUST21284,Aarav Joshi,44,Other,East,Patna,Groceries,Flour,1,117.22,0.26,86.7428,11.08,84.2,Credit Card,2,False,Delivered,5
ORD-00399,2020-06-21,CUST01014,Aditya Chatterjee,27,Other,West,Pune,Sports,Dumbbells,9,14879.68,0.25,100437.84,28846.04,60.0,Credit Card,3,False,Delivered,10
ORD-03499,2024-02-29,CUST16184,Rahul Kumar,39,Female,West,Surat,Electronics,Tablet,8,22744.84,0.03,176499.9584,15125.76,75.81,Emi,1,False,Shipped,3
ORD-00036,2020-01-14,CUST38423,Kavya Nair,26,F,East,Patna,Furniture,Desk,3,12822.15,0.01,38081.7855,10599.17,86.21,Upi,2,True,Returned,9
ORD-02254,2022-09-09,CUST33459,Nisha Sharma,33,Female,North,Delhi,Furniture,Desk,10,5472.78,0.24,41593.128,15999.21,73.94,Debit Card,4,False,Delivered,9
ORD-02657,2023-02-24,CUST66904,Kavya Chatterjee,41,Other,East,Kolkata,Groceries,Cooking Oil,5,97.04,0.07,451.236,48.71,82.24,Net Banking,1,False,Delivered,3
ORD-00253,2020-04-22,CUST11397,Aarav Verma,50,Male,East,Patna,Books,Comic Book,8,724.91,0.39,3537.5607999999997,1441.05,80.32,Net Banking,3,False,Pending,1
ORD-02656,2023-02-24,CUST34846,Vikram Singh,46,Female,North,Chandigarh,Furniture,Bookshelf,8,24561.25,0.33,131648.3,31348.77,47.2,Credit Card,2,False,Delivered,1
ORD-01068,2021-04-28,CUST93899,Meera Kapoor,49,Male,South,Hyderabad,Furniture,Chair,8,13756.55,0.36,70433.536,31183.12,80.06,Credit Card,2,False,Delivered,10
ORD-01286,2021-08-03,CUST73360,Nisha Sharma,30,F,West,Surat,Electronics,Smartwatch,5,53420.53,0.16,224366.22600000002,18234.55,49.75,Debit Card,4,False,Delivered,3
ORD-03221,2023-10-24,CUST96034,Rohan Singh,30,M,North,Chandigarh,Books,Textbook,6,452.9,0.01,2690.2259999999997,1043.1,58.82,Net Banking,1,False,Delivered,3
ORD-02478,2022-12-12,CUST02396,Karan Sharma,32,Male,South,Hyderabad,Electronics,Tablet,3,58643.55,0.18,144263.13300000003,10501.29,67.56,Credit Card,3,False,Cancelled,2
ORD-02941,2023-06-29,CUST16576,Aditya Mehta,53,Female,North,Amritsar,Books,Fiction Novel,4,254.4,0.04,976.896,765.6,70.91,Cash On Delivery,4,False,Delivered,7
ORD-01876,2022-04-07,CUST64959,Aditya Sharma,47,Other,East,Patna,Books,Fiction Novel,0,1466.44,0.02,0.0,587.73,74.59,Net Banking,3,False,Delivered,6
ORD-00229,2020-04-10,CUST23370,Kavya Pillai,37,Female,West,Surat,Books,Self-Help Book,2,979.23,0.26,1449.2604000000001,565.67,57.1,Cash On Delivery,3,True,Returned,9
ORD-03052,2023-08-13,CUST62695,Vikram Bhat,38,Other,East,Guwahati,Sports,Dumbbells,7,13199.66,0.23,71146.16739999999,23525.51,75.76,Cash On Delivery,4,False,Delivered,9
ORD-01749,2022-02-15,CUST77699,Deepa Joshi,17,Other,South,Chennai,Sports,Football,5,5142.95,0.05,24429.012499999997,4000.08,50.97,Emi,1,True,Returned,3
ORD-03078,2023-08-21,CUST46478,Aarav Nair,32,Female,East,Bhubaneswar,Books,Textbook,3,761.02,0.23,1757.9562,1183.07,118.86,Credit Card,3,False,Delivered,7
ORD-01645,2022-01-03,CUST58522,Priya Kumar,27,M,South,Bangalore,Beauty,Sunscreen,1,277.9,0.12,244.552,81.58,50.51,Emi,4,False,Cancelled,6
ORD-04194,2024-12-28,CUST18508,Sunita Sharma,56,Male,North,Ludhiana,Books,Biography,2,709.51,0.08,1305.4984,481.53,18.48,Net Banking,5,False,Cancelled,5
ORD-02776,2023-04-16,CUST86061,Kavya Rao,45,Male,Central,Indore,Sports,Football,8,8715.32,0.0,69722.56,22685.06,74.22,Cash On Delivery,1,False,Delivered,8
ORD-02367,2022-10-20,CUST71730,Meera Kapoor,33,Female,East,Patna,Books,Biography,6,353.19,0.37,1335.0582,640.89,87.77,Net Banking,3,False,Delivered,7
ORD-00630,2020-10-09,CUST57628,Rohan Chatterjee,42,Female,South,Kochi,Furniture,Wardrobe,7,31760.09,0.0,222320.63,77339.31,62.01,Debit Card,3,False,Delivered,3
ORD-00926,2021-02-23,CUST42894,Sanjay Patel,30,Male,West,Ahmedabad,Clothing,Jeans,9,1846.99,0.32,11303.5788,3194.01,82.33,Debit Card,3,False,Delivered,6
ORD-02942,2023-06-30,CUST41370,Amit Verma,40,Male,North,Delhi,Groceries,Dal (1Kg),5,306.51,0.18,1256.691,174.67,63.22,Cash On Delivery,3,False,Delivered,3
ORD-01020,2021-04-05,CUST24177,Rohan Reddy,40,Male,South,Chennai,Furniture,Sofa,0,2090.33,0.29,0.0,304.35,82.39,Cash On Delivery,2,False,Pending,6
ORD-02083,2022-07-07,CUST58154,Karan Chatterjee,33,Other,West,Surat,Furniture,Bookshelf,6,6433.11,0.05,36668.72699999999,11059.52,68.21,Net Banking,1,False,Delivered,7
ORD-03385,2024-01-04,CUST57537,Meera Reddy,23,Male,East,Guwahati,Books,Textbook,9,1151.99,0.36,6635.4624,2458.52,80.27,Emi,5,False,Delivered,6
ORD-01787,2022-03-03,CUST70372,Deepa Verma,16,Female,West,Surat,Beauty,Hair Oil,8,1468.81,0.02,11515.4704,4798.36,35.31,Cash On Delivery,4,False,Delivered,8
ORD-02124,2022-07-23,CUST24923,Karan Mishra,23,Male,West,Pune,Books,Cook Book,6,1164.68,0.35,4542.252,1561.14,57.35,Debit Card,2,True,Returned,5
ORD-01076,2021-05-02,CUST34738,Ananya Kapoor,49,Female,South,Bangalore,Furniture,Bookshelf,1,28157.96,0.28,20273.7312,7988.88,86.82,Credit Card,2,True,Returned,5
ORD-03624,2024-04-25,CUST39929,Pooja Bose,50,Male,Central,Indore,Sports,Yoga Mat,0,7799.14,0.34,0.0,1529.95,45.36,Debit Card,2,False,Delivered,2
ORD-02950,2023-07-01,CUST02564,Nisha Gupta,57,Other,Central,Raipur,Furniture,Wardrobe,7,7949.66,0.29,39509.81019999999,13411.24,66.87,Credit Card,4,False,Delivered,2
ORD-03861,2024-08-04,CUST90757,Arjun Verma,46,Male,East,Kolkata,Furniture,Bookshelf,8,7679.41,0.39,37475.5208,15647.23,83.32,Cash On Delivery,3,False,Shipped,1
ORD-04181,2024-12-23,CUST34843,Rohan Chatterjee,5,Male,South,Bangalore,Beauty,Sunscreen,4,270.17,0.27,788.8964,297.01,54.45,Upi,2,False,Pending,3
ORD-03904,2024-08-15,CUST28988,Meera Das,29,Other,West,Mumbai,Groceries,Tea,6,212.91,0.28,919.7712,97.83,63.02,Debit Card,3,False,Delivered,10
ORD-01850,2022-03-30,CUST64792,Amit Kumar,38,Male,South,Hyderabad,Sports,Cycle,4,14204.71,0.27,41477.7532,13383.31,93.83,Upi,1,True,Returned,10
ORD-02796,2023-04-27,CUST56780,Arjun Chatterjee,24,Other,East,Guwahati,Groceries,Cooking Oil,8,132.4,0.32,720.256,93.32,91.9,Debit Card,2,False,Delivered,2
ORD-03321,2023-12-09,CUST48101,Sanjay Kumar,38,Male,East,Patna,Clothing,Jacket,7,2311.75,0.14,13916.735,4064.18,93.86,Net Banking,4,False,Delivered,10
ORD-00711,2020-11-21,CUST81896,Meera Gupta,51,Male,West,Mumbai,Clothing,Jeans,5,3038.32,0.08,13976.272,4520.11,46.38,Upi,3,False,Delivered,8
ORD-01145,2021-05-30,CUST43834,Ritu Joshi,20,Male,North,Delhi,Sports,Cricket Bat,7,14524.03,0.17,84384.6143,28871.78,52.9,Emi,4,False,Delivered,9
ORD-00608,2020-09-28,CUST06194,Nisha Joshi,24,Male,North,Chandigarh,Groceries,Dal (1Kg),6,56.45,0.07,314.99100000000004,22.1,41.2,Upi,2,True,Returned,6
ORD-00388,2020-06-14,CUST45393,Rahul Pillai,37,Male,East,Patna,Beauty,Lipstick,9,2334.19,0.05,19957.3245,9468.13,62.79,Credit Card,3,False,Delivered,10
ORD-03166,2023-10-03,CUST06674,Sanjay Pillai,47,Female,Central,Bhopal,Furniture,Bookshelf,9,22760.46,0.37,129051.80819999998,39767.62,72.02,Emi,1,False,Shipped,3
ORD-00868,2021-01-31,CUST94965,Kavya Sharma,38,Female,South,Hyderabad,Electronics,Smartwatch,3,42838.23,0.09,116948.36790000001,14607.13,87.84,Debit Card,1,True,Returned,1
ORD-02800,2023-04-29,CUST56256,Ananya Patel,45,F,East,Patna,Sports,Cycle,4,10550.62,0.36,27009.5872,7286.48,64.73,Net Banking,3,True,Returned,3
ORD-00912,2021-02-13,CUST49621,Kavya Pillai,31,Male,Central,Nagpur,Furniture,Chair,7,16795.84,0.36,75245.3632,12491.37,56.62,Cash On Delivery,2,True,Returned,2
ORD-03990,2024-09-18,CUST81510,Ritu Chatterjee,50,Other,West,Ahmedabad,Clothing,Jeans,10,3403.06,0.39,20758.665999999997,4900.02,44.69,Emi,3,False,Shipped,1
ORD-01922,2022-04-30,CUST64561,Deepa Das,55,Other,South,Hyderabad,Groceries,Rice (5Kg),1,116.8,0.34,77.088,7.87,74.41,Credit Card,4,False,Delivered,3
ORD-03724,2024-06-13,CUST07562,Aditya Verma,29,Male,East,Patna,Furniture,Bookshelf,4,29351.23,0.19,95097.98520000001,36069.54,82.28,Net Banking,4,False,Delivered,9
ORD-00149,2020-03-01,CUST13333,Deepa Iyer,32,Male,West,Pune,Furniture,Bookshelf,5,31560.75,0.37,99416.3625,35282.21,38.48,Cash On Delivery,4,False,Delivered,5
ORD-00754,2020-12-08,CUST33308,Meera Rao,46,Other,East,Kolkata,Electronics,Headphones,9,9975.05,0.28,64638.32399999999,3991.52,83.83,Emi,1,True,Returned,5
ORD-03555,2024-03-24,CUST21921,Vikram Verma,44,Female,Central,Indore,Clothing,Dress,8,825.43,0.3,4622.407999999999,2481.12,48.12,Net Banking,1,False,Delivered,2
ORD-02451,2022-11-28,CUST04161,Arjun Singh,58,Female,West,Pune,Sports,Dumbbells,9,13538.61,0.04,116973.5904,24598.22,64.82,Credit Card,3,False,Delivered,1
ORD-01274,2021-07-28,CUST42513,Deepa Joshi,29,Female,East,Bhubaneswar,Furniture,Chair,2,3092.5,0.03,5999.45,2113.54,62.46,Credit Card,4,False,Delivered,3
ORD-00341,2020-05-28,CUST77930,Nisha Das,34,Male,Central,Nagpur,Groceries,Sugar,7,369.81,0.4,1553.202,92.88,65.27,Credit Card,2,False,Shipped,4
ORD-04110,2024-11-20,CUST48614,Sanjay Bose,31,Female,South,Bangalore,Groceries,Tea,1,281.65,0.11,250.6685,27.01,73.96,Upi,1,True,Returned,7
ORD-03036,2023-08-05,CUST13591,Nikhil Reddy,57,Female,Central,Indore,Electronics,Smartwatch,4,5288.54,0.19,17134.8696,3492.82,95.83,Debit Card,3,False,Delivered,5
ORD-03715,2024-06-08,CUST55215,Karan Das,30,Other,West,Ahmedabad,Furniture,Chair,0,11535.35,0.32,0.0,3991.87,54.19,Credit Card,5,False,Delivered,3
ORD-01116,2021-05-18,CUST04558,Karan Kapoor,15,Male,North,Chandigarh,Sports,Cycle,2,4814.42,0.29,6836.4764,1987.38,50.43,Emi,3,False,Cancelled,5
ORD-02781,2023-04-18,CUST33751,Nikhil Singh,43,Other,Central,Raipur,Groceries,Cooking Oil,7,287.94,0.34,1330.2827999999997,168.82,48.27,Credit Card,4,False,Delivered,5
ORD-00541,2020-08-29,CUST83050,Nikhil Bhat,31,Male,South,Chennai,Furniture,Bed Frame,10,26964.22,0.0,269642.2,62330.58,62.72,Cash On Delivery,5,False,Pending,7
ORD-02740,2023-03-31,CUST90154,Arjun Rao,39,Female,West,Mumbai,Beauty,Sunscreen,3,1932.05,0.12,5100.612,2983.29,47.16,Upi,1,False,Pending,5
ORD-03657,2024-05-08,CUST04582,Kavya Kumar,43,F,East,Bhubaneswar,Furniture,Chair,7,16570.92,0.33,77717.61479999998,40801.29,111.73,Net Banking,1,False,Shipped,9
ORD-01467,2021-10-23,CUST97904,Sanjay Bhat,36,Male,West,Ahmedabad,Clothing,Kurta,10,2394.19,0.18,19632.358000000004,6424.53,80.64,Cash On Delivery,4,False,Delivered,5
ORD-02658,2023-02-25,CUST50190,Aarav Mehta,29,Female,Central,Bhopal,Clothing,T-Shirt,4,2095.6,0.36,5364.736,1469.25,50.22,Net Banking,4,False,Delivered,6
ORD-02096,2022-07-11,CUST11002,Ritu Reddy,43,Other,South,Bangalore,Furniture,Bookshelf,8,32713.93,0.0,261711.44,94752.3,78.56,Emi,3,False,Delivered,6
ORD-00956,2021-03-10,CUST26332,Karan Bhat,38,Male,West,Pune,Books,Fiction Novel,10,1207.23,0.16,10140.731999999998,2840.09,56.99,Cash On Delivery,2,False,Delivered,6
ORD-00281,2020-05-05,CUST57517,Pooja Joshi,36,Male,West,Ahmedabad,Groceries,Flour,2,306.74,0.09,558.2668,44.87,67.78,Credit Card,3,False,Delivered,4
ORD-02459,2022-12-02,CUST97641,Ananya Reddy,33,Male,South,Hyderabad,Clothing,T-Shirt,4,1231.26,0.07,4580.2872,1397.23,42.37,Debit Card,3,False,Delivered,9
ORD-00511,2020-08-14,CUST50410,Nikhil Verma,44,Male,North,Delhi,Furniture,Wardrobe,0,6721.75,0.19,0.0,1506.36,22.19,Credit Card,5,False,Shipped,9
ORD-02650,2023-02-21,CUST24055,Ananya Mehta,47,Female,East,Bhubaneswar,Clothing,Saree,6,3972.74,0.19,19307.5164,9997.37,46.75,Debit Card,2,False,Delivered,1
ORD-01593,2021-12-12,CUST14125,Sunita Singh,37,Female,North,Amritsar,Groceries,Sugar,5,225.72,0.01,1117.3139999999999,110.9,57.3,Cash On Delivery,2,True,Returned,7
ORD-02606,2023-02-05,CUST20519,Aarav Rao,48,Other,South,Kochi,Clothing,T-Shirt,9,1032.03,0.33,6223.140899999999,1554.99,79.74,Upi,4,True,Returned,7
ORD-01515,2021-11-13,CUST36636,Arjun Kumar,34,Other,East,Bhubaneswar,Sports,Cycle,10,8236.27,0.04,79068.19200000001,10958.97,69.62,Debit Card,3,True,Returned,7
ORD-00688,2020-11-08,CUST98974,Shreya Reddy,22,Female,North,Ludhiana,Furniture,Desk,6,21919.09,0.17,109157.0682,19787.94,53.3,Debit Card,5,False,Delivered,9
ORD-00336,2020-05-25,CUST51371,Sanjay Shah,27,Female,Central,Nagpur,Furniture,Desk,5,6765.44,0.33,22664.223999999995,6138.52,54.05,Upi,2,False,Cancelled,6
ORD-02363,2022-10-18,CUST91997,Karan Bose,38,Male,West,Surat,Electronics,Laptop,5,5729.21,0.26,21198.076999999997,2258.77,47.72,Net Banking,4,False,Cancelled,8
ORD-02028,2022-06-13,CUST57353,Meera Singh,28,Male,Central,Bhopal,Groceries,Tea,1,431.51,0.26,319.31739999999996,23.26,56.68,Upi,3,False,Delivered,5
ORD-00783,2020-12-21,CUST34065,Nikhil Nair,42,Other,West,Pune,Furniture,Desk,8,14923.8,0.19,96706.224,25405.51,42.54,Credit Card,2,False,Delivered,4
ORD-04016,2024-10-02,CUST07018,Sanjay Kumar,39,Male,Central,Bhopal,Electronics,Tablet,2,24384.77,0.4,29261.724,4904.58,40.95,Credit Card,3,False,Delivered,9
ORD-00061,2020-01-22,CUST42186,Priya Mehta,10,Female,West,Mumbai,Sports,Football,9,6264.59,0.37,35520.2253,6986.91,56.65,Net Banking,2,True,Returned,4
ORD-00622,2020-10-05,CUST27267,Kavya Pillai,27,Male,North,Delhi,Beauty,Shampoo,2,662.8,0.3,927.9199999999998,508.29,51.48,Credit Card,2,False,Delivered,10
ORD-03579,2024-04-04,CUST20050,Rohan Sharma,31,Male,North,Amritsar,Electronics,Laptop,3,40441.12,0.06,114043.9584,15922.46,37.81,Credit Card,3,False,Shipped,3
ORD-03323,2023-12-09,CUST01601,Sanjay Singh,43,Other,North,Amritsar,Books,Biography,6,816.54,0.12,4311.3312,1793.27,39.88,Net Banking,2,False,Pending,7
ORD-01158,2021-06-04,CUST43022,Ananya Mishra,41,Other,South,Chennai,Clothing,Kurta,2,838.89,0.15,1426.1129999999998,829.82,52.06,Cash On Delivery,4,True,Returned,2
ORD-02141,2022-07-28,CUST81398,Ananya Reddy,53,Female,North,Delhi,Books,Comic Book,10,772.14,0.4,4632.839999999999,2969.03,72.12,Cash On Delivery,2,False,Cancelled,4
ORD-00835,2021-01-17,CUST51769,Amit Das,23,Male,East,Bhubaneswar,Groceries,Rice (5Kg),9,358.92,0.08,2971.8576000000003,122.29,84.03,Debit Card,4,False,Delivered,6
ORD-02580,2023-01-27,CUST20280,Priya Patel,46,Other,West,Surat,Beauty,Hair Oil,4,1660.82,0.21,5248.1912,2444.92,41.4,Debit Card,3,False,Delivered,7
ORD-02044,2022-06-18,CUST01603,Kavya Verma,30,Female,South,Chennai,Furniture,Desk,8,25000.7,0.06,188005.264,76789.22,67.03,Debit Card,4,False,Delivered,1
ORD-00846,2021-01-21,CUST86953,Karan Kumar,31,Other,Central,Nagpur,Beauty,Face Cream,2,2449.97,0.36,3135.9615999999996,882.12,63.24,Upi,5,False,Delivered,5
ORD-03118,2023-09-09,CUST99970,Meera Kumar,32,Female,North,Amritsar,Sports,Cycle,4,4072.52,0.37,10262.7504,2649.18,60.13,Net Banking,3,False,Delivered,4
ORD-02624,2023-02-12,CUST85938,Aarav Reddy,28,Female,East,Guwahati,Electronics,Headphones,1,34782.2,0.31,23999.717999999997,2943.23,73.54,Upi,5,False,Delivered,4
ORD-02622,2023-02-11,CUST47032,Deepa Rao,34,Male,Central,Indore,Clothing,Jeans,9,1137.56,0.16,8599.953599999999,1704.37,70.39,Cash On Delivery,1,False,Delivered,3
ORD-03351,2023-12-20,CUST68480,Rahul Pillai,37,Male,North,Delhi,Clothing,Saree,6,3307.09,0.32,13492.9272,4025.44,56.56,Net Banking,3,False,Delivered,1
ORD-02784,2023-04-20,CUST25444,Priya Mehta,52,Male,Central,Bhopal,Beauty,Perfume,8,2413.19,0.25,14479.14,6413.01,55.59,Emi,3,False,Delivered,10
ORD-00950,2021-03-07,CUST77157,Vikram Shah,25,Female,East,Bhubaneswar,Clothing,Jeans,1,2017.09,0.05,1916.2354999999998,823.03,84.95,Credit Card,2,False,Pending,1
ORD-01762,2022-02-19,CUST02740,Kavya Gupta,41,Female,West,Ahmedabad,Electronics,Smartphone,9,9157.81,0.33,55221.59429999999,7761.83,67.23,Emi,3,False,Delivered,3
ORD-02328,2022-10-08,CUST09166,Ananya Mishra,21,Male,West,Pune,Groceries,Dal (1Kg),5,142.7,0.29,506.585,25.3,26.87,Emi,5,False,Delivered,8
ORD-03712,2024-06-05,CUST26187,Arjun Nair,28,Female,South,Hyderabad,Electronics,Headphones,4,12995.6,0.3,36387.68,5983.03,50.54,Upi,3,True,Returned,6
ORD-00338,2020-05-26,CUST54853,Deepa Mehta,12,Male,Central,Indore,Groceries,Cooking Oil,4,446.87,0.37,1126.1124,134.17,55.36,Net Banking,1,True,Returned,1
ORD-02276,2022-09-16,CUST27939,Aarav Pillai,37,Female,North,Delhi,Sports,Yoga Mat,4,590.58,0.26,1748.1168,376.29,74.83,Cash On Delivery,1,False,Pending,5
ORD-03771,2024-06-29,CUST79702,Priya Sharma,38,Female,South,Hyderabad,Clothing,Jacket,6,3840.34,0.23,17742.3708,12918.61,69.58,Cash On Delivery,3,False,Pending,1
ORD-02057,2022-06-25,CUST88172,Pooja Sharma,44,Female,East,Bhubaneswar,Furniture,Bed Frame,4,34052.07,0.07,126673.70039999999,69009.61,65.24,Upi,2,False,Pending,2
ORD-01110,2021-05-15,CUST00210,Pooja Patel,29,Female,North,Delhi,Electronics,Smartphone,6,48230.85,0.35,188100.315,22881.08,68.73,Debit Card,1,False,Shipped,9
ORD-04156,2024-12-09,CUST37501,Rohan Bose,40,Other,Central,Raipur,Electronics,Tablet,4,23593.16,0.39,57567.310399999995,6623.39,41.37,Net Banking,4,False,Delivered,9
ORD-00294,2020-05-09,CUST22246,Ananya Kumar,23,Female,East,Kolkata,Books,Textbook,9,1441.87,0.09,11808.915299999999,6061.53,61.52,Debit Card,4,False,Shipped,1
ORD-02117,2022-07-20,CUST85337,Ananya Bose,50,Female,North,Delhi,Clothing,Jeans,0,3757.22,0.03,0.0,1762.91,46.04,Cash On Delivery,3,False,Delivered,3
ORD-02206,2022-08-19,CUST90477,Amit Nair,41,Male,East,Bhubaneswar,Books,Fiction Novel,2,766.12,0.0,1532.24,403.99,94.88,Cash On Delivery,2,False,Delivered,7
ORD-03169,2023-10-04,CUST57585,Karan Kapoor,36,Male,West,Pune,Sports,Tennis Racket,7,11959.3,0.06,78692.19399999999,18319.5,55.16,Cash On Delivery,1,False,Shipped,1
ORD-03414,2024-01-18,CUST92259,Pooja Verma,28,Female,East,Guwahati,Beauty,Shampoo,10,103.75,0.26,767.75,473.48,78.5,Credit Card,1,False,Cancelled,7
ORD-03194,2023-10-14,CUST46133,Sunita Patel,35,Female,Central,Nagpur,Groceries,Rice (5Kg),1,466.8,0.37,294.084,17.47,67.52,Emi,4,False,Delivered,7
ORD-03229,2023-10-28,CUST44015,Nisha Shah,1,Other,North,Amritsar,Sports,Cricket Bat,4,10506.22,0.26,31098.4112,4266.19,51.99,Credit Card,1,True,Returned,10
ORD-02594,2023-02-01,CUST20482,Karan Das,35,Female,Central,Nagpur,Sports,Cricket Bat,10,856.51,0.39,5224.711,1385.75,57.74,Net Banking,3,False,Delivered,4
ORD-02682,2023-03-08,CUST50033,Ritu Joshi,51,Other,South,Bangalore,Clothing,Dress,8,3911.66,0.3,21905.296,11329.49,76.96,Debit Card,3,False,Cancelled,3
ORD-00471,2020-07-26,CUST70383,Vikram Bose,46,Female,North,Delhi,Electronics,Smartphone,7,64119.9,0.37,282768.759,27779.3,23.56,Credit Card,4,False,Shipped,3
ORD-00558,2020-09-05,CUST39230,Amit Gupta,33,Female,Central,Bhopal,Electronics,Smartphone,4,61889.58,0.28,178241.9904,30756.01,79.61,Emi,2,False,Delivered,5
ORD-02039,2022-06-17,CUST14314,Karan Singh,38,Other,East,Patna,Sports,Yoga Mat,6,14693.99,0.23,67886.2338,22834.62,68.94,Debit Card,2,False,Delivered,4
ORD-03796,2024-07-07,CUST82853,Sanjay Chatterjee,18,Other,Central,Raipur,Clothing,Dress,10,1784.51,0.18,14632.982,11474.7,69.08,Cash On Delivery,4,False,Delivered,8
ORD-02342,2022-10-11,CUST03284,Pooja Bhat,31,Male,East,Kolkata,Electronics,Headphones,9,58781.51,0.2,423226.872,43776.4,94.29,Emi,4,False,Delivered,2
ORD-02821,2023-05-10,CUST76939,Ananya Bose,56,Other,North,Delhi,Electronics,Smartphone,8,29764.18,0.21,188109.6176,24851.54,45.84,Cash On Delivery,2,False,Delivered,2
ORD-01439,2021-10-10,CUST93212,Priya Mishra,37,Male,Central,Nagpur,Sports,Dumbbells,3,13108.91,0.14,33820.987799999995,8326.51,55.08,Credit Card,1,False,Delivered,10
ORD-01263,2021-07-24,CUST75667,Pooja Pillai,63,Male,West,Mumbai,Sports,Cricket Bat,10,5417.12,0.21,42795.248,15661.22,56.55,Upi,1,False,Cancelled,5
ORD-03237,2023-10-31,CUST62193,Ananya Rao,48,Other,East,Kolkata,Beauty,Perfume,3,434.81,0.39,795.7023,365.96,77.89,Debit Card,2,False,Delivered,5
ORD-01023,2021-04-07,CUST74961,Kavya Iyer,28,Female,East,Patna,Beauty,Hair Oil,4,1885.47,0.39,4600.5468,2097.44,72.41,Cash On Delivery,4,False,Delivered,10
ORD-00121,2020-02-16,CUST87494,Deepa Verma,62,Male,South,Hyderabad,Beauty,Shampoo,4,965.04,0.32,2624.9087999999997,1209.88,58.85,Emi,1,True,Returned,6
ORD-00906,2021-02-09,CUST56644,Sanjay Iyer,50,Other,North,Delhi,Electronics,Headphones,7,10081.67,0.03,68454.5393,4993.59,16.94,Credit Card,5,False,Delivered,7
ORD-03769,2024-06-28,CUST52834,Priya Shah,43,Other,West,Mumbai,Furniture,Bed Frame,3,20889.94,0.28,45122.270399999994,15914.76,86.28,Upi,5,False,Delivered,2
ORD-01307,2021-08-11,CUST83913,Rohan Rao,28,Male,North,Delhi,Books,Comic Book,4,268.0,0.31,739.68,397.26,58.22,Upi,4,False,Cancelled,4
ORD-01389,2021-09-19,CUST70094,Deepa Joshi,29,Other,East,Guwahati,Sports,Dumbbells,5,5472.78,0.09,24901.148999999998,5839.8,85.38,Net Banking,3,False,Shipped,7
ORD-03819,2024-07-19,CUST71900,Amit Kapoor,48,Male,East,Kolkata,Furniture,Chair,3,10939.89,0.37,20676.392099999997,7992.14,99.95,Cash On Delivery,1,False,Delivered,9
ORD-01335,2021-08-23,CUST27800,Meera Shah,38,Other,Central,Indore,Furniture,Sofa,8,27002.71,0.1,194419.512,75880.4,107.71,Upi,1,False,Delivered,3
ORD-02559,2023-01-14,CUST02955,Aarav Sharma,46,F,East,Patna,Beauty,Hair Oil,1,1511.99,0.39,922.3139,402.56,88.69,Upi,1,False,Cancelled,7
ORD-02228,2022-08-29,CUST45867,Pooja Gupta,53,Other,Central,Raipur,Furniture,Bed Frame,5,16148.89,0.31,55713.67049999999,17083.16,56.19,Cash On Delivery,5,False,Delivered,1
ORD-01936,2022-05-05,CUST63093,Nikhil Gupta,35,Other,West,Mumbai,Electronics,Laptop,4,35805.64,0.22,111713.5968,16761.62,64.56,Net Banking,2,False,Cancelled,9
ORD-03882,2024-08-09,CUST84457,Sanjay Singh,30,Female,Central,Raipur,Electronics,Camera,1,8508.27,0.12,7487.2776,1416.52,82.74,Upi,3,False,Pending,1
ORD-03893,2024-08-12,CUST06918,Amit Nair,33,Female,West,Mumbai,Groceries,Sugar,9,346.57,0.0,3119.13,352.44,77.75,Credit Card,4,False,Delivered,6
ORD-01094,2021-05-08,CUST74740,Karan Chatterjee,43,Other,West,Surat,Electronics,Smartwatch,10,65812.2,0.14,565984.92,101212.3,48.25,Net Banking,4,False,Delivered,8
ORD-03856,2024-08-02,CUST67383,Arjun Singh,30,F,Central,Bhopal,Clothing,Jeans,10,978.2,0.29,6945.219999999999,4868.18,34.04,Debit Card,3,False,Delivered,1
ORD-01560,2021-11-30,CUST99753,Sunita Singh,58,Female,West,Pune,Sports,Football,10,12971.47,0.35,84314.55500000001,15914.47,51.11,Credit Card,3,False,Delivered,7
ORD-03232,2023-10-29,CUST26327,Arjun Mishra,10,F,North,Chandigarh,Electronics,Tablet,5,29580.52,0.4,88741.56,15663.51,86.48,Cash On Delivery,4,False,Delivered,2
ORD-03877,2024-08-08,CUST87297,Sanjay Rao,44,Other,Central,Indore,Electronics,Smartwatch,3,21470.45,0.02,63123.12300000001,5457.16,77.05,Credit Card,5,False,Delivered,9
ORD-00816,2021-01-09,CUST98871,Aarav Rao,48,Female,East,Guwahati,Clothing,Jeans,4,1333.04,0.15,4532.335999999999,1576.0,89.29,Net Banking,5,False,Delivered,9
ORD-00864,2021-01-30,CUST83666,Priya Bhat,42,Female,West,Surat,Furniture,Wardrobe,2,7904.49,0.29,11224.3758,2246.83,58.23,Credit Card,3,False,Delivered,3
ORD-01083,2021-05-04,CUST10450,Sunita Iyer,21,Male,North,Amritsar,Groceries,Sugar,6,195.0,0.01,1158.3,163.31,46.08,Net Banking,2,False,Cancelled,7
ORD-01209,2021-06-29,CUST12905,Rahul Shah,36,Other,West,Surat,Electronics,Smartwatch,6,35685.36,0.3,149878.512,21541.19,65.92,Emi,4,False,Delivered,2
ORD-01290,2021-08-04,CUST20750,Rohan Joshi,34,Male,Central,Bhopal,Groceries,Cooking Oil,9,271.01,0.02,2390.3082,289.77,60.94,Upi,3,False,Delivered,5
ORD-01858,2022-04-01,CUST00213,Arjun Verma,34,Male,South,Chennai,Beauty,Hair Oil,4,1182.99,0.03,4590.0012,3103.03,94.88,Debit Card,2,False,Pending,1
ORD-00096,2020-02-07,CUST66932,Shreya Reddy,38,Other,North,Amritsar,Sports,Dumbbells,3,2728.31,0.24,6220.5468,802.54,36.26,Credit Card,1,True,Returned,10
ORD-02429,2022-11-16,CUST34276,Sanjay Verma,35,Female,North,Amritsar,Furniture,Desk,4,9446.44,0.3,26450.032,5513.68,58.8,Debit Card,5,False,Cancelled,9
ORD-00605,2020-09-26,CUST07202,Amit Shah,39,Other,South,Hyderabad,Beauty,Shampoo,7,387.9,0.09,2470.923,1269.63,57.88,Emi,1,False,Pending,3
ORD-03112,2023-09-05,CUST75819,Aarav Gupta,48,Other,South,Hyderabad,Clothing,Dress,8,771.59,0.37,3888.8136000000004,1547.0,66.22,Net Banking,5,False,Delivered,2
ORD-02115,2022-07-19,CUST34821,Sunita Mehta,58,Female,East,Kolkata,Furniture,Wardrobe,8,6806.19,0.1,49004.568,26754.18,63.82,Net Banking,5,False,Delivered,1
ORD-00551,2020-09-01,CUST09601,Sunita Gupta,21,Other,East,Guwahati,Groceries,Flour,4,119.74,0.0,478.96,24.64,108.57,Emi,3,False,Delivered,6
ORD-03220,2023-10-24,CUST05571,Vikram Mehta,44,Other,West,Ahmedabad,Books,Fiction Novel,6,1199.21,0.09,6547.6866,3776.83,61.99,Emi,5,False,Shipped,3
ORD-02300,2022-09-24,CUST99451,Nikhil Joshi,30,Other,North,Amritsar,Books,Fiction Novel,0,1447.1,0.07,0.0,589.91,58.15,Cash On Delivery,3,False,Delivered,2
ORD-00476,2020-07-29,CUST99185,Rahul Das,46,Female,West,Surat,Clothing,T-Shirt,7,359.64,0.12,2215.3824,1271.43,58.05,Debit Card,3,False,Delivered,3
ORD-01500,2021-11-03,CUST23783,Meera Nair,34,Female,Central,Bhopal,Books,Comic Book,7,1014.7,0.07,6605.697,1716.12,31.99,Debit Card,2,False,Delivered,8
ORD-00213,2020-04-02,CUST16925,Rohan Sharma,33,Male,Central,Nagpur,Beauty,Lipstick,3,538.36,0.03,1566.6275999999998,978.3,42.0,Upi,1,False,Delivered,10
ORD-03513,2024-03-08,CUST75619,Rahul Joshi,45,Other,East,Guwahati,Electronics,Smartwatch,7,70949.08,0.21,392348.41240000003,58300.98,79.98,Cash On Delivery,4,False,Shipped,4
ORD-04144,2024-12-05,CUST34339,Rahul Shah,46,Other,West,Pune,Groceries,Dal (1Kg),3,461.92,0.09,1261.0416,111.05,92.19,Net Banking,3,False,Cancelled,1
ORD-01589,2021-12-10,CUST24981,Rohan Mehta,29,Female,East,Patna,Sports,Dumbbells,8,14455.23,0.07,107546.91119999999,14095.31,69.38,Credit Card,1,False,Delivered,1
ORD-02025,2022-06-11,CUST09860,Vikram Mehta,39,Female,West,Pune,Books,Fiction Novel,7,1326.05,0.17,7704.3505,5604.53,48.98,Net Banking,3,True,Returned,6
ORD-02379,2022-10-27,CUST74898,Sanjay Bose,34,Other,South,Kochi,Electronics,Laptop,6,35566.78,0.17,177122.56439999997,27899.28,65.72,Cash On Delivery,5,False,Pending,3
ORD-02481,2022-12-12,CUST18007,Arjun Patel,30,Other,West,Mumbai,Groceries,Tea,10,93.18,0.11,829.302,61.36,39.09,Net Banking,1,False,Delivered,8
ORD-00277,2020-05-03,CUST65185,Nisha Reddy,59,Other,South,Chennai,Groceries,Dal (1Kg),10,217.3,0.05,2064.35,142.65,53.01,Debit Card,5,False,Delivered,7
ORD-00506,2020-08-12,CUST53218,Vikram Gupta,23,Other,North,Chandigarh,Electronics,Headphones,8,61264.42,0.05,465609.59199999995,82726.06,50.65,Credit Card,2,True,Returned,7
ORD-01336,2021-08-23,CUST25698,Pooja Patel,20,Female,West,Pune,Beauty,Face Cream,10,547.0,0.32,3719.5999999999995,2513.67,65.08,Cash On Delivery,2,False,Cancelled,7
ORD-02340,2022-10-10,CUST46573,Sunita Mishra,43,Male,East,Kolkata,Books,Comic Book,1,269.23,0.35,174.9995,51.64,77.26,Debit Card,2,False,Delivered,8
ORD-00902,2021-02-09,CUST55154,Priya Verma,56,Male,North,Chandigarh,Electronics,Tablet,1,39881.71,0.04,38286.4416,2984.54,21.56,Net Banking,3,False,Delivered,1
ORD-00449,2020-07-16,CUST70202,Aditya Gupta,41,Male,Central,Nagpur,Clothing,Dress,8,1227.51,0.31,6775.855199999999,2117.53,55.16,Credit Card,5,False,Delivered,2
ORD-01410,2021-09-27,CUST74811,Aditya Rao,32,Other,East,Patna,Beauty,Face Cream,7,1026.47,0.07,6682.319699999999,2747.24,58.92,Cash On Delivery,1,True,Returned,9
ORD-02535,2023-01-05,CUST40704,Karan Singh,36,Female,North,Delhi,Furniture,Wardrobe,1,10813.51,0.12,9515.8888,1573.05,58.09,Upi,1,True,Returned,1
ORD-03597,2024-04-13,CUST83582,Aditya Shah,32,Other,West,Ahmedabad,Sports,Cricket Bat,2,10269.18,0.09,18689.907600000002,5686.61,76.3,Cash On Delivery,3,False,Delivered,10
ORD-00990,2021-03-28,CUST08092,Meera Bose,34,Other,Central,Raipur,Books,Comic Book,9,742.78,0.0,6685.0199999999995,3038.08,76.92,Debit Card,4,False,Delivered,8
ORD-00304,2020-05-12,CUST28932,Arjun Kumar,41,Male,Central,Bhopal,Books,Fiction Novel,7,513.52,0.38,2228.6767999999997,1015.8,35.5,Net Banking,2,False,Delivered,10
ORD-03560,2024-03-27,CUST76119,Kavya Mehta,14,Female,East,Kolkata,Groceries,Tea,7,422.63,0.39,1804.6300999999999,251.22,58.49,Upi,1,False,Delivered,3
ORD-04148,2024-12-07,CUST97586,Ananya Mishra,33,Female,North,Ludhiana,Clothing,T-Shirt,5,614.15,0.17,2548.7225,981.99,65.63,Upi,1,True,Returned,8
ORD-00824,2021-01-12,CUST93771,Ananya Mishra,25,Female,East,Bhubaneswar,Electronics,Smartwatch,10,62379.19,0.06,586364.3859999999,44865.32,83.61,Debit Card,3,False,Delivered,4
ORD-02989,2023-07-18,CUST00835,Kavya Patel,38,Other,North,Ludhiana,Electronics,Camera,2,77260.63,0.28,111255.3072,27038.61,72.59,Upi,4,False,Delivered,4
ORD-01997,2022-06-01,CUST56393,Sunita Rao,32,Male,North,Chandigarh,Groceries,Dal (1Kg),9,493.26,0.08,4084.1928000000003,506.13,45.11,Upi,3,False,Cancelled,9
ORD-02116,2022-07-20,CUST15879,Amit Pillai,26,Female,South,Kochi,Clothing,T-Shirt,6,711.19,0.24,3243.0264,2124.71,82.5,Net Banking,3,False,Delivered,3
ORD-02068,2022-07-02,CUST60687,Rahul Joshi,40,Female,West,Surat,Furniture,Sofa,9,33837.01,0.22,237535.81020000004,116653.75,42.65,Net Banking,1,False,Delivered,4
ORD-01902,2022-04-20,CUST14081,Nikhil Reddy,26,Other,Central,Bhopal,Electronics,Laptop,5,8793.32,0.25,32974.95,6647.66,30.21,Upi,1,False,Delivered,10
ORD-03333,2023-12-12,CUST27128,Karan Verma,36,Other,East,Patna,Groceries,Tea,8,244.23,0.21,1543.5336,127.92,76.52,Debit Card,3,False,Delivered,6
ORD-01155,2021-06-03,CUST00350,Deepa Iyer,32,Other,East,Kolkata,Electronics,Tablet,1,29383.37,0.06,27620.367799999996,3473.46,76.02,Cash On Delivery,3,True,Returned,2
ORD-01434,2021-10-08,CUST32355,Priya Verma,31,Male,South,Chennai,Clothing,T-Shirt,9,2943.22,0.02,25959.200399999998,7881.59,58.83,Emi,5,False,Shipped,5
ORD-03473,2024-02-16,CUST92267,Aarav Sharma,49,Female,East,Bhubaneswar,Sports,Cycle,10,5314.23,0.11,47296.647,10849.9,99.0,Upi,3,False,Delivered,4
ORD-01474,2021-10-25,CUST18611,Sunita Shah,27,Male,East,Guwahati,Electronics,Smartphone,6,6119.98,0.29,26071.114799999996,3137.93,74.62,Debit Card,1,True,Returned,5
ORD-03012,2023-07-28,CUST28387,Aditya Bose,42,Male,East,Patna,Electronics,Headphones,3,73866.57,0.26,163983.78540000002,33151.92,88.4,Cash On Delivery,4,False,Delivered,5
ORD-02980,2023-07-15,CUST27360,Pooja Mishra,58,Other,West,Pune,Groceries,Sugar,6,290.29,0.28,1254.0528000000002,197.15,73.31,Cash On Delivery,3,False,Delivered,8
ORD-00151,2020-03-02,CUST17244,Pooja Verma,36,Male,Central,Raipur,Furniture,Chair,3,5678.86,0.33,11414.508599999997,3430.87,66.63,Debit Card,5,False,Delivered,6
ORD-04118,2024-11-26,CUST48264,Aarav Chatterjee,56,Other,North,Amritsar,Clothing,Saree,9,2252.16,0.09,18445.1904,4417.35,42.65,Net Banking,5,False,Shipped,5
ORD-01697,2022-01-28,CUST17647,Nikhil Joshi,30,Male,North,Amritsar,Clothing,Kurta,8,670.37,0.4,3217.776,886.76,85.42,Cash On Delivery,1,True,Returned,7
ORD-01122,2021-05-22,CUST22847,Arjun Sharma,45,Male,East,Guwahati,Groceries,Rice (5Kg),7,261.15,0.3,1279.6349999999998,126.72,75.32,Upi,3,False,Delivered,3
ORD-04123,2024-11-28,CUST56868,Ananya Pillai,17,Other,East,Patna,Books,Comic Book,9,1408.86,0.16,10650.9816,3795.39,79.06,Emi,4,False,Delivered,2
ORD-04075,2024-11-01,CUST56692,Vikram Chatterjee,14,Male,Central,Raipur,Groceries,Rice (5Kg),8,109.34,0.02,857.2256,59.29,46.15,Upi,4,False,Delivered,3
ORD-01131,2021-05-25,CUST55050,Nikhil Pillai,31,Female,North,Chandigarh,Groceries,Rice (5Kg),0,356.64,0.39,0.0,17.29,74.52,Net Banking,3,False,Delivered,5
ORD-02798,2023-04-28,CUST05716,Arjun Nair,35,Male,North,Amritsar,Electronics,Tablet,4,22399.3,0.34,59134.15199999999,10309.74,54.13,Emi,4,False,Cancelled,8
ORD-02804,2023-04-30,CUST37928,Arjun Chatterjee,24,Female,North,Delhi,Books,Textbook,8,1123.69,0.12,7910.7776,3534.73,78.68,Emi,3,False,Delivered,2
ORD-01049,2021-04-20,CUST90241,Sanjay Bhat,54,Other,North,Ludhiana,Beauty,Shampoo,5,2321.44,0.34,7660.7519999999995,3661.06,74.83,Cash On Delivery,4,False,Delivered,8
ORD-00812,2021-01-07,CUST90877,Sanjay Kumar,37,Female,South,Chennai,Electronics,Smartwatch,10,60534.21,0.01,599288.679,79842.6,52.0,Debit Card,4,False,Delivered,2
ORD-02710,2023-03-22,CUST02291,Sanjay Mehta,34,Male,East,Guwahati,Electronics,Smartwatch,2,10193.98,0.38,12640.5352,1174.9,86.74,Emi,4,False,Pending,5
ORD-03911,2024-08-16,CUST56239,Arjun Bose,51,Male,North,Amritsar,Sports,Dumbbells,10,786.71,0.03,7631.087,1750.05,48.55,Net Banking,1,False,Delivered,8
ORD-01558,2021-11-29,CUST50687,Rahul Nair,21,Female,East,Patna,Books,Fiction Novel,10,722.86,0.15,6144.31,2442.73,55.76,Upi,1,False,Delivered,4
ORD-01064,2021-04-27,CUST14319,Aarav Shah,27,Male,Central,Nagpur,Beauty,Lipstick,6,2416.31,0.13,12613.138200000001,7768.7,37.54,Cash On Delivery,4,False,Delivered,4
ORD-03155,2023-09-29,CUST59557,Meera Chatterjee,25,Other,South,Chennai,Clothing,Jacket,6,2996.07,0.39,10965.6162,6275.03,75.18,Cash On Delivery,2,False,Delivered,1
ORD-02304,2022-09-27,CUST81774,Meera Iyer,34,Male,East,Guwahati,Beauty,Hair Oil,8,1956.04,0.05,14865.903999999999,7683.48,90.07,Emi,1,False,Cancelled,4
ORD-02983,2023-07-15,CUST47590,Aarav Kumar,25,Male,East,Patna,Beauty,Shampoo,8,524.72,0.11,3736.0064,3302.07,74.59,Net Banking,3,False,Delivered,9
ORD-00893,2021-02-05,CUST82516,Aarav Kapoor,48,Other,South,Hyderabad,Groceries,Tea,4,405.74,0.06,1525.5824,140.36,111.98,Credit Card,5,False,Shipped,7
ORD-02922,2023-06-18,CUST45653,Aditya Reddy,27,Male,East,Kolkata,Furniture,Bed Frame,6,18974.28,0.32,77415.0624,7548.58,78.91,Net Banking,3,False,Delivered,6
ORD-01101,2021-05-11,CUST25632,Rohan Mehta,23,Other,East,Bhubaneswar,Beauty,Perfume,4,2455.13,0.04,9427.699200000001,5429.24,86.94,Emi,5,False,Delivered,2
ORD-02437,2022-11-22,CUST57020,Rahul Bhat,35,Other,East,Guwahati,Furniture,Bed Frame,10,5117.29,0.35,33262.385,8052.09,61.97,Upi,3,False,Delivered,8
ORD-02985,2023-07-15,CUST52758,Meera Pillai,42,Male,East,Guwahati,Sports,Tennis Racket,3,13447.87,0.03,39133.301699999996,14051.98,89.88,Credit Card,1,True,Returned,1
ORD-01316,2021-08-15,CUST62751,Vikram Mishra,27,Female,East,Kolkata,Sports,Tennis Racket,2,11208.34,0.0,22416.68,5448.35,65.42,Emi,3,False,Delivered,10
ORD-01649,2022-01-05,CUST44360,Vikram Iyer,28,Other,North,Amritsar,Furniture,Bed Frame,10,9788.59,0.18,80266.438,15796.43,48.09,Net Banking,1,True,Returned,7
ORD-00796,2020-12-28,CUST33825,Aarav Reddy,44,Other,West,Pune,Clothing,T-Shirt,8,1635.94,0.17,10862.641599999999,1973.68,58.56,Emi,4,False,Delivered,7
ORD-00074,2020-01-28,CUST91087,Meera Shah,40,Female,East,Patna,Furniture,Chair,8,33648.87,0.27,196509.4008,58848.22,90.58,Net Banking,4,True,Returned,9
ORD-00461,2020-07-21,CUST87839,Priya Kumar,36,Other,North,Ludhiana,Sports,Yoga Mat,6,11043.66,0.36,42407.65439999999,10394.78,45.19,Upi,1,False,Delivered,3
ORD-00487,2020-08-03,CUST82166,Shreya Gupta,36,Female,North,Amritsar,Clothing,Jeans,1,2218.42,0.01,2196.2358,885.38,25.22,Net Banking,2,False,Delivered,6
ORD-02139,2022-07-28,CUST46079,Ananya Chatterjee,40,Other,North,Delhi,Beauty,Hair Oil,8,1990.6,0.37,10032.624,5997.36,71.99,Upi,2,False,Delivered,9
ORD-01230,2021-07-08,CUST23256,Vikram Shah,13,Male,South,Kochi,Groceries,Rice (5Kg),2,347.75,0.37,438.165,48.84,91.05,Upi,4,False,Cancelled,7
ORD-00493,2020-08-04,CUST79400,Meera Shah,52,Other,West,Mumbai,Furniture,Wardrobe,3,14320.7,0.28,30932.712000000003,8980.94,51.39,Debit Card,1,False,Delivered,3
ORD-03694,2024-05-23,CUST98806,Nisha Reddy,25,Other,East,Kolkata,Furniture,Bed Frame,0,30173.9,0.19,0.0,9793.25,81.77,Net Banking,1,True,Returned,4
ORD-02105,2022-07-16,CUST23451,Rahul Reddy,28,Other,West,Mumbai,Books,Comic Book,10,1326.18,0.2,10609.440000000002,5803.82,73.42,Cash On Delivery,3,False,Delivered,5
ORD-01266,2021-07-25,CUST72321,Arjun Iyer,13,Other,North,Ludhiana,Clothing,T-Shirt,5,1881.57,0.4,5644.71,1842.91,43.33,Upi,1,False,Delivered,2
ORD-03419,2024-01-22,CUST03566,Pooja Joshi,37,Other,South,Chennai,Sports,Cricket Bat,6,548.7,0.13,2864.2140000000004,795.42,59.32,Emi,3,False,Delivered,2
ORD-00098,2020-02-07,CUST47981,Arjun Kumar,45,Female,Central,Raipur,Furniture,Chair,4,14589.56,0.0,58358.24,18143.47,60.59,Cash On Delivery,5,False,Delivered,6
ORD-03274,2023-11-16,CUST59021,Nisha Iyer,34,Other,East,Bhubaneswar,Electronics,Smartwatch,10,61623.34,0.1,554610.0599999999,41031.36,69.0,Upi,4,False,Delivered,5
ORD-02528,2023-01-02,CUST85727,Nisha Pillai,38,Female,South,Bangalore,Clothing,Jacket,9,2765.83,0.09,22652.1477,7174.59,83.41,Cash On Delivery,5,False,Cancelled,4
ORD-01773,2022-02-23,CUST06303,Arjun Shah,44,Female,North,Chandigarh,Furniture,Bed Frame,10,18135.2,0.08,166843.84,36601.82,42.09,Cash On Delivery,2,False,Shipped,7
ORD-01468,2021-10-23,CUST62484,Karan Gupta,24,Female,West,Pune,Groceries,Cooking Oil,9,63.47,0.15,485.5455,35.42,44.96,Credit Card,3,False,Delivered,8
ORD-01750,2022-02-16,CUST58944,Sunita Verma,12,Male,West,Mumbai,Furniture,Sofa,6,15789.89,0.27,69159.7182,13231.78,66.76,Credit Card,1,True,Returned,2
ORD-01479,2021-10-26,CUST30026,Vikram Gupta,28,Male,South,Kochi,Beauty,Face Cream,1,703.89,0.12,619.4232,209.92,68.12,Credit Card,1,True,Returned,4
ORD-01891,2022-04-15,CUST26370,Deepa Mishra,23,Other,West,Pune,Furniture,Desk,8,34992.04,0.11,249143.3248,82342.39,35.17,Emi,4,False,Pending,1
ORD-03141,2023-09-20,CUST51444,Rohan Kapoor,34,Female,Central,Indore,Sports,Cricket Bat,9,3722.56,0.09,30487.7664,8661.64,41.2,Upi,4,False,Cancelled,2
ORD-02345,2022-10-11,CUST71392,Kavya Shah,21,Male,South,Chennai,Books,Self-Help Book,4,1497.67,0.21,4732.6372,1329.44,68.06,Net Banking,5,False,Delivered,7
ORD-02951,2023-07-01,CUST74188,Aarav Singh,46,Male,West,Mumbai,Sports,Football,2,10865.46,0.25,16298.189999999999,6993.08,49.79,Cash On Delivery,1,True,Returned,7
ORD-00602,2020-09-26,CUST38438,Priya Das,50,Other,South,Bangalore,Groceries,Flour,9,60.08,0.36,346.06080000000003,13.3,67.3,Upi,4,False,Delivered,3
ORD-03943,2024-08-27,CUST79156,Ritu Bhat,26,Female,South,Hyderabad,Groceries,Rice (5Kg),5,228.28,0.29,810.394,93.76,62.68,Net Banking,4,False,Delivered,8
ORD-03222,2023-10-25,CUST90239,Pooja Patel,31,Female,East,Kolkata,Books,Comic Book,9,224.99,0.21,1599.6789,489.85,81.53,Emi,3,False,Shipped,1
ORD-00396,2020-06-20,CUST01484,Priya Reddy,51,Male,West,Surat,Books,Textbook,4,579.35,0.35,1506.3100000000002,1058.65,60.19,Emi,2,False,Shipped,7
ORD-00427,2020-07-08,CUST70997,Nisha Iyer,46,Male,South,Hyderabad,Sports,Cycle,8,14501.84,0.35,75409.568,25057.46,74.64,Debit Card,1,False,Delivered,5
ORD-00022,2020-01-09,CUST85754,Meera Bose,54,Male,South,Kochi,Groceries,Sugar,1,454.8,0.36,291.072,21.68,67.9,Cash On Delivery,2,False,Delivered,6
ORD-01039,2021-04-15,CUST90995,Aditya Joshi,33,Other,South,Kochi,Electronics,Smartphone,10,76400.64,0.21,603565.0560000001,80532.82,72.35,Credit Card,2,False,Pending,9
ORD-02301,2022-09-25,CUST94749,Aarav Patel,52,Other,South,Hyderabad,Beauty,Hair Oil,3,1334.72,0.14,3443.5775999999996,1517.77,68.86,Net Banking,1,False,Delivered,5
ORD-00845,2021-01-20,CUST66370,Sanjay Kumar,43,Other,South,Hyderabad,Sports,Tennis Racket,7,12247.06,0.07,79728.3606,11670.83,87.17,Credit Card,4,False,Pending,5
ORD-03358,2023-12-23,CUST82460,Nikhil Pillai,34,Other,East,Guwahati,Electronics,Smartwatch,9,17538.79,0.28,113651.3592,9279.29,93.75,Emi,1,False,Delivered,9
ORD-02894,2023-06-06,CUST87652,Nikhil Patel,25,Other,East,Bhubaneswar,Beauty,Shampoo,1,123.79,0.17,102.7457,67.47,49.95,Credit Card,3,False,Delivered,3
ORD-02603,2023-02-04,CUST47968,Vikram Pillai,27,Female,North,Amritsar,Beauty,Shampoo,5,1931.12,0.02,9462.487999999998,3362.6,79.88,Net Banking,1,False,Delivered,9
ORD-03418,2024-01-22,CUST18997,Arjun Verma,47,Other,South,Chennai,Groceries,Dal (1Kg),7,317.18,0.04,2131.4496,216.78,80.19,Cash On Delivery,4,False,Delivered,9
ORD-01670,2022-01-15,CUST23703,Aditya Kapoor,29,Female,North,Chandigarh,Clothing,Saree,2,2248.1,0.26,3327.1879999999996,1599.72,34.36,Cash On Delivery,4,True,Returned,5
ORD-03485,2024-02-23,CUST71463,Kavya Rao,7,Other,East,Bhubaneswar,Clothing,Jeans,2,3938.35,0.27,5749.991,2710.16,80.77,Credit Card,4,False,Delivered,2
ORD-03503,2024-03-03,CUST59996,Sunita Mehta,43,Female,Central,Nagpur,Clothing,Jacket,0,1168.05,0.04,0.0,611.4,51.85,Credit Card,3,True,Returned,8
ORD-01315,2021-08-14,CUST19293,Ananya Joshi,44,Other,South,Kochi,Furniture,Bed Frame,3,6100.73,0.35,11896.423499999999,4667.9,82.45,Cash On Delivery,5,False,Shipped,2
ORD-01847,2022-03-27,CUST23650,Sanjay Patel,43,M,South,Bangalore,Electronics,Headphones,6,36964.92,0.07,206264.25359999997,22543.08,71.02,Upi,3,False,Delivered,6
ORD-03089,2023-08-28,CUST94322,Shreya Kapoor,19,Other,East,Patna,Books,Textbook,7,1441.05,0.29,7162.0185,2820.94,86.34,Debit Card,3,True,Returned,10
ORD-00244,2020-04-17,CUST99038,Shreya Verma,40,Female,East,Kolkata,Groceries,Rice (5Kg),3,211.24,0.18,519.6504000000001,55.71,90.81,Credit Card,3,False,Delivered,10
ORD-04163,2024-12-11,CUST00013,Rahul Nair,29,Female,South,Hyderabad,Books,Self-Help Book,0,294.33,0.19,0.0,77.47,95.45,Net Banking,2,False,Delivered,2
ORD-00934,2021-02-25,CUST57153,Nikhil Mishra,33,Other,South,Chennai,Electronics,Camera,10,39470.47,0.03,382863.559,61665.08,68.19,Debit Card,1,True,Returned,9
ORD-02408,2022-11-06,CUST35312,Aarav Joshi,45,Male,South,Chennai,Books,Biography,6,922.08,0.39,3374.8128,1193.45,101.28,Upi,5,False,Delivered,9
ORD-02144,2022-07-30,CUST57185,Aditya Pillai,45,Other,West,Ahmedabad,Clothing,Jacket,3,1239.18,0.11,3308.6106,1338.61,61.11,Emi,1,False,Cancelled,10
ORD-01529,2021-11-18,CUST01982,Meera Rao,34,Male,Central,Bhopal,Clothing,Dress,6,574.04,0.07,3203.1431999999995,810.17,68.91,Credit Card,3,False,Delivered,5
ORD-01497,2021-11-02,CUST49401,Ritu Mehta,52,Other,West,Mumbai,Groceries,Sugar,3,398.14,0.25,895.815,46.49,38.92,Emi,1,True,Returned,10
ORD-02570,2023-01-24,CUST14169,Deepa Gupta,33,Male,Central,Indore,Books,Cook Book,6,1149.86,0.21,5450.3364,2215.79,26.1,Debit Card,4,True,Returned,8
ORD-01555,2021-11-28,CUST84373,Deepa Gupta,32,Male,East,Kolkata,Beauty,Hair Oil,8,1512.26,0.29,8589.6368,1712.58,87.62,Net Banking,3,False,Delivered,3
ORD-03023,2023-08-01,CUST97888,Deepa Gupta,16,Female,East,Kolkata,Sports,Cricket Bat,4,2506.3,0.16,8421.168,3383.09,80.27,Net Banking,3,False,Delivered,2
ORD-03224,2023-10-26,CUST38211,Ananya Pillai,37,Male,Central,Indore,Clothing,Saree,4,594.33,0.07,2210.9076,786.24,84.06,Upi,1,False,Delivered,8
ORD-03400,2024-01-13,CUST16290,Shreya Gupta,34,Female,West,Ahmedabad,Beauty,Shampoo,4,1042.68,0.12,3670.2336,1923.69,43.55,Net Banking,4,False,Delivered,4
ORD-03329,2023-12-11,CUST84812,Amit Singh,29,Male,North,Amritsar,Beauty,Hair Oil,7,1649.29,0.18,9466.9246,3544.75,37.21,Net Banking,2,False,Delivered,2
ORD-02360,2022-10-17,CUST30543,Meera Patel,35,Female,East,Bhubaneswar,Furniture,Wardrobe,7,26524.4,0.29,131826.268,31637.28,92.09,Credit Card,3,False,Shipped,4
ORD-01809,2022-03-11,CUST33015,Sunita Iyer,25,Other,South,Bangalore,Electronics,Headphones,9,15199.01,0.23,105329.1393,19098.67,60.16,Cash On Delivery,1,False,Delivered,6
ORD-02891,2023-06-05,CUST13778,Amit Pillai,41,Female,South,Hyderabad,Beauty,Sunscreen,2,1297.33,0.22,2023.8347999999999,1518.57,46.51,Debit Card,1,False,Delivered,9
ORD-02462,2022-12-03,CUST93409,Kavya Sharma,51,Female,South,Chennai,Clothing,Kurta,4,3481.94,0.35,9053.044,2804.01,71.75,Emi,3,False,Delivered,9
ORD-02507,2022-12-24,CUST89268,Amit Sharma,36,Other,Central,Indore,Sports,Dumbbells,9,5484.95,0.09,44921.7405,5646.17,31.22,Debit Card,3,False,Delivered,9
ORD-02388,2022-10-30,CUST96079,Kavya Bose,33,Male,West,Ahmedabad,Clothing,Kurta,8,3591.12,0.04,27579.8016,6348.6,50.27,Cash On Delivery,2,False,Cancelled,8
ORD-02554,2023-01-12,CUST72987,Sanjay Verma,32,Male,North,Ludhiana,Beauty,Lipstick,5,1481.3,0.31,5110.485,1360.74,44.59,Cash On Delivery,2,False,Pending,2
ORD-03926,2024-08-22,CUST32277,Priya Shah,14,Other,North,Ludhiana,Electronics,Tablet,7,56616.08,0.37,249676.9128,52669.59,72.56,Net Banking,1,False,Delivered,9
ORD-01761,2022-02-19,CUST42165,Vikram Joshi,60,Female,East,Kolkata,Clothing,Saree,1,944.02,0.18,774.0964,181.9,78.51,Credit Card,5,False,Delivered,3
ORD-03280,2023-11-17,CUST58917,Rohan Joshi,40,Other,East,Kolkata,Books,Cook Book,6,1395.75,0.22,6532.110000000001,2066.28,73.1,Debit Card,2,False,Delivered,7
ORD-01966,2022-05-18,CUST97427,Priya Bose,15,Female,North,Amritsar,Sports,Tennis Racket,1,2681.34,0.12,2359.5792,587.09,75.5,Upi,3,True,Returned,4
ORD-02949,2023-07-01,CUST29456,Priya Sharma,20,Other,East,Bhubaneswar,Groceries,Flour,3,108.19,0.4,194.742,18.29,82.45,Cash On Delivery,2,False,Cancelled,5
ORD-03143,2023-09-21,CUST43908,Nisha Iyer,31,Male,Central,Bhopal,Electronics,Laptop,3,56628.56,0.32,115522.26239999998,15624.65,47.88,Credit Card,1,False,Shipped,8
ORD-00445,2020-07-16,CUST52068,Deepa Reddy,48,Male,East,Guwahati,Electronics,Smartphone,10,19028.6,0.16,159840.24,15185.24,90.95,Upi,4,False,Delivered,7
ORD-02088,2022-07-09,CUST29896,Amit Verma,43,Other,West,Mumbai,Beauty,Sunscreen,6,2056.5,0.18,10117.980000000001,5400.15,38.67,Net Banking,5,False,Cancelled,5
ORD-01265,2021-07-25,CUST61301,Rohan Singh,43,Male,West,Pune,Furniture,Bed Frame,3,6493.94,0.18,15975.092400000001,5074.92,35.8,Net Banking,4,False,Shipped,8
ORD-02754,2023-04-06,CUST60353,Aarav Kumar,52,Female,East,Patna,Sports,Cycle,5,12633.19,0.18,51796.079000000005,19171.82,62.92,Cash On Delivery,2,True,Returned,8
ORD-02566,2023-01-17,CUST73248,Sunita Nair,18,Other,North,Amritsar,Clothing,Kurta,5,3294.49,0.36,10542.367999999999,4457.73,69.79,Cash On Delivery,3,False,Delivered,3
ORD-03930,2024-08-23,CUST89734,Aditya Kapoor,15,Female,Central,Nagpur,Electronics,Smartwatch,10,30417.77,0.12,267676.376,59491.68,54.0,Debit Card,3,False,Shipped,6
ORD-01077,2021-05-02,CUST86865,Amit Pillai,29,Female,West,Mumbai,Groceries,Rice (5Kg),2,413.27,0.22,644.7012,59.92,45.09,Upi,1,False,Delivered,8
ORD-02888,2023-06-04,CUST23652,Kavya Mehta,39,Male,West,Mumbai,Sports,Football,9,3434.17,0.08,28434.9276,10782.3,55.14,Upi,2,False,Delivered,5
ORD-03271,2023-11-14,CUST54392,Aarav Mishra,31,Male,Central,Raipur,Groceries,Dal (1Kg),6,470.13,0.34,1861.7147999999995,145.53,73.23,Debit Card,4,False,Delivered,2
ORD-01228,2021-07-07,CUST18110,Karan Rao,31,Female,East,Patna,Books,Self-Help Book,3,453.81,0.14,1170.8298,658.01,88.97,Cash On Delivery,2,False,Delivered,6
ORD-01152,2021-06-01,CUST51781,Karan Verma,50,Female,West,Ahmedabad,Books,Fiction Novel,10,736.78,0.05,6999.409999999999,3354.33,65.76,Credit Card,3,False,Delivered,9
ORD-03728,2024-06-13,CUST36060,Aditya Bose,48,Female,South,Bangalore,Beauty,Face Cream,3,1059.55,0.29,2256.8414999999995,1778.64,88.2,Credit Card,4,False,Shipped,6
ORD-04031,2024-10-16,CUST16901,Aarav Singh,36,Other,Central,Raipur,Sports,Cycle,4,10043.46,0.01,39772.101599999995,8765.23,45.62,Emi,4,False,Cancelled,2
ORD-03935,2024-08-25,CUST84410,Ananya Pillai,37,F,South,Kochi,Beauty,Sunscreen,3,1547.78,0.27,3389.6382,2149.21,79.74,Debit Card,4,False,Delivered,6
ORD-00418,2020-07-04,CUST85780,Rahul Pillai,28,Female,North,Ludhiana,Groceries,Flour,0,88.16,0.25,0.0,8.41,26.09,Cash On Delivery,1,False,Delivered,7
ORD-01243,2021-07-14,CUST88419,Amit Pillai,39,Female,North,Delhi,Sports,Cycle,9,8547.46,0.01,76157.86859999999,14504.29,50.6,Net Banking,3,False,Delivered,1
ORD-01867,2022-04-03,CUST11136,Meera Gupta,39,Other,East,Kolkata,Sports,Cricket Bat,4,1061.59,0.01,4203.8964,990.61,66.63,Credit Card,1,False,Delivered,7
ORD-03167,2023-10-03,CUST14358,Arjun Singh,45,Female,South,Bangalore,Groceries,Cooking Oil,2,487.25,0.31,672.405,59.76,64.43,Debit Card,1,False,Delivered,6
ORD-03664,2024-05-13,CUST92119,Amit Singh,39,Male,South,Kochi,Groceries,Cooking Oil,9,188.1,0.08,1557.4679999999998,192.79,67.95,Emi,2,True,Returned,9
ORD-03716,2024-06-08,CUST52321,Rohan Pillai,21,Other,South,Hyderabad,Beauty,Sunscreen,0,1069.36,0.29,0.0,639.85,62.49,Emi,2,False,Delivered,8
ORD-01279,2021-07-31,CUST14981,Nikhil Pillai,40,Other,West,Surat,Sports,Cricket Bat,0,1698.17,0.21,0.0,334.69,57.32,Emi,1,False,Delivered,7
ORD-03111,2023-09-05,CUST09406,Meera Nair,66,Other,South,Hyderabad,Sports,Cricket Bat,2,548.2,0.12,964.8320000000001,281.25,57.13,Net Banking,3,False,Delivered,9
ORD-00621,2020-10-05,CUST05543,Vikram Bose,32,Female,West,Ahmedabad,Electronics,Camera,6,25397.18,0.27,111239.6484,14030.93,71.52,Credit Card,4,False,Delivered,3
ORD-02552,2023-01-12,CUST30853,Ritu Singh,40,Female,North,Delhi,Beauty,Lipstick,10,544.06,0.02,5331.788,2369.17,69.04,Cash On Delivery,3,False,Shipped,6
ORD-02971,2023-07-09,CUST11958,Rahul Bose,41,Female,East,Guwahati,Clothing,Saree,2,1764.31,0.05,3352.189,1681.63,91.22,Emi,5,False,Delivered,7
ORD-02208,2022-08-21,CUST55072,Rohan Pillai,35,Other,West,Surat,Electronics,Laptop,7,5978.14,0.38,25945.127600000003,3202.9,68.28,Emi,2,False,Cancelled,9
ORD-03467,2024-02-13,CUST83168,Nisha Kapoor,30,Female,North,Chandigarh,Furniture,Wardrobe,1,34040.99,0.35,22126.6435,6731.99,44.0,Emi,2,False,Cancelled,7
ORD-00538,2020-08-25,CUST99927,Nikhil Kapoor,41,Female,Central,Raipur,Groceries,Flour,5,195.75,0.23,753.6375,70.85,48.01,Cash On Delivery,1,True,Returned,7
ORD-03768,2024-06-28,CUST05494,Rahul Kumar,42,Female,West,Pune,Clothing,Saree,9,419.53,0.09,3435.9507,2226.42,55.39,Emi,1,False,Delivered,6
ORD-02289,2022-09-20,CUST74884,Kavya Mishra,28,Other,East,Bhubaneswar,Electronics,Laptop,5,76773.58,0.12,337803.75200000004,45756.9,84.18,Upi,2,False,Delivered,5
ORD-00014,2020-01-05,CUST18131,Karan Sharma,52,Male,West,Surat,Clothing,Dress,3,471.05,0.16,1187.046,414.35,64.24,Cash On Delivery,2,False,Delivered,6
ORD-01682,2022-01-20,CUST60153,Meera Verma,3,Male,North,Chandigarh,Beauty,Sunscreen,3,790.57,0.33,1589.0457,752.09,45.71,Upi,1,False,Delivered,2
ORD-00741,2020-12-03,CUST07400,Arjun Pillai,39,Male,South,Chennai,Electronics,Smartwatch,5,17354.95,0.32,59006.829999999994,5443.79,87.73,Upi,3,False,Delivered,4
ORD-02977,2023-07-13,CUST30941,Amit Rao,36,Male,South,Kochi,Clothing,Dress,3,3416.07,0.14,8813.4606,6787.12,56.49,Cash On Delivery,4,False,Shipped,8
ORD-03387,2024-01-04,CUST28149,Sunita Kapoor,30,Female,West,Surat,Furniture,Bookshelf,6,20348.09,0.27,89124.6342,23773.69,74.42,Emi,2,False,Cancelled,1
ORD-01386,2021-09-18,CUST40254,Shreya Mehta,26,M,East,Bhubaneswar,Beauty,Sunscreen,9,1633.93,0.26,10881.9738,6165.22,62.78,Upi,4,False,Delivered,2
ORD-02844,2023-05-24,CUST72283,Aarav Reddy,48,Male,West,Mumbai,Furniture,Chair,2,16498.44,0.32,22437.878399999998,11294.07,57.11,Credit Card,4,False,Delivered,5
ORD-02404,2022-11-05,CUST20182,Kavya Joshi,33,M,West,Surat,Electronics,Laptop,4,6142.5,0.28,17690.399999999998,2596.19,76.47,Emi,5,False,Delivered,4
ORD-00335,2020-05-25,CUST11141,Aarav Chatterjee,45,Female,West,Pune,Clothing,Dress,2,2283.88,0.38,2832.0112,1108.5,35.32,Debit Card,4,True,Returned,5
ORD-02737,2023-03-30,CUST77328,Meera Pillai,34,Other,East,Bhubaneswar,Clothing,Dress,4,1407.93,0.05,5350.134,2389.35,107.41,Debit Card,5,False,Delivered,2
ORD-03496,2024-02-29,CUST72195,Rohan Kapoor,26,Female,West,Ahmedabad,Clothing,Dress,3,1849.16,0.24,4216.0848000000005,2118.33,38.42,Net Banking,2,False,Delivered,4
ORD-02990,2023-07-18,CUST58369,Aditya Kumar,25,Other,East,Patna,Beauty,Perfume,2,524.06,0.35,681.2779999999999,703.91,91.44,Cash On Delivery,5,False,Delivered,3
ORD-03398,2024-01-12,CUST65122,Rahul Mehta,27,Other,West,Mumbai,Groceries,Tea,8,381.64,0.15,2595.152,195.11,61.1,Net Banking,1,False,Shipped,1
ORD-03050,2023-08-12,CUST75754,Karan Das,48,Other,North,Chandigarh,Furniture,Sofa,5,2325.92,0.02,11397.008,4426.97,68.39,Cash On Delivery,1,False,Delivered,5
ORD-02236,2022-09-01,CUST58809,Rohan Iyer,34,F,South,Chennai,Beauty,Shampoo,9,1011.72,0.19,7375.4388,2925.83,96.59,Net Banking,1,False,Delivered,4
ORD-00942,2021-03-02,CUST93436,Rohan Bose,26,Other,West,Pune,Beauty,Sunscreen,10,1967.69,0.12,17315.672000000002,8446.34,29.78,Credit Card,4,False,Shipped,4
ORD-02948,2023-07-01,CUST47347,Deepa Mishra,36,Male,North,Chandigarh,Beauty,Hair Oil,9,384.12,0.06,3249.6551999999997,2559.12,26.49,Upi,3,False,Delivered,8
ORD-02278,2022-09-16,CUST26869,Aarav Mehta,28,Female,East,Bhubaneswar,Sports,Cycle,5,10621.22,0.03,51512.916999999994,13918.5,72.95,Credit Card,4,False,Pending,3
ORD-03932,2024-08-25,CUST12409,Sunita Iyer,45,Female,Central,Raipur,Furniture,Bookshelf,7,26483.31,0.19,150160.36770000003,59352.07,51.56,Debit Card,2,False,Delivered,8
ORD-01852,2022-03-30,CUST44543,Shreya Nair,21,Female,Central,Nagpur,Beauty,Shampoo,1,2086.47,0.4,1251.8819999999998,777.51,51.0,Emi,5,False,Shipped,6
ORD-04138,2024-12-04,CUST97139,Rohan Bhat,25,Male,Central,Nagpur,Books,Cook Book,1,395.88,0.05,376.08599999999996,152.9,52.45,Cash On Delivery,3,False,Delivered,5
ORD-02797,2023-04-28,CUST19934,Vikram Shah,37,Female,West,Surat,Groceries,Dal (1Kg),7,345.21,0.31,1667.3642999999997,210.23,60.08,Emi,4,False,Delivered,10
ORD-01887,2022-04-13,CUST32630,Vikram Shah,27,Male,Central,Raipur,Sports,Tennis Racket,8,10307.31,0.04,79160.1408,34280.73,65.12,Upi,4,False,Delivered,8
ORD-03660,2024-05-09,CUST42839,Ananya Pillai,24,Other,West,Pune,Furniture,Bookshelf,6,28581.8,0.38,106324.29599999999,46448.05,45.42,Cash On Delivery,3,False,Delivered,9
ORD-03616,2024-04-22,CUST58545,Pooja Das,33,Other,East,Kolkata,Furniture,Desk,9,14817.04,0.0,133353.36000000002,62640.08,83.25,Upi,2,False,Delivered,2
ORD-02398,2022-11-03,CUST32655,Shreya Gupta,23,Male,East,Kolkata,Clothing,Dress,1,978.49,0.12,861.0712,317.25,92.46,Emi,2,False,Delivered,2
ORD-02094,2022-07-10,CUST96963,Pooja Singh,28,Female,East,Kolkata,Sports,Football,8,3340.32,0.25,20041.920000000002,6012.3,87.45,Net Banking,3,False,Shipped,5
ORD-02157,2022-08-04,CUST68003,Rahul Iyer,31,Other,Central,Indore,Beauty,Sunscreen,10,1462.52,0.36,9360.128,8359.96,63.11,Credit Card,3,False,Cancelled,4
ORD-03690,2024-05-22,CUST65586,Aditya Rao,42,Other,Central,Bhopal,Electronics,Camera,1,44361.97,0.28,31940.6184,6985.15,30.74,Credit Card,4,False,Delivered,2
ORD-00030,2020-01-11,CUST05185,Sanjay Rao,35,Other,East,Kolkata,Books,Fiction Novel,2,1132.17,0.12,1992.6192,458.01,90.46,Upi,5,False,Cancelled,6
ORD-02670,2023-02-28,CUST97284,Priya Bose,39,Female,North,Ludhiana,Sports,Cricket Bat,3,12089.59,0.15,30828.454500000003,5345.08,42.62,Upi,5,False,Shipped,5
ORD-04157,2024-12-10,CUST48612,Nisha Bose,56,Male,South,Hyderabad,Furniture,Bookshelf,6,10501.71,0.38,39066.3612,13056.43,75.18,Credit Card,1,False,Cancelled,6
ORD-01108,2021-05-14,CUST42651,Amit Pillai,25,Female,West,Ahmedabad,Furniture,Chair,1,5140.19,0.1,4626.170999999999,1640.29,59.15,Emi,3,False,Delivered,4
ORD-00491,2020-08-04,CUST01461,Priya Kumar,28,Male,East,Patna,Sports,Dumbbells,10,9368.59,0.14,80569.874,23130.27,86.8,Net Banking,3,False,Delivered,2
ORD-00316,2020-05-18,CUST46191,Nisha Shah,19,Other,Central,Bhopal,Books,Comic Book,0,231.93,0.18,0.0,47.57,54.75,Emi,1,False,Delivered,6
ORD-01475,2021-10-25,CUST99554,Pooja Singh,34,Male,South,Bangalore,Groceries,Sugar,2,94.21,0.04,180.8832,12.72,51.52,Debit Card,3,False,Delivered,7
ORD-00382,2020-06-12,CUST28553,Nikhil Rao,25,M,North,Chandigarh,Books,Textbook,9,1096.64,0.38,6119.2512,2771.77,69.74,Debit Card,4,False,Cancelled,8
ORD-03812,2024-07-16,CUST84668,Aditya Kumar,15,Other,West,Mumbai,Beauty,Shampoo,5,162.51,0.02,796.299,494.7,66.88,Emi,3,False,Delivered,8
ORD-03596,2024-04-12,CUST47686,Ritu Das,49,Male,East,Kolkata,Electronics,Smartphone,9,64870.17,0.04,560478.2688,126890.46,83.98,Cash On Delivery,4,False,Pending,8
ORD-00446,2020-07-16,CUST01334,Nikhil Rao,22,Other,South,Chennai,Furniture,Desk,3,7359.98,0.26,16339.155599999998,4022.85,82.84,Credit Card,1,False,Delivered,8
ORD-02828,2023-05-15,CUST68781,Rahul Pillai,27,Male,South,Bangalore,Beauty,Face Cream,7,1149.53,0.19,6517.8351,7264.17,62.38,Cash On Delivery,4,False,Pending,2
ORD-04073,2024-10-30,CUST43498,Aarav Iyer,34,Female,Central,Nagpur,Beauty,Hair Oil,1,240.18,0.12,211.35840000000002,104.3,65.14,Credit Card,3,False,Delivered,7
ORD-00627,2020-10-08,CUST31310,Rahul Mehta,44,Other,Central,Indore,Books,Fiction Novel,10,571.76,0.34,3773.616,1315.18,66.48,Credit Card,3,False,Pending,4
ORD-01113,2021-05-17,CUST01886,Deepa Bose,38,Male,South,Chennai,Sports,Tennis Racket,6,13738.11,0.34,54402.91559999999,13685.23,96.34,Upi,4,True,Returned,4
ORD-01485,2021-10-28,CUST30209,Sanjay Iyer,48,Female,East,Patna,Clothing,Dress,5,3082.63,0.21,12176.388500000001,2611.62,79.57,Emi,4,False,Pending,7
ORD-02978,2023-07-14,CUST72850,Nikhil Kapoor,28,Male,North,Delhi,Sports,Football,4,10069.78,0.33,26987.0104,6733.75,81.56,Upi,2,False,Delivered,9
ORD-03196,2023-10-14,CUST46008,Sunita Shah,27,Other,West,Surat,Furniture,Sofa,6,28759.21,0.28,124239.7872,33781.29,54.72,Debit Card,1,False,Cancelled,5
ORD-03806,2024-07-12,CUST73502,Meera Gupta,34,Male,West,Mumbai,Clothing,Kurta,9,1781.89,0.21,12669.2379,4832.0,54.08,Emi,2,True,Returned,5
ORD-00012,2020-01-04,CUST61608,Karan Singh,21,Male,West,Ahmedabad,Electronics,Laptop,9,29868.65,0.32,182796.138,12480.5,51.76,Upi,1,False,Delivered,9
ORD-01974,2022-05-22,CUST96684,Rahul Pillai,25,F,South,Bangalore,Books,Self-Help Book,1,429.32,0.37,270.4716,193.26,89.48,Net Banking,3,False,Cancelled,9
ORD-01789,2022-03-04,CUST43962,Rohan Mishra,49,Male,Central,Indore,Clothing,Kurta,1,2434.6,0.04,2337.216,635.65,29.56,Emi,3,False,Delivered,1
ORD-02401,2022-11-04,CUST64655,Karan Chatterjee,21,Male,North,Chandigarh,Clothing,Kurta,9,3802.99,0.17,28408.335299999995,9516.59,50.21,Credit Card,1,False,Shipped,4
ORD-02701,2023-03-16,CUST61925,Rohan Rao,37,Other,West,Pune,Beauty,Hair Oil,3,2346.26,0.36,4504.819200000001,2771.99,60.72,Credit Card,1,False,Delivered,6
ORD-00774,2020-12-16,CUST03427,Vikram Kapoor,32,Other,West,Ahmedabad,Sports,Football,9,12132.54,0.37,68791.50180000001,9632.31,31.17,Credit Card,4,False,Shipped,5
ORD-00791,2020-12-27,CUST50607,Shreya Pillai,33,Male,Central,Indore,Furniture,Bed Frame,10,20725.97,0.06,194824.118,32970.37,54.51,Debit Card,5,False,Cancelled,5
ORD-02916,2023-06-14,CUST68649,Rahul Patel,20,Other,South,Chennai,Groceries,Dal (1Kg),8,246.15,0.21,1555.6680000000001,179.49,95.73,Net Banking,1,False,Delivered,2
ORD-03350,2023-12-20,CUST53832,Rahul Mehta,14,Female,North,Ludhiana,Clothing,Jeans,5,645.04,0.13,2805.924,643.44,51.85,Credit Card,5,False,Delivered,8
ORD-02122,2022-07-22,CUST58669,Ananya Rao,54,Other,East,Bhubaneswar,Beauty,Perfume,9,1933.74,0.4,10442.196,4077.16,88.26,Debit Card,4,False,Delivered,6
ORD-01554,2021-11-28,CUST42573,Amit Verma,32,Male,North,Ludhiana,Groceries,Flour,3,60.31,0.18,148.36260000000001,6.36,35.05,Credit Card,2,False,Delivered,2
ORD-02879,2023-06-02,CUST55177,Ananya Reddy,27,Other,East,Kolkata,Groceries,Sugar,6,386.8,0.21,1833.4320000000002,318.39,79.26,Emi,1,False,Shipped,5
ORD-01820,2022-03-15,CUST54684,Rohan Shah,25,Female,East,Guwahati,Furniture,Chair,9,28064.62,0.13,219745.9746,53977.66,65.04,Cash On Delivery,3,False,Delivered,5
ORD-02811,2023-05-04,CUST06279,Amit Joshi,35,Female,North,Ludhiana,Beauty,Lipstick,10,239.33,0.23,1842.8410000000001,780.04,61.7,Net Banking,4,False,Delivered,10
ORD-00592,2020-09-21,CUST72170,Arjun Iyer,34,Male,North,Amritsar,Groceries,Sugar,9,302.37,0.03,2639.6901,269.45,33.59,Emi,4,False,Shipped,6
ORD-01045,2021-04-19,CUST27554,Nikhil Reddy,27,Female,East,Bhubaneswar,Books,Textbook,8,1199.34,0.14,8251.4592,6783.73,76.89,Debit Card,2,True,Returned,7
ORD-04041,2024-10-19,CUST75620,Aarav Pillai,39,Female,East,Kolkata,Groceries,Dal (1Kg),6,287.91,0.05,1641.087,185.74,79.81,Net Banking,3,True,Returned,3
ORD-00245,2020-04-17,CUST17070,Aditya Kapoor,30,F,Central,Raipur,Groceries,Flour,4,368.44,0.05,1400.072,133.75,54.97,Credit Card,2,False,Delivered,2
ORD-01388,2021-09-19,CUST01168,Aarav Verma,30,Male,West,Surat,Furniture,Desk,7,9634.53,0.06,63395.2074,21356.74,42.02,Debit Card,3,False,Shipped,3
ORD-02023,2022-06-10,CUST72866,Vikram Mishra,41,Male,North,Amritsar,Sports,Tennis Racket,4,11418.62,0.21,36082.8392,11855.66,52.64,Cash On Delivery,2,False,Delivered,1
ORD-00060,2020-01-22,CUST06516,Pooja Das,41,Female,South,Bangalore,Sports,Cricket Bat,3,14511.24,0.0,43533.72,8351.78,63.58,Emi,3,False,Delivered,3
ORD-00177,2020-03-18,CUST74936,Aditya Sharma,49,Female,West,Mumbai,Clothing,Jacket,9,2298.37,0.0,20685.329999999998,7107.09,64.34,Debit Card,3,False,Delivered,2
ORD-00450,2020-07-17,CUST20483,Kavya Iyer,29,Other,South,Chennai,Furniture,Wardrobe,10,9945.43,0.24,75585.268,30233.13,76.34,Credit Card,3,False,Delivered,10
ORD-04082,2024-11-05,CUST72244,Aditya Patel,19,Female,East,Guwahati,Groceries,Cooking Oil,10,400.5,0.32,2723.3999999999996,174.53,55.61,Emi,4,False,Delivered,9
ORD-00056,2020-01-21,CUST85136,Sanjay Sharma,45,F,West,Pune,Sports,Football,6,1871.46,0.22,8758.4328,1811.03,62.59,Emi,3,True,Returned,9
ORD-03458,2024-02-08,CUST09746,Karan Pillai,25,M,South,Chennai,Clothing,Kurta,7,3147.97,0.13,19171.1373,10153.44,38.76,Emi,2,False,Cancelled,2
ORD-01769,2022-02-22,CUST64190,Karan Reddy,39,Male,East,Guwahati,Beauty,Face Cream,7,422.45,0.02,2898.007,759.36,39.41,Credit Card,3,False,Delivered,5
ORD-01738,2022-02-11,CUST50460,Amit Mehta,40,Female,East,Bhubaneswar,Books,Biography,5,1456.57,0.27,5316.4805,2312.44,71.9,Cash On Delivery,1,False,Cancelled,4
ORD-03241,2023-11-01,CUST36164,Nikhil Rao,23,Other,North,Delhi,Furniture,Desk,10,28349.81,0.14,243808.36600000004,59966.21,53.88,Debit Card,2,False,Delivered,2
